{
  "type": "FeatureCollection",
  "name": "av_export_temp.izfeotbl",
  "crs": {
    "type": "name",
    "properties": { "name": "urn:ogc:def:crs:OGC:1.3:CRS84" }
  },
  "features": [
    {
      "type": "Feature",
      "properties": { "navn": "AMK Finnmark", "lokalisering": "Kirkenes" },
      "geometry": {
        "type": "Polygon",
        "coordinates": [
          [
            [25.057606312845522, 71.141497408239331],
            [25.675221504080788, 71.185713010864021],
            [26.866085379911755, 71.157230966428628],
            [27.657660913220457, 71.134043467005441],
            [28.197376935124279, 71.10012720221809],
            [28.800115856851328, 70.959695382203634],
            [29.242822605165024, 70.854026434336234],
            [29.778706967080254, 70.762273962608077],
            [30.095330759894377, 70.706933330756854],
            [30.821535586688189, 70.496557460150399],
            [31.147348053476097, 70.398155917216855],
            [31.168466967015615, 70.387596553299289],
            [31.064318529671514, 70.289155886630738],
            [30.932746492874774, 70.028418804351276],
            [30.817651777795724, 69.794840101784359],
            [30.831520225369381, 69.781921268118111],
            [30.852869739136487, 69.769443690201015],
            [30.851308249629152, 69.760961121043351],
            [30.858382446859896, 69.763515763746611],
            [30.867323906995654, 69.758612373155472],
            [30.861354721347009, 69.753180566281074],
            [30.872600968164409, 69.755563083027056],
            [30.872718659470994, 69.741670540516594],
            [30.8903807140777, 69.737292414977588],
            [30.890488810489028, 69.719917495670202],
            [30.873742379590883, 69.715321919169611],
            [30.89387673277945, 69.704399908777617],
            [30.930104541183663, 69.684851674046755],
            [30.936609930857095, 69.687046570933575],
            [30.944875928567104, 69.683347737052102],
            [30.946513122919342, 69.674434352683718],
            [30.934460572130071, 69.676388243017655],
            [30.92301137960942, 69.669007415664055],
            [30.954538355734254, 69.632432053645957],
            [30.949601124048115, 69.601935102406898],
            [30.938555324056157, 69.596399219367086],
            [30.946567298799618, 69.576261008908133],
            [30.932635501243251, 69.559886781527155],
            [30.817622675429625, 69.52876705692357],
            [30.746160127487983, 69.533197096721494],
            [30.693473101920549, 69.538007852509054],
            [30.515976254144729, 69.540424104453265],
            [30.417730285945552, 69.589916303540974],
            [30.233774694346099, 69.650158293516739],
            [30.151661467040345, 69.66937301516495],
            [30.085324429340599, 69.658104382610944],
            [30.091287321790976, 69.642836315273527],
            [30.137807600061983, 69.643533102665913],
            [30.152597738408474, 69.609426699149907],
            [30.188423271937861, 69.568457711650211],
            [30.17670776375865, 69.537413666459543],
            [30.123086873132721, 69.517488407613769],
            [30.114304027251336, 69.481624883241864],
            [30.117251807513028, 69.469891526106551],
            [30.052705262519407, 69.436037397181693],
            [30.008794454814165, 69.415907937864063],
            [29.951045526699822, 69.405436421560609],
            [29.936222058165487, 69.406408714722374],
            [29.917088688069754, 69.418264419214367],
            [29.858053233045393, 69.423736370688815],
            [29.797003353664447, 69.406498282614265],
            [29.787798523752485, 69.397662224104721],
            [29.724426651496199, 69.389649149355662],
            [29.712943000721953, 69.38086646903632],
            [29.695084443069725, 69.363459526467565],
            [29.569407812643973, 69.317559283855203],
            [29.534736338915721, 69.317979366571109],
            [29.52276199390057, 69.329110808970711],
            [29.485817450716496, 69.322033011639419],
            [29.416188961559229, 69.318583946953865],
            [29.395961678206262, 69.323844046984163],
            [29.2884728989041, 69.296180988581156],
            [29.276576198990409, 69.258720296430269],
            [29.288277404568532, 69.246167654549126],
            [29.313154891284999, 69.237524195015467],
            [29.313494326525014, 69.228503061100412],
            [29.304666923453226, 69.209249494068175],
            [29.293822865590879, 69.206543684846096],
            [29.286145378383431, 69.175815899540339],
            [29.270541200630305, 69.165310950145496],
            [29.248616718504419, 69.161492286752079],
            [29.257931616350213, 69.153476076101256],
            [29.239532323695222, 69.13741179007252],
            [29.236074602530408, 69.11980737656593],
            [29.238464847625764, 69.116884385915341],
            [29.242261205384658, 69.11306239139725],
            [29.159731881137535, 69.067046488288412],
            [29.142384200396936, 69.063083708419896],
            [29.094500786261442, 69.039520875217832],
            [29.056677024809581, 69.015284373297504],
            [29.056743858756644, 69.015221612303947],
            [29.04151303351329, 69.010829179427986],
            [29.029559173444731, 69.01878386332406],
            [29.027007923757221, 69.020481362198652],
            [29.019929379101189, 69.025183870570544],
            [29.01852061765236, 69.025599602702101],
            [29.000822343511363, 69.03082339939877],
            [28.997157577171564, 69.031905595111269],
            [28.98955338073516, 69.034150988046449],
            [28.974093970066281, 69.038710927804289],
            [28.959993117671143, 69.042871858030566],
            [28.944951153631941, 69.047301313447562],
            [28.929293504262795, 69.051914762740736],
            [28.877588601158486, 69.069037297573516],
            [28.854577130567705, 69.076638808870356],
            [28.835370545060943, 69.090143580469942],
            [28.805430050691569, 69.111155893262762],
            [28.810205424082792, 69.122845077298379],
            [28.825462247550831, 69.160093867795922],
            [28.830312064871432, 69.171902014075542],
            [28.83072870302798, 69.18973754794925],
            [28.831539081434755, 69.224361718274096],
            [28.891049614959982, 69.250737578232091],
            [28.930853695772878, 69.268321026495556],
            [28.992957033350468, 69.296234637658756],
            [29.057814018833355, 69.325309825954122],
            [29.107736520698467, 69.347721947546688],
            [29.158151319009427, 69.370347557383184],
            [29.21933945989165, 69.397636209171779],
            [29.266414087466075, 69.430135509336253],
            [29.283698651690631, 69.442035948239962],
            [29.295041119610801, 69.449848816275903],
            [29.336495624737022, 69.478322704734637],
            [29.31581949999234, 69.498495481386144],
            [29.28939552830084, 69.524262862929945],
            [29.286889819396702, 69.526691883099829],
            [29.271213385448011, 69.541809257091472],
            [29.254922288701113, 69.557477701138453],
            [29.233238250234542, 69.578475950786355],
            [29.219939585149376, 69.591356920731599],
            [29.20336993036231, 69.607429258958575],
            [29.193633373997315, 69.616827001345456],
            [29.180226496357925, 69.629739957099829],
            [29.170536975309471, 69.639041454760886],
            [29.158192803653925, 69.658047090929841],
            [29.146248751077778, 69.676406020693776],
            [29.133909469528074, 69.695340418572343],
            [29.108778532500327, 69.699301604550925],
            [29.033076038820013, 69.711388831948838],
            [28.989936418379695, 69.718233144228364],
            [28.917003375923862, 69.729760533770474],
            [28.894408138012444, 69.733838969170989],
            [28.80156078281728, 69.750459212781948],
            [28.765458048371201, 69.756920029007574],
            [28.688589420303014, 69.770638788142733],
            [28.644449187623987, 69.778117125297626],
            [28.603596695279688, 69.785040324801528],
            [28.515224801857823, 69.800001333542539],
            [28.488852569590041, 69.804386889355058],
            [28.443900169984516, 69.811851438987873],
            [28.404225479500457, 69.818424971086273],
            [28.384043434345667, 69.826829170181256],
            [28.330476046106554, 69.849192570521126],
            [28.338406746480814, 69.866149677094413],
            [28.345067672843825, 69.880796945322103],
            [28.296497003865532, 69.891482459223525],
            [28.248819819435479, 69.901861288237711],
            [28.160712862924846, 69.920993647116319],
            [28.107089274118614, 69.948922498827343],
            [28.066347161257621, 69.97010303101905],
            [28.032465876423039, 69.98771540386835],
            [28.017879440832218, 69.995238465859401],
            [28.012615646854123, 69.998190592585217],
            [27.984285298081577, 70.013970682430326],
            [27.982414006110599, 70.028211563528785],
            [27.976994325490661, 70.054247531729374],
            [27.974456463019209, 70.059689500295008],
            [27.964658442872125, 70.08069388264731],
            [27.961006878735077, 70.088589048912155],
            [27.960436541588994, 70.089820970981918],
            [27.948290788145432, 70.091872293658142],
            [27.797692758812389, 70.077306322896547],
            [27.743791323466969, 70.064161214152392],
            [27.699972579693554, 70.075527043356203],
            [27.672102110021818, 70.077416435721574],
            [27.612460491054726, 70.074560265481068],
            [27.571591922047144, 70.063416288726984],
            [27.560473168096969, 70.060740213150979],
            [27.525989791086072, 70.023463854992713],
            [27.428559937906634, 70.019213457897266],
            [27.358212232746212, 69.991532882706153],
            [27.311922745695991, 69.990413385140158],
            [27.288792934960465, 69.984517839731993],
            [27.274716169309624, 69.975909485681441],
            [27.304240938970203, 69.960671686350878],
            [27.291772028038483, 69.952252226189401],
            [27.235310528723154, 69.948249844394809],
            [27.167177642876265, 69.934613870317804],
            [27.130835923016406, 69.932207738496231],
            [27.099937044809892, 69.917558047982283],
            [27.06216140012247, 69.917756291086278],
            [27.037496971851681, 69.910390751734084],
            [26.985954589260011, 69.935084807141081],
            [26.941057266526855, 69.939386325611068],
            [26.897765047031108, 69.932448693574258],
            [26.878300869210783, 69.933414907716696],
            [26.859523726126955, 69.940579962519323],
            [26.851293325142834, 69.96013488101417],
            [26.784759292850218, 69.958551122448128],
            [26.718073909055423, 69.944986540771865],
            [26.678691362619805, 69.964772301202828],
            [26.549628746804846, 69.947399065569584],
            [26.490489545636972, 69.945021532275064],
            [26.464350550655514, 69.939391899768211],
            [26.455094100425736, 69.918699211621814],
            [26.407538553327697, 69.901482047840375],
            [26.418215704445004, 69.88909308536914],
            [26.385938793405987, 69.855347005431213],
            [26.260407302793777, 69.819069083062288],
            [26.241287553146694, 69.814530408620413],
            [26.245788516102579, 69.79438355071386],
            [26.228886999065711, 69.792979989889901],
            [26.214909987882237, 69.779894370100365],
            [26.192442701974343, 69.777064461819819],
            [26.183416703894959, 69.760245908245736],
            [26.151183737016513, 69.756053192587075],
            [26.135618940037439, 69.73861475762223],
            [26.052232543927257, 69.720527734755848],
            [26.01417839857362, 69.723338642262462],
            [25.99930333155271, 69.719390070535127],
            [25.950537316079398, 69.696551750231535],
            [25.942653462624548, 69.684563593851209],
            [25.891493012397397, 69.66550330662443],
            [25.900913403911932, 69.657950959979871],
            [25.929358170381555, 69.655579879843103],
            [25.955299544475391, 69.64652751661238],
            [25.958956933573219, 69.620824128909064],
            [25.976720829326208, 69.610674981966284],
            [25.937492072320595, 69.572532251042702],
            [25.874222164798141, 69.553578684301598],
            [25.841463474750778, 69.551013011766656],
            [25.839945561062873, 69.542979937812717],
            [25.872258588988736, 69.531578039597278],
            [25.877040489140509, 69.522195140552526],
            [25.846357338916643, 69.492541902107391],
            [25.86442804181706, 69.475324562147819],
            [25.834902088089517, 69.468196418689331],
            [25.825694225390908, 69.448490368777044],
            [25.806557890463694, 69.434856606067356],
            [25.809343019257078, 69.426393661565839],
            [25.793039701124769, 69.420909001394662],
            [25.821961955519313, 69.416108925348809],
            [25.80908724012022, 69.409068383432142],
            [25.812879282252926, 69.405227990272778],
            [25.831847482962651, 69.406822982230665],
            [25.843568988599561, 69.398350192717245],
            [25.846101613561633, 69.393248084526931],
            [25.834229240111519, 69.390415482044375],
            [25.812120695928169, 69.375194071277136],
            [25.818516386657329, 69.360730422903131],
            [25.795872043237555, 69.356944976933477],
            [25.783551032619688, 69.355201244535507],
            [25.777008085349923, 69.343915296354155],
            [25.759379558353121, 69.340379321298187],
            [25.758950913607318, 69.327303108635434],
            [25.7377665582347, 69.310577538002974],
            [25.747908188188589, 69.304524434604346],
            [25.735439094148568, 69.29616755355751],
            [25.747536445807839, 69.286785844429644],
            [25.743153702285767, 69.276926130387452],
            [25.729188535099247, 69.27214343575028],
            [25.720955007039336, 69.257471663572048],
            [25.702041941116228, 69.253662698775685],
            [25.713328631463149, 69.211588341170128],
            [25.694510410397314, 69.204527476500857],
            [25.693021467275475, 69.196744369623687],
            [25.727441673274335, 69.160110857194709],
            [25.743509587471216, 69.138787848770519],
            [25.720129502767431, 69.109732270039856],
            [25.731409718735755, 69.103772075573275],
            [25.724290847016171, 69.079602816290148],
            [25.752393331171195, 69.058044441123855],
            [25.750305747391852, 69.032511553108435],
            [25.77013362907346, 69.028879600666983],
            [25.77744091647903, 69.018280205218488],
            [25.762014993937598, 69.003857681284074],
            [25.745378728857229, 69.000044043774466],
            [25.712407691637935, 68.980625280671504],
            [25.713608995077994, 68.966873825981111],
            [25.69327078187473, 68.952364694099344],
            [25.654230330147922, 68.905874073097522],
            [25.635660304541734, 68.90263803424682],
            [25.628144908958376, 68.893305171698572],
            [25.600328729940305, 68.884872797943615],
            [25.534085285635971, 68.887379664703232],
            [25.481194766360534, 68.905074834586955],
            [25.397710719978768, 68.889585603076412],
            [25.396963909327003, 68.885185437779455],
            [25.267701832904422, 68.850989224844852],
            [25.238615210169069, 68.839146656189612],
            [25.218350383364232, 68.82117764067128],
            [25.196902247130691, 68.809730157957972],
            [25.157126640707222, 68.799893005803341],
            [25.123600492952772, 68.750046616702846],
            [25.123036396146365, 68.730759282259555],
            [25.123272654648837, 68.728102135875361],
            [25.130962365973797, 68.714897240361424],
            [25.111524962308152, 68.702519436563549],
            [25.113389714291216, 68.690840307881587],
            [25.112560611758465, 68.688986086416818],
            [25.108370121155261, 68.677801017552],
            [25.108299275996153, 68.677578023802724],
            [25.11117263119074, 68.676180299494433],
            [25.111019911595811, 68.676031391852788],
            [25.111021432434413, 68.674171711650217],
            [25.111027346798636, 68.673971114463129],
            [25.111894176799382, 68.670611610225649],
            [25.112465265156239, 68.669538761854668],
            [25.113610881903796, 68.667805572926369],
            [25.114502728303005, 68.666247225440941],
            [25.114288758994949, 68.665529342902474],
            [25.114174980941108, 68.665431252677593],
            [25.113858870587709, 68.664281417190537],
            [25.113577450098276, 68.663809865435653],
            [25.113731060880255, 68.663670918522527],
            [25.119237519231177, 68.642802512843346],
            [25.087202852999184, 68.631363570492198],
            [25.08645812877192, 68.629630388934544],
            [25.086226405001646, 68.628036866221308],
            [25.078379335683323, 68.626382102441084],
            [25.08029230277663, 68.625326444942544],
            [25.071365400513617, 68.622401600895799],
            [25.069595428651887, 68.620941668583654],
            [25.058375927718043, 68.622086202650905],
            [25.057923622583917, 68.622256429272383],
            [25.050908557877776, 68.625668988320442],
            [25.021095551154797, 68.623652420648725],
            [25.015791143781197, 68.616384196203782],
            [25.015068111344583, 68.615445401178519],
            [25.006823985477403, 68.614316119738504],
            [25.000371095739368, 68.613057460137796],
            [24.992868364547817, 68.613046501848345],
            [24.985463802149702, 68.614104150059518],
            [24.981460554891498, 68.616437740397402],
            [24.980214076544932, 68.617213671047395],
            [24.972356735148498, 68.616766436517452],
            [24.964504022861369, 68.616010835689892],
            [24.957439005490517, 68.617053294390232],
            [24.952054701644414, 68.61516735212119],
            [24.947550617949979, 68.613730902332151],
            [24.936889919085008, 68.611915474861121],
            [24.935760840527887, 68.611502215629017],
            [24.932516188630316, 68.609920266905192],
            [24.930882136462785, 68.609688130513547],
            [24.925844519997856, 68.607631280151907],
            [24.9233131260122, 68.606564341564734],
            [24.91692407296744, 68.605246602815072],
            [24.91681064102762, 68.604991620463338],
            [24.906566409012186, 68.581905483612076],
            [24.9059578105296, 68.57710334352727],
            [24.905085430610235, 68.570017232242435],
            [24.903165687691867, 68.554591842505033],
            [24.857166054903381, 68.562209857129318],
            [24.828548420321464, 68.59125134063386],
            [24.812742109806734, 68.607279079204517],
            [24.80115299852519, 68.618764664322228],
            [24.798580565586917, 68.621303633829186],
            [24.793153743477767, 68.626655838751617],
            [24.783424666962507, 68.636234591992917],
            [24.716417835034211, 68.653764664122093],
            [24.671568181231152, 68.665449722694319],
            [24.608387948465666, 68.681901602866077],
            [24.576057915500908, 68.685978319328754],
            [24.50916109262463, 68.694365890752152],
            [24.492560151768867, 68.696451257098417],
            [24.467630268477315, 68.69956655048621],
            [24.432378260773916, 68.703290740552958],
            [24.401058969983666, 68.706687771575147],
            [24.326899460853433, 68.714700492315103],
            [24.302260042118714, 68.717350262937572],
            [24.277783119735322, 68.722032436540715],
            [24.250964687116419, 68.727132051073653],
            [24.222150323930759, 68.739331204968977],
            [24.208049490614403, 68.745307596686388],
            [24.177054382267411, 68.749972398360555],
            [24.171567999106529, 68.750798574602996],
            [24.152962191591715, 68.753591046596455],
            [24.158551052527471, 68.789709613086771],
            [24.075591593470829, 68.779966850449966],
            [24.014729858108055, 68.81109771381638],
            [23.983330828763805, 68.827143427230794],
            [23.949364983231199, 68.829998783947985],
            [23.871460729822175, 68.836519150985538],
            [23.813853065718156, 68.825949365587192],
            [23.775391560870716, 68.818851274024695],
            [23.753836024335932, 68.785759202372006],
            [23.743393810169472, 68.769722967550479],
            [23.731063427348015, 68.750751371952234],
            [23.673520265082004, 68.705521332085283],
            [23.589506321325029, 68.700745114375721],
            [23.545826451057348, 68.698245354229712],
            [23.440635570038683, 68.692163488149475],
            [23.389736049251265, 68.680974700823526],
            [23.363753407726865, 68.675225323592173],
            [23.339888172675128, 68.669541974791812],
            [23.317861467032017, 68.664290375235964],
            [23.312753881210021, 68.663073980668855],
            [23.235115833324372, 68.644545812742948],
            [23.220799141935572, 68.641153350372733],
            [23.167582270204573, 68.628518898021866],
            [23.101913340437637, 68.661257712642623],
            [23.067298847210903, 68.678632810074859],
            [23.054442355374565, 68.685081259740073],
            [23.045952267682068, 68.689343536813695],
            [23.010621176024699, 68.689111172246768],
            [22.955077921835336, 68.688723370184974],
            [22.874728221878986, 68.688128327594001],
            [22.800824148243681, 68.687548129159339],
            [22.745293953387016, 68.698584701568706],
            [22.715133744081964, 68.704556724297078],
            [22.69979274067671, 68.707595893112796],
            [22.685963589016843, 68.710326611958052],
            [22.677990354190012, 68.711899039490291],
            [22.657695520633485, 68.715899668988797],
            [22.635450209780966, 68.720261074446768],
            [22.605766728858296, 68.726120922563226],
            [22.593286673393031, 68.729386371815025],
            [22.535389409272643, 68.744512635014132],
            [22.434329467479483, 68.727046432720698],
            [22.40474383714179, 68.721914006400837],
            [22.374521945301392, 68.716666533709287],
            [22.364186759661919, 68.751603779253088],
            [22.353715809003681, 68.78703092444681],
            [22.347910391931315, 68.804936817098778],
            [22.340780699893561, 68.827225651450149],
            [22.264997300016422, 68.873906193956245],
            [22.258951684246007, 68.877621962062761],
            [22.191867979465041, 68.918773652640112],
            [22.187389712182185, 68.929254808119381],
            [22.175762500386622, 68.956324352133166],
            [22.161826269833902, 68.96483661015418],
            [22.090686013522436, 69.0079980156125],
            [22.0530305124399, 69.030884693227847],
            [22.024554685062459, 69.048139367372443],
            [22.007396157823919, 69.058518096377099],
            [21.983608726226876, 69.072893584810728],
            [22.318875583638352, 69.07960482668544],
            [22.413025111277999, 69.102227120097425],
            [22.478641843812561, 69.109926573413517],
            [22.500722429234656, 69.125999613596278],
            [22.494490093003211, 69.143088079883327],
            [22.528936710515218, 69.161496802063056],
            [22.516287727739634, 69.177676977935278],
            [22.533016519375671, 69.202676674905177],
            [22.529813220228021, 69.238309416389015],
            [22.508800581103937, 69.261235371263297],
            [22.482585157929467, 69.266720079840198],
            [22.399348766194862, 69.328169345402429],
            [22.365614612018174, 69.362804515411398],
            [22.327771096546574, 69.367952416963419],
            [22.325335749360349, 69.396136609328451],
            [22.287168930707374, 69.429167358880107],
            [22.301825246759876, 69.452722526744878],
            [22.273198972147831, 69.470429159871244],
            [22.279301447521959, 69.48229964777785],
            [22.380555983854229, 69.486556927314624],
            [22.510679732501849, 69.513419777815812],
            [22.633766407205179, 69.519028346022694],
            [22.722013419609237, 69.508479219246823],
            [22.703250251034177, 69.542180493420844],
            [22.743313712912226, 69.549908309893908],
            [22.744096886942827, 69.560348298794963],
            [22.770893887342577, 69.580130803646654],
            [22.777267000605661, 69.60675754112296],
            [22.846809221651839, 69.621467258830222],
            [22.89447570549628, 69.647397006900576],
            [22.834830869586551, 69.667236965212794],
            [22.755104545849736, 69.64545646129875],
            [22.570422589920462, 69.69699632554881],
            [22.537656308342708, 69.721908715661087],
            [22.555139577014611, 69.747866744395836],
            [22.536229670148053, 69.769560213264242],
            [22.451478449607357, 69.790708106674188],
            [22.488193136111686, 69.819194435073783],
            [22.546645399910801, 69.846032975303245],
            [22.531776156260928, 69.860797188263973],
            [22.477506753099874, 69.86309194517554],
            [22.448577192667521, 69.873361402074266],
            [22.526751354058529, 69.901046335107381],
            [22.497195457452133, 69.918787435887282],
            [22.43858776714255, 69.926645915772852],
            [22.402731675525512, 69.924452328092343],
            [22.282098928295426, 69.945627733852334],
            [22.243240412794982, 69.960893230738861],
            [22.247616824355664, 69.976097472972853],
            [22.185958000525691, 70.01109911472409],
            [22.187215695306072, 70.026361532956898],
            [22.217169913605098, 70.038674030920404],
            [22.205429404775785, 70.064683273511065],
            [22.170187345051378, 70.064458098357932],
            [22.105636801558433, 70.126126178033687],
            [22.128876987660252, 70.138819110564427],
            [22.119254229730863, 70.170478545547226],
            [22.081534818464114, 70.17159111771636],
            [22.006268248178841, 70.163025604849693],
            [21.964816906309753, 70.149298741245161],
            [21.913500781950489, 70.158328749033188],
            [21.912995734407172, 70.142116576649229],
            [21.869613447789241, 70.129978928234763],
            [21.87647907997626, 70.111373533194666],
            [21.829204551127294, 70.100803760553092],
            [21.788919046460325, 70.117716344087569],
            [21.721390504600304, 70.123052802991381],
            [21.712132699148963, 70.129207159219419],
            [21.721015557809753, 70.14069094888761],
            [21.692465811889395, 70.14422536525953],
            [21.679878286367757, 70.148672326137074],
            [21.685656433833255, 70.151520792395516],
            [21.662838652165703, 70.153068244756795],
            [21.652757366266464, 70.16292691691136],
            [21.627167007391929, 70.166294184587073],
            [21.608518455423852, 70.178721323625737],
            [21.628579232534452, 70.189478582708531],
            [21.568884012858643, 70.195269128811191],
            [21.53986801525236, 70.19253850156845],
            [21.526702660697705, 70.183001692923852],
            [21.505571050161095, 70.181980545736693],
            [21.491201037971081, 70.18595087004627],
            [21.479149271273439, 70.19212649309631],
            [21.424985111405572, 70.182817402177122],
            [21.420251920476247, 70.193097412385342],
            [21.322717826880016, 70.20217567874586],
            [21.2569671057303, 70.218844557368385],
            [21.006624619870408, 70.23751000863993],
            [20.693610304700616, 70.517524171183652],
            [21.384408801388378, 70.603144942729685],
            [21.97973341243199, 70.674260014123931],
            [22.642341021736989, 70.823379016729589],
            [23.57279179346347, 71.017242357905602],
            [23.976246886200538, 71.097669154995685],
            [24.719224389410286, 71.116313838372903],
            [25.057606312845522, 71.141497408239331]
          ]
        ]
      }
    },
    {
      "type": "Feature",
      "properties": { "navn": "AMK Tromsø", "lokalisering": "Tromsø" },
      "geometry": {
        "type": "Polygon",
        "coordinates": [
          [
            [18.285266896365858, 70.054508300515508],
            [18.642633917952473, 70.22442908772156],
            [19.079395697264356, 70.303896048498942],
            [20.577895377451021, 70.502852127606971],
            [20.693610304700616, 70.517524171183652],
            [21.006624619870408, 70.23751000863993],
            [21.2569671057303, 70.218844557368385],
            [21.322717826880016, 70.20217567874586],
            [21.420251920476247, 70.193097412385342],
            [21.424985111405572, 70.182817402177122],
            [21.479149271273439, 70.19212649309631],
            [21.491201037971081, 70.18595087004627],
            [21.505571050161095, 70.181980545736693],
            [21.526702660697705, 70.183001692923852],
            [21.53986801525236, 70.19253850156845],
            [21.568884012858643, 70.195269128811191],
            [21.628579232534452, 70.189478582708531],
            [21.608518455423852, 70.178721323625737],
            [21.627167007391929, 70.166294184587073],
            [21.652757366266464, 70.16292691691136],
            [21.662838652165703, 70.153068244756795],
            [21.685656433833255, 70.151520792395516],
            [21.679878286367757, 70.148672326137074],
            [21.692465811889395, 70.14422536525953],
            [21.721015557809753, 70.14069094888761],
            [21.712132699148963, 70.129207159219419],
            [21.721390504600304, 70.123052802991381],
            [21.788919046460325, 70.117716344087569],
            [21.829204551127294, 70.100803760553092],
            [21.87647907997626, 70.111373533194666],
            [21.869613447789241, 70.129978928234763],
            [21.912995734407172, 70.142116576649229],
            [21.913500781950489, 70.158328749033188],
            [21.964816906309753, 70.149298741245161],
            [22.006268248178841, 70.163025604849693],
            [22.081534818464114, 70.17159111771636],
            [22.119254229730863, 70.170478545547226],
            [22.128876987660252, 70.138819110564427],
            [22.105636801558433, 70.126126178033687],
            [22.170187345051378, 70.064458098357932],
            [22.205429404775785, 70.064683273511065],
            [22.217169913605098, 70.038674030920404],
            [22.187215695306072, 70.026361532956898],
            [22.185958000525691, 70.01109911472409],
            [22.247616824355664, 69.976097472972853],
            [22.243240412794982, 69.960893230738861],
            [22.282098928295426, 69.945627733852334],
            [22.402731675525512, 69.924452328092343],
            [22.43858776714255, 69.926645915772852],
            [22.497195457452133, 69.918787435887282],
            [22.526751354058529, 69.901046335107381],
            [22.448577192667521, 69.873361402074266],
            [22.477506753099874, 69.86309194517554],
            [22.531776156260928, 69.860797188263973],
            [22.546645399910801, 69.846032975303245],
            [22.488193136111686, 69.819194435073783],
            [22.451478449607357, 69.790708106674188],
            [22.536229670148053, 69.769560213264242],
            [22.555139577014611, 69.747866744395836],
            [22.537656308342708, 69.721908715661087],
            [22.570422589920462, 69.69699632554881],
            [22.755104545849736, 69.64545646129875],
            [22.834830869586551, 69.667236965212794],
            [22.89447570549628, 69.647397006900576],
            [22.846809221651839, 69.621467258830222],
            [22.777267000605661, 69.60675754112296],
            [22.770893887342577, 69.580130803646654],
            [22.744096886942827, 69.560348298794963],
            [22.743313712912226, 69.549908309893908],
            [22.703250251034177, 69.542180493420844],
            [22.722013419609237, 69.508479219246823],
            [22.633766407205179, 69.519028346022694],
            [22.510679732501849, 69.513419777815812],
            [22.380555983854229, 69.486556927314624],
            [22.279301447521959, 69.48229964777785],
            [22.273198972147831, 69.470429159871244],
            [22.301825246759876, 69.452722526744878],
            [22.287168930707374, 69.429167358880107],
            [22.325335749360349, 69.396136609328451],
            [22.327771096546574, 69.367952416963419],
            [22.365614612018174, 69.362804515411398],
            [22.399348766194862, 69.328169345402429],
            [22.482585157929467, 69.266720079840198],
            [22.508800581103937, 69.261235371263297],
            [22.529813220228021, 69.238309416389015],
            [22.533016519375671, 69.202676674905177],
            [22.516287727739634, 69.177676977935278],
            [22.528936710515218, 69.161496802063056],
            [22.494490093003211, 69.143088079883327],
            [22.500722429234656, 69.125999613596278],
            [22.478641843812561, 69.109926573413517],
            [22.413025111277999, 69.102227120097425],
            [22.318875583638352, 69.07960482668544],
            [21.983608726226876, 69.072893584810728],
            [21.976657134284761, 69.076519863045775],
            [21.938016193119481, 69.096642172844142],
            [21.901947692991786, 69.115380927100873],
            [21.846399657790244, 69.144159181622996],
            [21.80729522818827, 69.166561405670208],
            [21.789550840997499, 69.176710445959927],
            [21.769291376262451, 69.188286539972481],
            [21.723341550576134, 69.214489694473698],
            [21.694242795426167, 69.233269326336284],
            [21.681783005587654, 69.241295911037739],
            [21.65913965848862, 69.255921828680357],
            [21.627086221697784, 69.276588273739492],
            [21.586045333036779, 69.280579571193471],
            [21.555282926011952, 69.283573363969012],
            [21.510542925752961, 69.287914514937953],
            [21.441655024409052, 69.294558875887645],
            [21.365653906399263, 69.302625601057571],
            [21.278820849679416, 69.311884136742378],
            [21.265006227405191, 69.30802854501033],
            [21.208024754372349, 69.292115010023664],
            [21.09616993679715, 69.260911972470581],
            [21.032050133953906, 69.234308554548633],
            [21.026310013837161, 69.231923468393333],
            [21.003313490433655, 69.222338182316761],
            [21.002031506793472, 69.219867104213364],
            [20.995656482602485, 69.207562713655719],
            [20.987575170459078, 69.191927366954985],
            [21.009234773683591, 69.172768454656648],
            [21.031800277306008, 69.15277458429064],
            [21.046733620136148, 69.139521097754269],
            [21.055625415894291, 69.122085287146419],
            [21.108675084862345, 69.103929159275282],
            [21.080169254363543, 69.066334949251598],
            [21.057543946322319, 69.036289670793323],
            [20.9885671681185, 69.052983396062217],
            [20.888466032951154, 69.077115895157263],
            [20.881199716669109, 69.078860792174282],
            [20.834560215380456, 69.09054867701289],
            [20.761948101034982, 69.10867626799083],
            [20.749825338919656, 69.111698335729145],
            [20.743040836184555, 69.113412261447436],
            [20.717322264478671, 69.119791210825099],
            [20.706185641283696, 69.11578100149211],
            [20.699246273544968, 69.113281342997865],
            [20.667489291978942, 69.101828954816682],
            [20.653557160334394, 69.096790730658682],
            [20.641543881075119, 69.092446989668062],
            [20.631929509918862, 69.088964625935688],
            [20.618983274120097, 69.084270968724667],
            [20.593664956420966, 69.075090385043481],
            [20.552327464237777, 69.060076798206879],
            [20.548647300360749, 69.059973622298301],
            [20.46890949825784, 69.057635313866484],
            [20.440207023345522, 69.056788479131825],
            [20.303082514046032, 69.052657614345009],
            [20.194241317909135, 69.049611454556612],
            [20.143215436247001, 69.048157339376672],
            [20.060047202147228, 69.045757809107116],
            [20.108363902024518, 69.021924557216053],
            [20.130778293898107, 69.01057616320152],
            [20.188292037707328, 68.981346771049644],
            [20.237872559247851, 68.956074841046501],
            [20.262906632739504, 68.944763982233795],
            [20.306589550385496, 68.926182350712409],
            [20.309406739646342, 68.913132932965965],
            [20.313731208144542, 68.893128686010812],
            [20.321853730498447, 68.855604995006829],
            [20.32925237850646, 68.827466520955028],
            [20.335873056848389, 68.802314451538649],
            [20.316277916271378, 68.782773303602625],
            [20.300984978435508, 68.7675755355083],
            [20.273850857634315, 68.740268792117106],
            [20.246680253890595, 68.711856723796672],
            [20.216299344511135, 68.680023293211178],
            [20.202834994079954, 68.665923843663379],
            [20.161406912607717, 68.645387944293162],
            [20.08365340483904, 68.606739273249687],
            [20.05224693179057, 68.591070439299429],
            [19.991600145905981, 68.573586197723088],
            [19.937503990757278, 68.557941796536042],
            [20.001720619020151, 68.538246776475575],
            [20.02588440674095, 68.53081393769699],
            [20.066644458309259, 68.522724431623217],
            [20.140574974522895, 68.508018692744187],
            [20.226543808176217, 68.490814388411636],
            [20.154213934294997, 68.461539094325417],
            [20.110573545582888, 68.443819867478439],
            [20.070355544605061, 68.426983624086361],
            [20.01122294603655, 68.402160840180798],
            [19.977956445895924, 68.388155493453013],
            [19.954537247987759, 68.374850911155036],
            [19.921397091945877, 68.356013802969883],
            [19.824909787774082, 68.373166233650508],
            [19.780951210629727, 68.380951124157491],
            [19.707592516416501, 68.393914370910522],
            [19.653141725242175, 68.403291957535572],
            [19.554090811532269, 68.420287393135183],
            [19.500851151744108, 68.429378003724295],
            [19.449347622351063, 68.438246995167262],
            [19.352331643115907, 68.454685442833181],
            [19.268690163024122, 68.468908501016045],
            [19.231537868703377, 68.475154903329781],
            [19.13997081837767, 68.490676618938849],
            [19.091133721036208, 68.498919512645145],
            [19.031964076369743, 68.508861643428503],
            [18.983802149426225, 68.516963237332121],
            [18.90196652122572, 68.51480530433011],
            [18.829632538537719, 68.512876514377112],
            [18.740312948318525, 68.510449575237487],
            [18.684955085520524, 68.508506635492424],
            [18.621223955596001, 68.506957647398679],
            [18.552598533103144, 68.532783649121086],
            [18.485534386101474, 68.556485424203515],
            [18.438807568102103, 68.571356617510872],
            [18.405689293718375, 68.581877512911987],
            [18.331874360851408, 68.569788190956189],
            [18.299921369864126, 68.564542389246839],
            [18.226357469140677, 68.552727667487247],
            [18.125923576593628, 68.53651470757535],
            [18.12031559924624, 68.504579200795206],
            [18.117739628025308, 68.489807804524546],
            [18.112813342642248, 68.46533177072169],
            [18.110671253418371, 68.454542608734954],
            [18.105880037892753, 68.430709489283984],
            [18.103283805968964, 68.418150910822817],
            [18.101091513432863, 68.406042999938663],
            [18.107606160606576, 68.374193218535027],
            [18.11461787909316, 68.340525412166571],
            [18.122898785154835, 68.309262001390692],
            [18.126881758363872, 68.294449863690176],
            [18.133447654052411, 68.268624549205924],
            [18.135748394651262, 68.259811850480958],
            [18.138889460861826, 68.24901792655784],
            [18.144037043050076, 68.22822573800029],
            [18.151354895183847, 68.1987893553204],
            [18.139086973093232, 68.187214355541101],
            [18.125344435065909, 68.174235501915618],
            [18.095805662899345, 68.146157627865264],
            [18.062347729587298, 68.116998753154107],
            [18.052329076898506, 68.108221125970545],
            [18.034646100513847, 68.092286449279541],
            [18.014677624649277, 68.074115196333878],
            [17.99375301530759, 68.05512427955955],
            [17.973765016305592, 68.036961832648998],
            [17.953715784975344, 68.018692656182822],
            [17.920204484915121, 67.988087657737452],
            [17.899762665031897, 67.969370375535348],
            [17.848469808547144, 67.984481235345967],
            [17.789772751651643, 68.001723419067744],
            [17.712258276849774, 68.024479891165129],
            [17.664746373795893, 68.038379326105911],
            [17.599239280215428, 68.052512022292774],
            [17.545899132935279, 68.063993397208023],
            [17.495376156048295, 68.07483475844603],
            [17.440619007728483, 68.086065772660845],
            [17.403695464448656, 68.093674190325387],
            [17.354802493572446, 68.103685601370884],
            [17.352312425660937, 68.104213577775354],
            [17.281524478786984, 68.118814560965447],
            [17.25263262244566, 68.101578495327772],
            [17.208698156115503, 68.070477454066747],
            [17.180507609216473, 68.050459411325193],
            [17.110728678143285, 68.03040502947033],
            [17.047238874543446, 68.012111114477563],
            [17.014591176123439, 68.002451564478577],
            [16.953716404937243, 67.984409665570752],
            [16.929849425404996, 67.9773221473354],
            [16.90787182494056, 67.970020622556703],
            [16.83338588495544, 67.945218185288496],
            [16.786054329696768, 67.929910791780074],
            [16.738120161385897, 67.914210423984088],
            [16.724729624886667, 67.894025181850978],
            [16.703583504187133, 67.861901605438973],
            [16.692427968288257, 67.844936872532429],
            [16.67892792035012, 67.824422336633205],
            [16.652833105377816, 67.787899741944571],
            [16.63791511816202, 67.767013039980739],
            [16.617561081390871, 67.736211743908484],
            [16.601013428869582, 67.71106453866112],
            [16.580517381320476, 67.680009755227005],
            [16.556285010152724, 67.647192739984973],
            [16.523955153672805, 67.660992161606572],
            [16.522009806842981, 67.676881639900614],
            [16.487221513808436, 67.699587529079722],
            [16.448019539634483, 67.688582219637212],
            [16.394695105577107, 67.699077387657439],
            [16.409209098988271, 67.705977308883789],
            [16.402994725732487, 67.715863732456242],
            [16.339560463993262, 67.741238508990477],
            [16.368225513644649, 67.749954266899522],
            [16.333779395412897, 67.752760095187412],
            [16.299847272641149, 67.773532772851425],
            [16.278916014054055, 67.762062192206614],
            [16.250421972281487, 67.762856911027299],
            [16.223733663880921, 67.756994466875071],
            [16.20300869547475, 67.759139887072394],
            [16.195882611100274, 67.776344625879418],
            [16.175783415794761, 67.787578395684449],
            [16.17749551889808, 67.807956757335148],
            [16.142326516613512, 67.844304227152605],
            [16.116334006869316, 67.849892615876954],
            [16.090491076518909, 67.866581378154436],
            [16.052902795503883, 67.874371069679341],
            [16.058431639071465, 67.890805422231438],
            [16.093767204918144, 67.904998499146757],
            [16.069564202594922, 67.952279727625552],
            [16.073813850681265, 67.964676188849907],
            [16.075549711584088, 67.967598206643913],
            [16.102559413292983, 67.961346513253389],
            [16.107135097448484, 67.968151363875364],
            [16.21073096422144, 67.99675763725125],
            [16.167299921275188, 68.02906264261452],
            [16.109227882802564, 68.056122486777241],
            [16.173294633782401, 68.147210185292224],
            [16.189127573020855, 68.176422548559742],
            [16.071019887279792, 68.285324703158366],
            [15.90142864409861, 68.315032481626901],
            [15.81459019434072, 68.287494099350738],
            [15.794571654411554, 68.24821401076683],
            [15.352843184172379, 68.204802159256957],
            [15.217407974026404, 68.174988027775726],
            [15.177457237951391, 68.213961669043812],
            [15.163790410192821, 68.261063444771978],
            [15.189862798796872, 68.283368705759017],
            [15.125967241181755, 68.290245759991279],
            [15.260183862371761, 68.333859155736292],
            [15.272002094470398, 68.347921678872282],
            [15.240031985844839, 68.355911327192175],
            [15.173627317056006, 68.348504492926608],
            [15.145382986082067, 68.352406074464341],
            [15.131271208302319, 68.369440832401011],
            [15.160126663629946, 68.383197698970378],
            [15.193026101244493, 68.399328193980693],
            [15.228271639490586, 68.394476445551859],
            [15.239961126874032, 68.404478393124762],
            [15.266758083625332, 68.407917758941011],
            [15.282836775927448, 68.416340104675157],
            [15.279271129700087, 68.431422883902115],
            [15.300464439056407, 68.439610713635972],
            [15.315755882333594, 68.439788869745485],
            [15.32038981593166, 68.446748940193473],
            [15.365888072488433, 68.451732189140714],
            [15.413571353095353, 68.444293605586111],
            [15.428322362948098, 68.447915899958943],
            [15.442854178262925, 68.456317975047781],
            [15.4375501125777, 68.465955659398119],
            [15.425765707734115, 68.475412413505182],
            [15.407385102575919, 68.477323524764941],
            [15.428905919123219, 68.490319742601471],
            [15.405574473546267, 68.493489981659309],
            [15.427869629922519, 68.502708533293188],
            [15.403647014695249, 68.526509273446166],
            [15.419781448125461, 68.531940786540972],
            [15.435459924314928, 68.526053146749618],
            [15.451838427480556, 68.526189282309645],
            [15.469001509922526, 68.539326634924763],
            [15.505699214676458, 68.536403986612441],
            [15.55544612332316, 68.545718279463031],
            [15.589023592545226, 68.534033893236426],
            [15.616085508371093, 68.54313022570399],
            [15.608397858805331, 68.563248991163974],
            [15.593161708245152, 68.570308228314218],
            [15.614637789573038, 68.576267362885389],
            [15.632895160092184, 68.575562908573502],
            [15.667490333053454, 68.586470302296362],
            [15.674234256695584, 68.596919301935202],
            [15.645455039276582, 68.632579154448607],
            [15.665136850520284, 68.633029189893278],
            [15.701034046698158, 68.648391458395622],
            [15.736253791030611, 68.640886798763205],
            [15.764771671513815, 68.647568499922031],
            [15.804110782505864, 68.676594066124281],
            [15.777461416608208, 68.686884370578426],
            [15.792652627909549, 68.701254243010354],
            [15.784054988286274, 68.709277782323127],
            [15.816284001332344, 68.710329837745448],
            [15.880159324327382, 68.709088466785943],
            [15.893003560484946, 68.718618369687121],
            [15.890275342598997, 68.727602081987442],
            [15.936933906983727, 68.73082523818195],
            [15.958434902640532, 68.740492549154126],
            [15.963807773252672, 68.737524654751795],
            [15.972427535441589, 68.750186471642891],
            [16.045701672755904, 68.757838024417822],
            [16.024027233938465, 68.813671152153873],
            [15.938634257230618, 68.811473676536764],
            [15.930781073959869, 68.825239945098787],
            [15.947271883193791, 68.851249560317925],
            [16.001605860108619, 68.882869390493852],
            [16.026460204373581, 68.909270905269409],
            [16.112257954919485, 68.931605272849325],
            [16.052313556806439, 69.008629472955292],
            [16.120090022288327, 69.049840892214561],
            [16.312621892342055, 69.165922512058415],
            [16.432505098810751, 69.312597760134665],
            [16.517643411035369, 69.415512206215183],
            [16.512446044096556, 69.419122410656527],
            [16.826504232437433, 69.47138124096945],
            [16.944988806028707, 69.490883986964462],
            [17.482026074461817, 69.601018884810614],
            [17.664222002413492, 69.715500663420215],
            [17.931614190526673, 69.880949746546747],
            [18.285266896365858, 70.054508300515508]
          ]
        ]
      }
    },
    {
      "type": "Feature",
      "properties": {
        "navn": "AMK Møre og Romsdal",
        "lokalisering": "Ålesund"
      },
      "geometry": {
        "type": "Polygon",
        "coordinates": [
          [
            [5.656104105156394, 62.529188977594039],
            [5.95625464639097, 62.674557488283916],
            [6.197940520800902, 62.786781654820658],
            [6.259595131278888, 62.8151128983638],
            [6.600755931406622, 62.931624695055191],
            [6.756417712452281, 62.984117936806335],
            [7.060212198277043, 63.085835018514885],
            [7.156160581078074, 63.11765210062034],
            [7.215087836598187, 63.154334697558049],
            [7.326151951042353, 63.223162274878966],
            [7.466104411211162, 63.309318373074682],
            [7.729288207358429, 63.469621783948533],
            [7.822878787802929, 63.537624452019308],
            [8.008960883862127, 63.64929366339161],
            [8.108649305202633, 63.598149204175186],
            [8.240532260705205, 63.422093689500116],
            [8.34293348909747, 63.359413575751539],
            [8.43390868098068, 63.38870323657779],
            [8.742726099687289, 63.447480502681586],
            [8.755097479977309, 63.424353170852434],
            [8.755314987002897, 63.424168337368258],
            [8.755367068965828, 63.424079020309023],
            [8.755768691250836, 63.423585124425564],
            [8.755821414748816, 63.423476290400167],
            [8.755959459192219, 63.423331205951058],
            [8.75601776593863, 63.423224418032042],
            [8.756024122568634, 63.423158495875093],
            [8.756008392342103, 63.423124660861987],
            [8.756023720587836, 63.423027787939354],
            [8.756202521898963, 63.422892145912577],
            [8.756244925049353, 63.422853563673051],
            [8.756272287884585, 63.422788112009229],
            [8.756184021778809, 63.422707143589875],
            [8.756160774275813, 63.422670907469538],
            [8.75619236574588, 63.42257780983433],
            [8.756245672142363, 63.422516918087794],
            [8.756306552221579, 63.422499591499339],
            [8.756320724975115, 63.422461392992766],
            [8.756287660039115, 63.422357805189726],
            [8.756406357406483, 63.422303112448866],
            [8.756547525495217, 63.422205360841922],
            [8.756524781669993, 63.42206187458725],
            [8.756530346793337, 63.421993125619395],
            [8.756561805016091, 63.421939292244254],
            [8.756671451843172, 63.421836736230375],
            [8.756729406222217, 63.421811625401737],
            [8.756828377118353, 63.421787411751623],
            [8.756833748266196, 63.421740721212181],
            [8.756709882847231, 63.421729797531],
            [8.756666553143495, 63.421707272391757],
            [8.756774902382917, 63.421595922763181],
            [8.756817713460444, 63.42148917605423],
            [8.75689499677633, 63.421401323698873],
            [8.756991259104392, 63.42121090397071],
            [8.757076127372413, 63.421123293960093],
            [8.757134813374565, 63.421122443659726],
            [8.757333688307876, 63.421186643055471],
            [8.757514131751076, 63.421135466576061],
            [8.757611872486653, 63.421125159253243],
            [8.757635644213059, 63.421112960989731],
            [8.757645439918631, 63.421038633079519],
            [8.757715497246569, 63.421001352659331],
            [8.757837417927005, 63.42096868702572],
            [8.757850966583744, 63.4209296504878],
            [8.757815350937118, 63.42089665549846],
            [8.757853957015334, 63.420872677841388],
            [8.757857369840746, 63.420841393355296],
            [8.757822593980316, 63.42080086937856],
            [8.757812154738497, 63.420770418896652],
            [8.757870541026803, 63.420748839326144],
            [8.75784763498382, 63.420725768531462],
            [8.757711059575271, 63.420679161654263],
            [8.75770884510621, 63.420645108602372],
            [8.757754184358923, 63.420626199738258],
            [8.757827043694581, 63.420612910377379],
            [8.757838813202884, 63.420584784281203],
            [8.757767401066612, 63.420522389088056],
            [8.757767958913888, 63.420472875616163],
            [8.757834373463284, 63.420382294858008],
            [8.757829787497977, 63.420248611695513],
            [8.758141629464745, 63.419907677416887],
            [8.758174205836719, 63.419868033685582],
            [8.758188781558557, 63.419831654159076],
            [8.758179990406866, 63.419763266857714],
            [8.758204985217921, 63.41973256795405],
            [8.758327761881235, 63.419651752757062],
            [8.758510608300387, 63.41941270697567],
            [8.758688915573579, 63.41922759352093],
            [8.758813986574419, 63.41913625044397],
            [8.759117829080639, 63.418833693850168],
            [8.759330963353566, 63.418668570076093],
            [8.759299813167852, 63.418473287008617],
            [8.759466572841827, 63.418359451739285],
            [8.759650325078644, 63.418146564714959],
            [8.759688233284102, 63.418070496422246],
            [8.759768029757229, 63.418028147870629],
            [8.759988204009817, 63.417806768755426],
            [8.760144921971666, 63.41771681147587],
            [8.760178009153895, 63.417624139383172],
            [8.760209333149508, 63.41758191857155],
            [8.760404090883821, 63.417455798905578],
            [8.760464932524359, 63.41736857601289],
            [8.760476346909615, 63.417220462816566],
            [8.760558182701194, 63.417140194316431],
            [8.760499615811906, 63.41705026176853],
            [8.760504638268712, 63.417027244102123],
            [8.760688562643123, 63.41690929616523],
            [8.760881526952769, 63.416824529059113],
            [8.760938189392263, 63.416790533651721],
            [8.761071231740345, 63.4166644116547],
            [8.76124843724514, 63.416553284218473],
            [8.761371866828426, 63.416504380009002],
            [8.761392496203065, 63.416469706637606],
            [8.761336110555588, 63.416418599514948],
            [8.761318729127629, 63.416345332879082],
            [8.761365463822209, 63.416268390075722],
            [8.761458214432205, 63.416190580890095],
            [8.76154833752696, 63.416056633923532],
            [8.761612838165041, 63.415982090570353],
            [8.761746998232558, 63.4159060952285],
            [8.76203830172536, 63.415865264751936],
            [8.762465619941684, 63.415861554915558],
            [8.762536620748456, 63.415845660296426],
            [8.762604293732736, 63.415821063387398],
            [8.762709896634147, 63.415746968860006],
            [8.76285729651361, 63.415616700826654],
            [8.762933978712134, 63.415523145700632],
            [8.762943203649156, 63.415425555306896],
            [8.763012897476214, 63.415331784161317],
            [8.76300295689412, 63.415282441657531],
            [8.762913747883719, 63.415147755227579],
            [8.762954259672401, 63.415073511817603],
            [8.762937364381665, 63.414939020271262],
            [8.76306629307058, 63.414909089991333],
            [8.765635128339172, 63.414312467222771],
            [8.768257067621619, 63.41370956908969],
            [8.769753116640457, 63.413366483491501],
            [8.773133974671513, 63.411980603150802],
            [8.775270013104896, 63.411105231844793],
            [8.776548504998129, 63.410577841385297],
            [8.78603748738275, 63.406685204131911],
            [8.789244052066755, 63.405866905385857],
            [8.789246852540302, 63.405866036825735],
            [8.803166256760157, 63.402313372056994],
            [8.80308804079643, 63.401402750526387],
            [8.803080718434062, 63.401315970132266],
            [8.800982732184099, 63.389891463059413],
            [8.800763407673214, 63.389658910186057],
            [8.800713255700915, 63.389653123032801],
            [8.800605601813691, 63.389661583075032],
            [8.800493429760998, 63.389653814747227],
            [8.800382952901119, 63.389628017213653],
            [8.799890518179216, 63.389468856405259],
            [8.799703918442694, 63.389424611117057],
            [8.79953395175615, 63.389397211791795],
            [8.798979546814937, 63.388990191696855],
            [8.797931182011153, 63.388262537937592],
            [8.797908894405353, 63.388234727338599],
            [8.797915363589803, 63.388127922304164],
            [8.797989898461857, 63.388017418830856],
            [8.797980395814781, 63.387925949264101],
            [8.797811834152727, 63.387730818154381],
            [8.797725432333088, 63.387559622189613],
            [8.797670578958297, 63.387504183371703],
            [8.79754961532935, 63.387307163435004],
            [8.797411488698881, 63.387014196809439],
            [8.797281451397053, 63.386866496802682],
            [8.797111512229984, 63.386732458473517],
            [8.797007936651976, 63.38663130421476],
            [8.796910115232388, 63.386496176043387],
            [8.796886905142955, 63.386396633388941],
            [8.796806736549867, 63.386254168756821],
            [8.796817338003773, 63.386165376625335],
            [8.796786980055396, 63.385994100932649],
            [8.79673562394969, 63.385892880976286],
            [8.796672960675053, 63.385700202581177],
            [8.796672204172905, 63.385649012765931],
            [8.796756528762137, 63.385530380597991],
            [8.796750122459642, 63.385367174027309],
            [8.796763765435916, 63.385335705669988],
            [8.796640838947713, 63.385197861576273],
            [8.796509141126013, 63.385155193785486],
            [8.796448880056907, 63.385127528703691],
            [8.796400167345752, 63.385086406987462],
            [8.79637950845753, 63.385035340220497],
            [8.796495943980712, 63.384996464551243],
            [8.796535657159183, 63.384754750484859],
            [8.796548993289884, 63.384721917800675],
            [8.796614072321651, 63.384706021377156],
            [8.79676084529785, 63.384618842344622],
            [8.796836259539351, 63.384516303677806],
            [8.796880072621088, 63.384365013320412],
            [8.796836322136311, 63.384328791419485],
            [8.796833203563326, 63.384278309229067],
            [8.796869892567146, 63.384129320206469],
            [8.79692518442616, 63.38404923114328],
            [8.796942971804665, 63.383936524861184],
            [8.796918900073308, 63.383899359516583],
            [8.796925152157902, 63.383786150382427],
            [8.796913256017223, 63.383670528948045],
            [8.79687746970435, 63.383581786154672],
            [8.796920135783514, 63.383441343683877],
            [8.796901340772568, 63.383408551333659],
            [8.796846520442532, 63.383369685260469],
            [8.796513777744892, 63.383266285307805],
            [8.796444567881684, 63.383234537300574],
            [8.796272948807768, 63.383098172285941],
            [8.796136020468088, 63.383047259999636],
            [8.795839344541376, 63.382840415033364],
            [8.795718926941609, 63.382780945485173],
            [8.795729050186443, 63.382704561484928],
            [8.795695937793885, 63.382629444568863],
            [8.795796359398413, 63.382539345079856],
            [8.795979843065837, 63.382285436472394],
            [8.796099320561753, 63.382190763805163],
            [8.796126274571165, 63.382145105260584],
            [8.796124205632136, 63.382049005866634],
            [8.796213938954995, 63.381976723352508],
            [8.796229272711317, 63.381932809780324],
            [8.796194851624808, 63.381899876372763],
            [8.796228091093916, 63.381848367457501],
            [8.797708048399945, 63.379545444027428],
            [8.798643675094521, 63.378093405471063],
            [8.798698626024088, 63.376706553704537],
            [8.798904290683295, 63.371501318086338],
            [8.806239673409832, 63.371299966805218],
            [8.81644541868604, 63.371008511505757],
            [8.821448105491138, 63.370871309282975],
            [8.823214981862167, 63.371306847728356],
            [8.824189429030765, 63.371547021831887],
            [8.825850086727508, 63.371959000514586],
            [8.825936559368417, 63.371936725652851],
            [8.828192926881423, 63.371357102273976],
            [8.831186858202216, 63.370589052397222],
            [8.833049168595052, 63.370107998253118],
            [8.837103531631334, 63.36906995855604],
            [8.839924481094197, 63.368345399847243],
            [8.845316579316293, 63.366959619301376],
            [8.848710337646283, 63.366084248016918],
            [8.856690350422802, 63.367155988795091],
            [8.856701073489889, 63.367157442551608],
            [8.867884065875097, 63.370754880869463],
            [8.87072368576772, 63.36583242664851],
            [8.870827958390246, 63.365651581963192],
            [8.870902325035845, 63.3656077765189],
            [8.871066555794281, 63.365450498612503],
            [8.871357839543137, 63.365244120250999],
            [8.871470920091218, 63.365120570932291],
            [8.871665349038347, 63.364947752957704],
            [8.871801335500466, 63.364870939380332],
            [8.871865448066679, 63.364802826620085],
            [8.871921302969925, 63.364695453396344],
            [8.872087107202677, 63.364524193544526],
            [8.872194338018272, 63.364449563000214],
            [8.87244550803867, 63.364341598292249],
            [8.872589821049649, 63.36425208455578],
            [8.872898624343772, 63.36411003877592],
            [8.873304137403263, 63.363890926756682],
            [8.873470764200771, 63.363766440707998],
            [8.873787912922992, 63.36346796364996],
            [8.873836270684134, 63.363427539605993],
            [8.87396014841798, 63.363355696320632],
            [8.874065000408615, 63.363313742922244],
            [8.874301558106833, 63.363242159515046],
            [8.874735485175762, 63.363134047181177],
            [8.87482129295439, 63.363108924284589],
            [8.874901089371654, 63.363071564911202],
            [8.875137768955636, 63.362903624720893],
            [8.879814722542223, 63.360310950418494],
            [8.881336501596024, 63.359466950505357],
            [8.88257474491477, 63.358782027895202],
            [8.885488524637418, 63.357170156850039],
            [8.886274066230637, 63.356740412972215],
            [8.8868392580289, 63.356427901748788],
            [8.892114595802921, 63.353511290500748],
            [8.906294028568485, 63.355760755840571],
            [8.911064978610476, 63.356501555179925],
            [8.910614776538775, 63.355915934448397],
            [8.907723332170118, 63.352524505283355],
            [8.906964117452947, 63.351631874471174],
            [8.906266025200077, 63.350857576460534],
            [8.905660619131694, 63.35014830283307],
            [8.904581632098164, 63.348833464930195],
            [8.901649510366365, 63.348135261488011],
            [8.897687814198429, 63.347196848749931],
            [8.896890263105556, 63.347012314273719],
            [8.895538832166652, 63.346686293217772],
            [8.894186899052201, 63.346364649440311],
            [8.892328799165256, 63.345922457651334],
            [8.88816435779944, 63.344942809604078],
            [8.886023622708944, 63.344436416254254],
            [8.885000952676497, 63.344194218768621],
            [8.882590805342971, 63.343623408446341],
            [8.882563321106696, 63.343603764278527],
            [8.882563177281531, 63.343581874478538],
            [8.882469169974872, 63.339901022036315],
            [8.882365219445925, 63.336222622825687],
            [8.870122874528843, 63.329878994841344],
            [8.86832412518069, 63.327787259555407],
            [8.86507991309885, 63.324012772634504],
            [8.863131136660401, 63.321745250913317],
            [8.865395773376884, 63.315979393562785],
            [8.864816320603707, 63.307954718692798],
            [8.864652694739172, 63.306100115335582],
            [8.864501665199425, 63.304101242480591],
            [8.864621025354586, 63.303382695089624],
            [8.864760475206692, 63.302531550173839],
            [8.865095970879278, 63.300507678291304],
            [8.865245402597809, 63.299600228769819],
            [8.865685528262942, 63.29693930777664],
            [8.865973653456964, 63.295212743055096],
            [8.858862129068134, 63.293041021754647],
            [8.849306470962565, 63.290122442211008],
            [8.845667660901, 63.287522676325885],
            [8.837690921501917, 63.281821971802891],
            [8.8331679660213, 63.278587940111173],
            [8.830190384483979, 63.276461860011651],
            [8.829103899375978, 63.275684399624204],
            [8.82505238591968, 63.272791259305983],
            [8.824849185128857, 63.272643180529215],
            [8.819200057885704, 63.268608289175965],
            [8.816953374386623, 63.267007429174804],
            [8.81574866310206, 63.266126432102062],
            [8.817002272560865, 63.265162918131701],
            [8.817165258320225, 63.264983052018231],
            [8.821247176877002, 63.260477220427731],
            [8.821272935195552, 63.260414938756355],
            [8.824060931344906, 63.253702467471506],
            [8.827908572873566, 63.244248443016858],
            [8.828893060968722, 63.243892234057888],
            [8.831363498905381, 63.242977724741458],
            [8.847827822617814, 63.236846865512511],
            [8.854243185671612, 63.234464528408616],
            [8.86269417445518, 63.231325525384285],
            [8.86247392553552, 63.22862397945277],
            [8.86242755399922, 63.228114855638886],
            [8.861660463446499, 63.21969382056389],
            [8.846723772267811, 63.216907879445422],
            [8.837638911166033, 63.215203836755691],
            [8.837280674734595, 63.214380683493332],
            [8.833863096616017, 63.206092475831241],
            [8.83324775354836, 63.204613547625662],
            [8.833021856258874, 63.204070372357101],
            [8.83219561558343, 63.201996317804081],
            [8.832187574855604, 63.20197606419152],
            [8.833267813875391, 63.198838284351076],
            [8.81904078972458, 63.194772904009376],
            [8.76241514861518, 63.189827957674481],
            [8.672151050294273, 63.187300160317307],
            [8.602388490896288, 63.176676621364145],
            [8.570545298629314, 63.171814032205504],
            [8.569061671190591, 63.171587232898524],
            [8.532375427218904, 63.16226954147934],
            [8.482864588780027, 63.149669585646478],
            [8.475666311850642, 63.149558133636674],
            [8.387535243238519, 63.14816461104077],
            [8.375063141739279, 63.147962757984573],
            [8.368996186186898, 63.147864167609292],
            [8.33321859715978, 63.157956071166133],
            [8.316920615626151, 63.157160437079106],
            [8.263456135743104, 63.15453665163534],
            [8.227994964060752, 63.150952824976713],
            [8.19576640485321, 63.147687431650027],
            [8.17527037574515, 63.145606470290105],
            [8.150059793635165, 63.143042283050256],
            [8.132462990368218, 63.137971489709031],
            [8.10266458151715, 63.129376146236822],
            [8.114497510867716, 63.1210044995861],
            [8.15065869252491, 63.095384492338631],
            [8.17328794079021, 63.064029260273898],
            [8.202958268544489, 63.022805242645532],
            [8.243706084482348, 63.012084195772879],
            [8.2575994657113, 63.020463566926836],
            [8.257931270180993, 63.020706823369217],
            [8.258074239258944, 63.020858490452007],
            [8.2581405254512, 63.020904560499467],
            [8.258292299779258, 63.020971214003708],
            [8.258550430479769, 63.021131005381264],
            [8.258683999635128, 63.021269334518735],
            [8.258871073925301, 63.021393371302011],
            [8.258975460817803, 63.021480466721883],
            [8.2591875002138, 63.021718438878914],
            [8.259386619417681, 63.021848728775396],
            [8.259638829075154, 63.021985343660319],
            [8.259860952471243, 63.022173870040064],
            [8.260146664928774, 63.022330291192517],
            [8.260306139727327, 63.022439937644627],
            [8.260814451767196, 63.022722992058142],
            [8.261007502879476, 63.022847851998854],
            [8.26134852905837, 63.023009619883439],
            [8.261864645623099, 63.023325847017375],
            [8.26194342857023, 63.023377108734429],
            [8.262096632816403, 63.023556656737448],
            [8.262185412874009, 63.023621283665648],
            [8.262220460481528, 63.023682349348704],
            [8.262342940161684, 63.02372912185772],
            [8.262552066582661, 63.023778686299124],
            [8.262650691506927, 63.023811971154032],
            [8.262772810480826, 63.023873145276575],
            [8.263066144406903, 63.024083275167051],
            [8.263160587105244, 63.02417313550729],
            [8.263263003601342, 63.024242288874127],
            [8.26361381797544, 63.024417585772369],
            [8.263846508860603, 63.024511893066816],
            [8.264138502601289, 63.024603718227823],
            [8.264499250639794, 63.02474046542595],
            [8.265004168130371, 63.024901496966592],
            [8.265694745566854, 63.025085009386942],
            [8.266180378993834, 63.025192304077926],
            [8.266574851193578, 63.025294879575036],
            [8.267182763537328, 63.025397650864932],
            [8.267494806269339, 63.02543383114137],
            [8.267593407300177, 63.025433856717967],
            [8.273774872337535, 63.025913131896239],
            [8.283503387447206, 63.030300181322076],
            [8.287627960673779, 63.03270515077444],
            [8.291116646788616, 63.034739060913495],
            [8.296818802100391, 63.038062480058251],
            [8.315387848238094, 63.042202601314649],
            [8.328597599012669, 63.045145692349855],
            [8.330555317102849, 63.043631520597316],
            [8.338329132767498, 63.035533417213543],
            [8.346683739138514, 63.039150089367752],
            [8.346682994906796, 63.039179340440718],
            [8.346637407040976, 63.039224136575378],
            [8.346504834797292, 63.039298618457735],
            [8.346469247437886, 63.039331811691547],
            [8.346409697314563, 63.039434971673003],
            [8.346277264059065, 63.039493239897809],
            [8.346172389414143, 63.039581103960622],
            [8.346053936888849, 63.039628587838962],
            [8.345806582156719, 63.03965998397581],
            [8.345361720053612, 63.039902017363808],
            [8.345169662033131, 63.040043796567744],
            [8.345136113022269, 63.040097541113568],
            [8.345149831716519, 63.040245611338143],
            [8.345208559460946, 63.040451946050837],
            [8.345218463199489, 63.040505759671909],
            [8.345130956167919, 63.040782055451977],
            [8.345111293200944, 63.040831499482451],
            [8.345081455090913, 63.040867306827003],
            [8.345045961424704, 63.040887077626159],
            [8.344903535380588, 63.040930004689216],
            [8.344864049750315, 63.040952470544489],
            [8.344848142352934, 63.040981185982815],
            [8.3447654335459, 63.041019903716069],
            [8.356025948156654, 63.043045049307949],
            [8.362125183271869, 63.045996657385544],
            [8.362326991933669, 63.046069146003184],
            [8.368756215183678, 63.048374737740374],
            [8.369794965533847, 63.048742576254483],
            [8.380503901275938, 63.052534247964878],
            [8.389014266638048, 63.053531906953083],
            [8.402801088633316, 63.056876516676191],
            [8.403965622004165, 63.05636332602019],
            [8.404110669384982, 63.056277301803298],
            [8.406972370491683, 63.054249591952065],
            [8.407087188848465, 63.0541934184347],
            [8.407269718950857, 63.054118875427555],
            [8.425172483628129, 63.046739298665102],
            [8.429727861093578, 63.049243408215155],
            [8.429765490968133, 63.049263993057878],
            [8.430074243481627, 63.049362985703311],
            [8.436978364667146, 63.051573848562391],
            [8.437015603608369, 63.057048358609769],
            [8.437022417023925, 63.057260684984044],
            [8.437069103205394, 63.058684662381346],
            [8.437162194992272, 63.061519809416112],
            [8.437203963307004, 63.063489123576254],
            [8.43721376385961, 63.065545340209688],
            [8.446944128177412, 63.069749125857264],
            [8.450038459544425, 63.071085479514025],
            [8.450720198860102, 63.0713799505683],
            [8.453975817430971, 63.072785771372807],
            [8.453893494181228, 63.073022969298741],
            [8.453667245381583, 63.073777420954393],
            [8.454414105604831, 63.073935147114923],
            [8.458379534761644, 63.074772542130134],
            [8.458714712720374, 63.074831689254431],
            [8.468845102322419, 63.076981380643026],
            [8.480131376470698, 63.07936209269873],
            [8.481498386670925, 63.07965039527113],
            [8.489442591983209, 63.07164402839328],
            [8.492112724419265, 63.068952616626333],
            [8.492886025903791, 63.068190847136506],
            [8.49393112168236, 63.06665858783883],
            [8.494244337647309, 63.066189038410108],
            [8.494858803328782, 63.065298759106845],
            [8.497360173261606, 63.061660440209806],
            [8.497428883811285, 63.061504409308824],
            [8.501988069283595, 63.048970961192374],
            [8.502041768991354, 63.048990914057647],
            [8.509175356213433, 63.051636482462996],
            [8.517795396720755, 63.05483206025766],
            [8.526033804970663, 63.057885113415011],
            [8.534440068847305, 63.057147339548628],
            [8.547066340975652, 63.056038150521942],
            [8.553640337129703, 63.061603481551195],
            [8.560857680464025, 63.062585519852021],
            [8.569126832380382, 63.063709983012004],
            [8.575360042986821, 63.064557375592209],
            [8.579709174214418, 63.064619234852174],
            [8.592690421173847, 63.064802981677289],
            [8.599613921085444, 63.066238599612511],
            [8.60934664359965, 63.068256036254631],
            [8.613699876136142, 63.069158026618368],
            [8.614888274320949, 63.069404313314081],
            [8.622301677837607, 63.070940001321517],
            [8.632950876987225, 63.068645482334738],
            [8.6329867189799, 63.068637821214907],
            [8.633060833578149, 63.068650353572025],
            [8.641140490014509, 63.070018979075421],
            [8.647691528699507, 63.072535921903032],
            [8.652572275945618, 63.064175861959427],
            [8.65947154257162, 63.066037749467547],
            [8.665605108574086, 63.067699968549348],
            [8.666936021134665, 63.068060023700433],
            [8.673525099023795, 63.069843016816407],
            [8.680155065027257, 63.071613184002807],
            [8.680831397255648, 63.071749938718668],
            [8.688717018392115, 63.073399250374081],
            [8.69273848935512, 63.075787836592561],
            [8.696142182315011, 63.077647704082494],
            [8.702400778493978, 63.081102351718002],
            [8.704163116635625, 63.081948297394256],
            [8.705072442160445, 63.08239643074652],
            [8.705949153744326, 63.082828331220149],
            [8.7059840115872, 63.082831596692735],
            [8.708428159406658, 63.083120149024474],
            [8.721264907696733, 63.085424074211453],
            [8.734803876769305, 63.094497183933747],
            [8.738788654611058, 63.095016895039798],
            [8.747845890187197, 63.098609036084284],
            [8.752936186357953, 63.100084245413683],
            [8.76425194833706, 63.103362576919459],
            [8.777264417262439, 63.107130949169068],
            [8.772732518942798, 63.111312375600569],
            [8.774660441862427, 63.114101491851372],
            [8.77757172974103, 63.114910536056406],
            [8.783096507989912, 63.116445616439329],
            [8.785530517251178, 63.118066678494806],
            [8.792612890329249, 63.122782203873165],
            [8.796303985858192, 63.123305154286896],
            [8.807152642672738, 63.126617360734912],
            [8.811069351956034, 63.126607336273096],
            [8.814280786022483, 63.126477630029058],
            [8.816740123913547, 63.126423209209818],
            [8.818710846928086, 63.125950836470956],
            [8.819257629458773, 63.125812724577465],
            [8.820968986866664, 63.12590564766483],
            [8.822682259515993, 63.125989627188346],
            [8.824343170265749, 63.125945031696098],
            [8.826063215198005, 63.125902999688421],
            [8.827142525648975, 63.125878088192742],
            [8.833560716084982, 63.126098241826803],
            [8.838945721694612, 63.123762288952307],
            [8.841096397778701, 63.122829064200957],
            [8.842473757790058, 63.122231458495698],
            [8.844702562406813, 63.122192367964637],
            [8.845436756541282, 63.122179579826707],
            [8.847216869109134, 63.122148379556634],
            [8.847516710425758, 63.122016076118868],
            [8.852030693658985, 63.12002496594868],
            [8.856493600394794, 63.118055917194894],
            [8.856724392254295, 63.117816398019833],
            [8.857971373785647, 63.116522156212731],
            [8.859475237990903, 63.114987447229133],
            [8.860144089430268, 63.114320000583213],
            [8.862623588893941, 63.114944817601426],
            [8.863012456621217, 63.115046899743838],
            [8.863240566009114, 63.115090126800006],
            [8.863421101531358, 63.115142004510417],
            [8.863735566324111, 63.115254542401708],
            [8.864046739600935, 63.115327221246496],
            [8.864256722957686, 63.115402530510849],
            [8.864380637826539, 63.11543816977472],
            [8.864856166808426, 63.115515190507956],
            [8.865128003376254, 63.115567967486356],
            [8.865221349423074, 63.115599577220685],
            [8.865361466677593, 63.115681758098084],
            [8.865445351642963, 63.115721422361297],
            [8.865679345419148, 63.115778229104237],
            [8.865968768463951, 63.115862567297206],
            [8.866643457587022, 63.116033239918586],
            [8.867161749948885, 63.11614038622227],
            [8.867933058628312, 63.11635171817008],
            [8.868187719014946, 63.116416171431609],
            [8.868615706469042, 63.116496159126555],
            [8.868986708305949, 63.116591684711224],
            [8.869145012537045, 63.116657539492373],
            [8.869281373599106, 63.11666354492781],
            [8.869350703834396, 63.1166855544596],
            [8.869371024798593, 63.116714533738296],
            [8.869453690559745, 63.116729917138933],
            [8.869561158907027, 63.116732417543211],
            [8.869629837001336, 63.11675845119953],
            [8.869812204309694, 63.116788605718497],
            [8.869868942258639, 63.11681655286953],
            [8.86991973420791, 63.116825600306868],
            [8.869964578762135, 63.116847718180004],
            [8.870057528990257, 63.116865258370709],
            [8.870081057027082, 63.116889423494946],
            [8.870144725081445, 63.116914699228005],
            [8.870182944021291, 63.116921129920335],
            [8.870336812383078, 63.116894212365928],
            [8.870380983854515, 63.116898829869328],
            [8.870580503000676, 63.116957915035435],
            [8.870661507550041, 63.116998081324574],
            [8.870766024192239, 63.117037105888798],
            [8.871090490106408, 63.117043342257801],
            [8.871146589692893, 63.117048927073817],
            [8.871443620899035, 63.117136915158149],
            [8.871531407082871, 63.117149727549943],
            [8.871780861571036, 63.117224754909877],
            [8.872026200800146, 63.117263760787111],
            [8.872156951049112, 63.117254930869514],
            [8.872345895430501, 63.117275640983387],
            [8.872381068391755, 63.117304002866234],
            [8.872436183139602, 63.11731800977158],
            [8.872560775310482, 63.117327013868092],
            [8.872790127341117, 63.117362623522304],
            [8.873030013593688, 63.117429308710634],
            [8.873097455282156, 63.117465913603439],
            [8.873242224918531, 63.117519649348282],
            [8.873321565502092, 63.117524439634309],
            [8.873479460237068, 63.117515164160046],
            [8.873720302689692, 63.117551000145518],
            [8.873875297321593, 63.117602476718268],
            [8.873968569114091, 63.117622279531282],
            [8.874385775256313, 63.11767908710322],
            [8.874422816056564, 63.117692039643273],
            [8.886488781272199, 63.120556546707618],
            [8.886569441077491, 63.120570211686051],
            [8.892431368281462, 63.12156099699358],
            [8.898734618990863, 63.122112831125051],
            [8.900257514116134, 63.121673714610921],
            [8.905113242147333, 63.120273556711496],
            [8.91107852096102, 63.117913629440203],
            [8.915934136405692, 63.119235232882808],
            [8.924431848948332, 63.121547394563841],
            [8.935060265940267, 63.124437513789964],
            [8.940983730893052, 63.126047758367044],
            [8.942311725250068, 63.126408855449419],
            [8.943791493225746, 63.126811109747443],
            [8.949701981758507, 63.12841734030993],
            [8.958737679733721, 63.130872031121207],
            [8.969958487956928, 63.133918964349753],
            [8.970715887314039, 63.133271676265117],
            [8.973657647629455, 63.130756820916297],
            [8.976086959241611, 63.128680225203091],
            [8.979243232550445, 63.125982354859033],
            [8.980512891673103, 63.124884821123182],
            [8.981745990605564, 63.122847265384365],
            [8.982828657164564, 63.121614612876613],
            [8.983185778610041, 63.121208039432389],
            [8.98318244880757, 63.121191509397896],
            [8.983089928132886, 63.121124629505381],
            [8.983079307067953, 63.121091490858952],
            [8.983130505481132, 63.120965625119823],
            [8.983141353169565, 63.12083101835136],
            [8.983056583170709, 63.120745018431087],
            [8.983078555728815, 63.120624842259978],
            [8.983100890656601, 63.120569964618319],
            [8.983158791395931, 63.120507596230034],
            [8.983166836983361, 63.120444906723577],
            [8.98314880882249, 63.120435945220997],
            [8.983149181048381, 63.120410208007279],
            [8.98317415611913, 63.120359854975639],
            [8.983203293404198, 63.120345967498089],
            [8.983201722690319, 63.120313304117815],
            [8.983245201030599, 63.120291652796226],
            [8.983269584267257, 63.120230739225661],
            [8.983197197205193, 63.120169398640087],
            [8.983219715494201, 63.120148115829117],
            [8.983195865602944, 63.120117385622265],
            [8.983185847876939, 63.120074637772362],
            [8.983214588815249, 63.120053079551624],
            [8.983338206916359, 63.120012327843064],
            [8.983348856956093, 63.11995146006393],
            [8.983305550297228, 63.119910987215619],
            [8.983304498680598, 63.119896895335671],
            [8.98335986057193, 63.119875479668401],
            [8.983402695834471, 63.119834891369592],
            [8.983420807130599, 63.119794601429639],
            [8.983359026805534, 63.119781796722542],
            [8.983307609888882, 63.119692263978607],
            [8.983307926328703, 63.119666794531945],
            [8.983396595761644, 63.119500292312871],
            [8.983551332724989, 63.119388198206472],
            [8.983535280905127, 63.119349605800771],
            [8.983402490990636, 63.11927362824963],
            [8.98333058778748, 63.119209967074525],
            [8.983366574762053, 63.119087415938488],
            [8.983340795797185, 63.119026708474507],
            [8.983282064795429, 63.118984858685373],
            [8.983279103857614, 63.118948354215846],
            [8.983405540015228, 63.118850903760006],
            [8.983396113917864, 63.118818716442156],
            [8.983467121947246, 63.118731513092868],
            [8.983487083035278, 63.1187196662734],
            [8.983602680338226, 63.118700274124976],
            [8.983682672834258, 63.118662708042073],
            [8.983740612403496, 63.118609705971743],
            [8.983747337391286, 63.118569651772773],
            [8.983792964542168, 63.11855583575656],
            [8.983829619783471, 63.118500937268031],
            [8.983935910436816, 63.118442068999961],
            [8.983938037527754, 63.118416496541329],
            [8.983844957788993, 63.118359047912442],
            [8.983802506706679, 63.118311588022507],
            [8.983725986460778, 63.118299866892094],
            [8.983705583283864, 63.118276487088266],
            [8.98367840728036, 63.118268486946256],
            [8.983648974400033, 63.118231125918889],
            [8.98349379687688, 63.118229473555623],
            [8.983419472116639, 63.118203348351116],
            [8.983284423195421, 63.118133487509482],
            [8.983433935146778, 63.118032156911454],
            [8.983491299123701, 63.117971386546373],
            [8.983551561785699, 63.117948378610514],
            [8.983568286807317, 63.117916674069988],
            [8.983566074056096, 63.11783058632934],
            [8.983630653237343, 63.117755175465838],
            [8.983613283178286, 63.117728683092416],
            [8.983628023565739, 63.117709410416794],
            [8.983614996230536, 63.117650506375107],
            [8.983568602858465, 63.117626830704175],
            [8.983553967220058, 63.11759099991805],
            [8.983566549087708, 63.117564881953491],
            [8.983536029042439, 63.117545213587164],
            [8.98353291500986, 63.117528602693241],
            [8.983571730258891, 63.117509274207457],
            [8.983533469630686, 63.117473248248352],
            [8.98352511804244, 63.11741481334667],
            [8.983555742118295, 63.117358307561219],
            [8.983505967739736, 63.117333677532272],
            [8.98351358886906, 63.117288348797061],
            [8.983411019220778, 63.117222031516043],
            [8.983405854578962, 63.117193267216834],
            [8.983344019274325, 63.117102210333869],
            [8.983494125281149, 63.116930939691592],
            [8.984543632258518, 63.11573487120635],
            [8.995189978609357, 63.103649323311636],
            [8.96022324212427, 63.093533107780225],
            [8.970997714020111, 63.072403480829088],
            [9.013432635487145, 63.073862452422276],
            [9.046162045760759, 63.08803036296927],
            [9.083743865651863, 63.090386916374918],
            [9.104255629838407, 63.043907168008829],
            [9.11419324924135, 63.04014658224078],
            [9.104284176136423, 63.02908051485781],
            [9.132221337565829, 63.016618693211321],
            [9.156223644155073, 63.01301043903436],
            [9.142344097835005, 62.999625656232134],
            [9.177620643262157, 62.99300748040541],
            [9.173408159159258, 62.984102640860904],
            [9.149037319652495, 62.993042773854732],
            [9.114738887923002, 62.974810859866601],
            [9.116357025605328, 62.961120757463249],
            [9.130924025309211, 62.957684916983915],
            [9.115599056478178, 62.958528104870645],
            [9.124989302145302, 62.932357529909972],
            [9.174327803842633, 62.917169881436116],
            [9.203410063670081, 62.925152300579995],
            [9.266724981019141, 62.925834605600301],
            [9.307807742803933, 62.905293353390014],
            [9.31259781502936, 62.891210798495472],
            [9.299425643328817, 62.889462021988173],
            [9.286259365974795, 62.877279186400976],
            [9.331209754719687, 62.8622219739364],
            [9.32354614534014, 62.809464097262627],
            [9.330762867367181, 62.798709811098917],
            [9.364824594643313, 62.794104587015838],
            [9.14682363860187, 62.756454743236944],
            [9.102776835895659, 62.754076276948986],
            [9.077130636006855, 62.75962984430415],
            [9.057698027412371, 62.74632770021735],
            [8.986399573762236, 62.741825438327361],
            [8.91995950848824, 62.71176967255424],
            [8.981344301376653, 62.662197420793831],
            [9.012120445645992, 62.66395170049617],
            [9.111355805326962, 62.605532131219],
            [9.126309029308041, 62.585787966396801],
            [9.14961123217784, 62.578163447394672],
            [9.152225389445576, 62.572888352514546],
            [9.194330869699218, 62.577039958030078],
            [9.201462543224519, 62.572090275291139],
            [9.220983569805943, 62.574734942778406],
            [9.243720144579887, 62.556077681545922],
            [9.223122451039691, 62.520882007183047],
            [9.205988628887585, 62.520728560087164],
            [9.212889345851091, 62.506890777590876],
            [9.18427852730942, 62.458256112197013],
            [9.198713316429608, 62.447515990569485],
            [9.183619802562415, 62.426647508936455],
            [9.142180581447292, 62.398402125492971],
            [9.104663076848933, 62.382021797377313],
            [9.06206156688518, 62.37260661195279],
            [9.020433289340238, 62.359122488927895],
            [8.931802390920737, 62.353192731583839],
            [8.919054682735334, 62.353462761046572],
            [8.889617404313062, 62.375492597168567],
            [8.731642663538457, 62.376874048326563],
            [8.463277875939744, 62.363437922700889],
            [8.389323030078732, 62.363867923975945],
            [8.27520404260974, 62.347986947704754],
            [8.205849710068577, 62.331742009306438],
            [8.169526254847201, 62.30515573823493],
            [8.13125031063761, 62.2906591926603],
            [7.983609860414783, 62.177457386489628],
            [7.863970850571409, 62.170776516282764],
            [7.827340652290707, 62.189685346564524],
            [7.734594689525707, 62.184631697054684],
            [7.655258648895397, 62.140891474897323],
            [7.579376960030029, 62.121896516805549],
            [7.631829594142573, 62.085086546005115],
            [7.59206401681333, 62.074508475314211],
            [7.583774186858244, 62.065340181827338],
            [7.554068005212723, 62.069497508910978],
            [7.514254280461223, 62.097434561448345],
            [7.485883592993732, 62.089546313774328],
            [7.45069016135924, 62.088078740775458],
            [7.414720229512289, 62.092089110746883],
            [7.408155666854605, 62.088037171819558],
            [7.419453575193662, 62.080740038374046],
            [7.399569811756181, 62.067391251499622],
            [7.401999564286369, 62.06009211217642],
            [7.342527591050994, 62.035426290961915],
            [7.352709550392607, 62.029263478093696],
            [7.349113560037827, 62.00768141494796],
            [7.329509561005614, 62.0081657953546],
            [7.31245726868479, 62.017884721342497],
            [7.24075949699842, 62.018929485461129],
            [7.23113611693802, 62.03384194883089],
            [7.194884836594189, 62.030693579654972],
            [7.203658946353783, 62.026238265893078],
            [7.19933372224788, 62.019612794384003],
            [7.170766352280043, 62.011993823287547],
            [7.155439608703694, 62.016090619973035],
            [7.07347667374728, 62.009384951503051],
            [7.082725157630072, 62.005000521487688],
            [7.04847507153626, 61.983993088222427],
            [7.012380331940714, 61.986632962305869],
            [6.98341271063263, 61.981593122555488],
            [6.951602390353026, 61.988674032207413],
            [6.91166287839687, 61.975291657416278],
            [6.895817449356915, 61.98225428604978],
            [6.851907453811728, 61.975768300968483],
            [6.840862596805773, 61.963545963130912],
            [6.793983723384992, 61.969945289585674],
            [6.771391373269442, 61.99332940106332],
            [6.695693449069748, 62.04184121907641],
            [6.679809491207788, 62.063571847083089],
            [6.657570739441414, 62.071853152275331],
            [6.620823248410917, 62.051897165395808],
            [6.578722141009008, 62.060033818568215],
            [6.561415850333791, 62.053289472426293],
            [6.536272904366262, 62.055525026137659],
            [6.530870499452103, 62.041290976389014],
            [6.494644037111245, 62.037811469017527],
            [6.496551082962131, 62.015501547600785],
            [6.472331859352816, 62.017411104381097],
            [6.463172944378866, 62.011990152586506],
            [6.441511740562014, 62.01593248662126],
            [6.421017240163518, 62.014379970375352],
            [6.401247601319635, 62.005344464730577],
            [6.404955339849047, 61.985648461435829],
            [6.375606583328785, 61.977966887277837],
            [6.348325217169752, 61.962684517262097],
            [6.311345114550249, 61.95865177029048],
            [6.313501322600866, 61.964724759401086],
            [6.286722354707153, 61.977506713864635],
            [6.235817746147543, 61.991812754987912],
            [6.257520177926868, 62.005552293157152],
            [6.182362546339212, 62.010421073171074],
            [6.169556185257185, 61.993952837959512],
            [6.13190028823724, 61.987026881082429],
            [6.141873566778223, 61.973541468171611],
            [6.08867997152179, 61.961714515578876],
            [6.059243269527156, 61.967846808846105],
            [6.03613154816767, 61.956581195267326],
            [6.01043673874868, 61.975187517690742],
            [5.964775840112814, 61.994110128875306],
            [5.946621120899517, 61.987902023112888],
            [5.926909314803241, 61.996595024002012],
            [5.914014241399529, 61.994591297177372],
            [5.802575902878947, 61.965995321657346],
            [5.78938687094819, 61.966346210761792],
            [5.783725696917884, 61.973271096890883],
            [5.754044201284297, 61.973057696220607],
            [5.749670647293219, 61.979951037129311],
            [5.729820261224709, 61.980813347837795],
            [5.698089640606316, 61.968221971817186],
            [5.680156191456792, 61.974045793782317],
            [5.551553713618829, 61.960412810478473],
            [5.538056534204162, 61.965051244283316],
            [5.533543836446206, 61.971465855562762],
            [5.475941472366399, 61.985968502557014],
            [5.46322669280094, 61.977614254430641],
            [5.442322208143694, 61.973933597600457],
            [5.467075266471228, 61.992505714215049],
            [5.503114215012941, 62.007900440941583],
            [5.501203962507794, 62.01311304776533],
            [5.485533888387304, 62.014261578832802],
            [5.505964051955483, 62.054678391619341],
            [5.503083528301726, 62.066736521421895],
            [5.360879344933876, 62.122193452111333],
            [5.35838808630536, 62.15475934712115],
            [5.357312648706305, 62.168632490731788],
            [5.217873822069787, 62.261200436296832],
            [5.176285301160994, 62.273862113017522],
            [5.247429280365091, 62.32451840064163],
            [5.656104105156394, 62.529188977594039]
          ]
        ]
      }
    },
    {
      "type": "Feature",
      "properties": { "navn": "AMK Bodø", "lokalisering": "Bodø" },
      "geometry": {
        "type": "Polygon",
        "coordinates": [
          [
            [15.347904141558907, 69.153558207930331],
            [16.038716066560987, 69.338728600760859],
            [16.512446044096556, 69.419122410656527],
            [16.517643411035369, 69.415512206215183],
            [16.432505098810751, 69.312597760134665],
            [16.312621892342055, 69.165922512058415],
            [16.120090022288327, 69.049840892214561],
            [16.052313556806439, 69.008629472955292],
            [16.112257954919485, 68.931605272849325],
            [16.026460204373581, 68.909270905269409],
            [16.001605860108619, 68.882869390493852],
            [15.947271883193791, 68.851249560317925],
            [15.930781073959869, 68.825239945098787],
            [15.938634257230618, 68.811473676536764],
            [16.024027233938465, 68.813671152153873],
            [16.045701672755904, 68.757838024417822],
            [15.972427535441589, 68.750186471642891],
            [15.963807773252672, 68.737524654751795],
            [15.958434902640532, 68.740492549154126],
            [15.936933906983727, 68.73082523818195],
            [15.890275342598997, 68.727602081987442],
            [15.893003560484946, 68.718618369687121],
            [15.880159324327382, 68.709088466785943],
            [15.816284001332344, 68.710329837745448],
            [15.784054988286274, 68.709277782323127],
            [15.792652627909549, 68.701254243010354],
            [15.777461416608208, 68.686884370578426],
            [15.804110782505864, 68.676594066124281],
            [15.764771671513815, 68.647568499922031],
            [15.736253791030611, 68.640886798763205],
            [15.701034046698158, 68.648391458395622],
            [15.665136850520284, 68.633029189893278],
            [15.645455039276582, 68.632579154448607],
            [15.674234256695584, 68.596919301935202],
            [15.667490333053454, 68.586470302296362],
            [15.632895160092184, 68.575562908573502],
            [15.614637789573038, 68.576267362885389],
            [15.593161708245152, 68.570308228314218],
            [15.608397858805331, 68.563248991163974],
            [15.616085508371093, 68.54313022570399],
            [15.589023592545226, 68.534033893236426],
            [15.55544612332316, 68.545718279463031],
            [15.505699214676458, 68.536403986612441],
            [15.469001509922526, 68.539326634924763],
            [15.451838427480556, 68.526189282309645],
            [15.435459924314928, 68.526053146749618],
            [15.419781448125461, 68.531940786540972],
            [15.403647014695249, 68.526509273446166],
            [15.427869629922519, 68.502708533293188],
            [15.405574473546267, 68.493489981659309],
            [15.428905919123219, 68.490319742601471],
            [15.407385102575919, 68.477323524764941],
            [15.425765707734115, 68.475412413505182],
            [15.4375501125777, 68.465955659398119],
            [15.442854178262925, 68.456317975047781],
            [15.428322362948098, 68.447915899958943],
            [15.413571353095353, 68.444293605586111],
            [15.365888072488433, 68.451732189140714],
            [15.32038981593166, 68.446748940193473],
            [15.315755882333594, 68.439788869745485],
            [15.300464439056407, 68.439610713635972],
            [15.279271129700087, 68.431422883902115],
            [15.282836775927448, 68.416340104675157],
            [15.266758083625332, 68.407917758941011],
            [15.239961126874032, 68.404478393124762],
            [15.228271639490586, 68.394476445551859],
            [15.193026101244493, 68.399328193980693],
            [15.160126663629946, 68.383197698970378],
            [15.131271208302319, 68.369440832401011],
            [15.145382986082067, 68.352406074464341],
            [15.173627317056006, 68.348504492926608],
            [15.240031985844839, 68.355911327192175],
            [15.272002094470398, 68.347921678872282],
            [15.260183862371761, 68.333859155736292],
            [15.125967241181755, 68.290245759991279],
            [15.189862798796872, 68.283368705759017],
            [15.163790410192821, 68.261063444771978],
            [15.177457237951391, 68.213961669043812],
            [15.217407974026404, 68.174988027775726],
            [15.352843184172379, 68.204802159256957],
            [15.794571654411554, 68.24821401076683],
            [15.81459019434072, 68.287494099350738],
            [15.90142864409861, 68.315032481626901],
            [16.071019887279792, 68.285324703158366],
            [16.189127573020855, 68.176422548559742],
            [16.173294633782401, 68.147210185292224],
            [16.109227882802564, 68.056122486777241],
            [16.167299921275188, 68.02906264261452],
            [16.21073096422144, 67.99675763725125],
            [16.107135097448484, 67.968151363875364],
            [16.102559413292983, 67.961346513253389],
            [16.075549711584088, 67.967598206643913],
            [16.073813850681265, 67.964676188849907],
            [16.069564202594922, 67.952279727625552],
            [16.093767204918144, 67.904998499146757],
            [16.058431639071465, 67.890805422231438],
            [16.052902795503883, 67.874371069679341],
            [16.090491076518909, 67.866581378154436],
            [16.116334006869316, 67.849892615876954],
            [16.142326516613512, 67.844304227152605],
            [16.17749551889808, 67.807956757335148],
            [16.175783415794761, 67.787578395684449],
            [16.195882611100274, 67.776344625879418],
            [16.20300869547475, 67.759139887072394],
            [16.223733663880921, 67.756994466875071],
            [16.250421972281487, 67.762856911027299],
            [16.278916014054055, 67.762062192206614],
            [16.299847272641149, 67.773532772851425],
            [16.333779395412897, 67.752760095187412],
            [16.368225513644649, 67.749954266899522],
            [16.339560463993262, 67.741238508990477],
            [16.402994725732487, 67.715863732456242],
            [16.409209098988271, 67.705977308883789],
            [16.394695105577107, 67.699077387657439],
            [16.448019539634483, 67.688582219637212],
            [16.487221513808436, 67.699587529079722],
            [16.522009806842981, 67.676881639900614],
            [16.523955153672805, 67.660992161606572],
            [16.556285010152724, 67.647192739984973],
            [16.517587135817095, 67.614000082658421],
            [16.494876584881411, 67.594460576493063],
            [16.443659746011498, 67.55906441574156],
            [16.407567802717601, 67.534026049034097],
            [16.379171406523582, 67.532632777160885],
            [16.285595208029257, 67.527989758055497],
            [16.245694654082524, 67.525269739001743],
            [16.158001925775125, 67.519157876851708],
            [16.131387627440422, 67.48648431492316],
            [16.113059109073557, 67.463973397879172],
            [16.089829849654382, 67.435278322289179],
            [16.15192539255845, 67.391184280149105],
            [16.179964820481469, 67.371224120311837],
            [16.211424445059532, 67.348421492735298],
            [16.264646044446302, 67.309747840174467],
            [16.292750733068715, 67.289218236719577],
            [16.329979678314576, 67.262049800153392],
            [16.365400069546439, 67.234766891237285],
            [16.404099819135535, 67.204973378082741],
            [16.401371937758409, 67.180482786073412],
            [16.398276568361357, 67.157883424792033],
            [16.393644638432104, 67.109645366208838],
            [16.390901739063736, 67.084086912440142],
            [16.389631175761274, 67.069041204644108],
            [16.387759275817437, 67.045461308892158],
            [16.362857713518657, 67.037305287130891],
            [16.306397114077264, 67.018788619490508],
            [16.277779007651976, 67.009588809265296],
            [16.194017679722997, 66.982592329730693],
            [16.148274446592332, 66.961872035360528],
            [16.129299939034997, 66.953262934133605],
            [16.080393100575833, 66.931234847566714],
            [16.038761895470611, 66.912447084401933],
            [15.993639447674186, 66.873228222134287],
            [15.956608770390842, 66.845275842559602],
            [15.925218781962601, 66.821525989685227],
            [15.90679230683954, 66.807532751754337],
            [15.861404668823582, 66.774609854553731],
            [15.807619194506289, 66.735484056518743],
            [15.768106820610887, 66.70588481334822],
            [15.735656229727748, 66.681468787818673],
            [15.716378593766777, 66.66703019117702],
            [15.696955615532911, 66.652128719789815],
            [15.652415939828007, 66.618120247765916],
            [15.621368715227186, 66.594335372228571],
            [15.555812282678634, 66.567174812401703],
            [15.533365159647067, 66.557857825615983],
            [15.347789441493301, 66.576448265472905],
            [15.335979031101999, 66.571611697059978],
            [15.326518504056477, 66.573766778330366],
            [15.287246554442861, 66.577109040615653],
            [15.24342900495726, 66.570939419202674],
            [15.207247995714441, 66.588915287238592],
            [15.218832207338437, 66.618584054314937],
            [15.19858772846019, 66.631206013002782],
            [15.182081320883317, 66.660004404306918],
            [15.151843602639754, 66.667993545182426],
            [15.159688468096322, 66.691453302932828],
            [15.149729547299618, 66.699904530168197],
            [15.151391418086988, 66.708604531507206],
            [15.206263607385832, 66.73884535702048],
            [15.199809979976084, 66.75164580514874],
            [15.158674806408309, 66.780174338090944],
            [15.049695404057411, 66.783879344848856],
            [14.980913954845812, 66.773901712368854],
            [15.002312084781407, 66.710498208993016],
            [14.990009299696712, 66.69891680995633],
            [14.992551689545522, 66.681352217752291],
            [14.938946411963128, 66.680300032304459],
            [14.903517816269712, 66.67474740088737],
            [14.900938824752455, 66.66311072020163],
            [14.880684599215638, 66.655310060545247],
            [14.835567397901729, 66.669102431111241],
            [14.830938725149689, 66.657713601206865],
            [14.786059374411511, 66.655954596310195],
            [14.781849384805037, 66.64606307601936],
            [14.743590830269362, 66.651271275274723],
            [14.759364743432904, 66.659145549233969],
            [14.717839618038159, 66.694753510880375],
            [14.71453261723121, 66.722251830233617],
            [14.726348792315342, 66.732328987831082],
            [14.718724658141655, 66.750427378474171],
            [14.701420184903505, 66.75463878021101],
            [14.678003123222901, 66.751722170145968],
            [14.646500733076241, 66.735166589995117],
            [14.616111930682907, 66.729928414510468],
            [14.608868738784597, 66.718921440418569],
            [14.616478056542466, 66.701958377665562],
            [14.561411578759468, 66.696037587689659],
            [14.481342937648542, 66.677305321199086],
            [14.430772648790622, 66.673479432974403],
            [14.376374711826406, 66.68387724191011],
            [14.367007273559604, 66.693376132880402],
            [14.345425451344195, 66.68380553999252],
            [14.34762775677539, 66.668115235841626],
            [14.215027828911035, 66.623945434112755],
            [14.213527388376175, 66.656306509979473],
            [14.174816720382344, 66.665519285297407],
            [14.122210451179416, 66.668751649087071],
            [14.091950692395709, 66.668275103020676],
            [14.002258588733016, 66.628221089351058],
            [13.977962509986266, 66.625705458543166],
            [13.94942751976771, 66.630057155118664],
            [13.916634713671872, 66.620423023536702],
            [13.872399052546063, 66.625181082368684],
            [13.816383610069295, 66.631157510676175],
            [13.721116766243574, 66.664030774594522],
            [13.649507172187523, 66.663962044749042],
            [13.626349620754894, 66.67637702376976],
            [13.593896407148343, 66.682963505158739],
            [13.552027058969015, 66.683723689524797],
            [13.509232762973063, 66.700148419350569],
            [13.447147481043535, 66.703290515700814],
            [13.447821242413013, 66.710242290174435],
            [13.438479121554332, 66.712420167707322],
            [13.386226960562487, 66.713670566740646],
            [13.376479019754711, 66.742801814837819],
            [13.212738759026806, 66.740492914025126],
            [13.239391318945071, 66.777315401621522],
            [13.203640623191131, 66.781220125567572],
            [13.122206790251468, 66.766722018572565],
            [13.039582255679512, 66.745525134465865],
            [12.869208851226562, 66.806678664124945],
            [12.88299205920403, 66.900292026169097],
            [12.345037013144111, 67.124880625805361],
            [12.145487735649787, 67.085722052456646],
            [11.82169491773112, 67.430515398180219],
            [11.86127405196418, 67.484645524761476],
            [12.016888669086537, 67.538733388341825],
            [12.307371349162857, 67.623804575173892],
            [12.581482325566595, 67.703053290636674],
            [12.670892712743321, 67.811267593967301],
            [12.779101117942279, 67.940855584119248],
            [12.945769442750532, 68.061955740718091],
            [13.06047481081257, 68.144475435809454],
            [13.151821211434852, 68.186141196078452],
            [13.32244319509101, 68.232555828156094],
            [13.672450813783492, 68.326641247314271],
            [13.854781029873218, 68.439230733897361],
            [13.959437067940222, 68.503266710606027],
            [14.212277202981443, 68.656224019924124],
            [14.314887623225721, 68.745030721745167],
            [14.601577586433477, 68.868013294233805],
            [15.15865104287766, 69.101786494074702],
            [15.347904141558907, 69.153558207930331]
          ]
        ]
      }
    },
    {
      "type": "Feature",
      "properties": { "navn": "AMK Helgeland", "lokalisering": "Sandnessjøen" },
      "geometry": {
        "type": "Polygon",
        "coordinates": [
          [
            [11.753422714788911, 66.325142876179868],
            [12.029835209855799, 66.591621681234912],
            [12.308043451504172, 66.714816116330454],
            [12.437877461286924, 66.771726128704032],
            [12.145487735649787, 67.085722052456646],
            [12.345037013144111, 67.124880625805361],
            [12.88299205920403, 66.900292026169097],
            [12.869208851226562, 66.806678664124945],
            [13.039582255679512, 66.745525134465865],
            [13.122206790251468, 66.766722018572565],
            [13.203640623191131, 66.781220125567572],
            [13.239391318945071, 66.777315401621522],
            [13.212738759026806, 66.740492914025126],
            [13.376479019754711, 66.742801814837819],
            [13.386226960562487, 66.713670566740646],
            [13.438479121554332, 66.712420167707322],
            [13.447821242413013, 66.710242290174435],
            [13.447147481043535, 66.703290515700814],
            [13.509232762973063, 66.700148419350569],
            [13.552027058969015, 66.683723689524797],
            [13.593896407148343, 66.682963505158739],
            [13.626349620754894, 66.67637702376976],
            [13.649507172187523, 66.663962044749042],
            [13.721116766243574, 66.664030774594522],
            [13.816383610069295, 66.631157510676175],
            [13.872399052546063, 66.625181082368684],
            [13.916634713671872, 66.620423023536702],
            [13.94942751976771, 66.630057155118664],
            [13.977962509986266, 66.625705458543166],
            [14.002258588733016, 66.628221089351058],
            [14.091950692395709, 66.668275103020676],
            [14.122210451179416, 66.668751649087071],
            [14.174816720382344, 66.665519285297407],
            [14.213527388376175, 66.656306509979473],
            [14.215027828911035, 66.623945434112755],
            [14.34762775677539, 66.668115235841626],
            [14.345425451344195, 66.68380553999252],
            [14.367007273559604, 66.693376132880402],
            [14.376374711826406, 66.68387724191011],
            [14.430772648790622, 66.673479432974403],
            [14.481342937648542, 66.677305321199086],
            [14.561411578759468, 66.696037587689659],
            [14.616478056542466, 66.701958377665562],
            [14.608868738784597, 66.718921440418569],
            [14.616111930682907, 66.729928414510468],
            [14.646500733076241, 66.735166589995117],
            [14.678003123222901, 66.751722170145968],
            [14.701420184903505, 66.75463878021101],
            [14.718724658141655, 66.750427378474171],
            [14.726348792315342, 66.732328987831082],
            [14.71453261723121, 66.722251830233617],
            [14.717839618038159, 66.694753510880375],
            [14.759364743432904, 66.659145549233969],
            [14.743590830269362, 66.651271275274723],
            [14.781849384805037, 66.64606307601936],
            [14.786059374411511, 66.655954596310195],
            [14.830938725149689, 66.657713601206865],
            [14.835567397901729, 66.669102431111241],
            [14.880684599215638, 66.655310060545247],
            [14.900938824752455, 66.66311072020163],
            [14.903517816269712, 66.67474740088737],
            [14.938946411963128, 66.680300032304459],
            [14.992551689545522, 66.681352217752291],
            [14.990009299696712, 66.69891680995633],
            [15.002312084781407, 66.710498208993016],
            [14.980913954845812, 66.773901712368854],
            [15.049695404057411, 66.783879344848856],
            [15.158674806408309, 66.780174338090944],
            [15.199809979976084, 66.75164580514874],
            [15.206263607385832, 66.73884535702048],
            [15.151391418086988, 66.708604531507206],
            [15.149729547299618, 66.699904530168197],
            [15.159688468096322, 66.691453302932828],
            [15.151843602639754, 66.667993545182426],
            [15.182081320883317, 66.660004404306918],
            [15.19858772846019, 66.631206013002782],
            [15.218832207338437, 66.618584054314937],
            [15.207247995714441, 66.588915287238592],
            [15.24342900495726, 66.570939419202674],
            [15.287246554442861, 66.577109040615653],
            [15.326518504056477, 66.573766778330366],
            [15.335979031101999, 66.571611697059978],
            [15.347789441493301, 66.576448265472905],
            [15.533365159647067, 66.557857825615983],
            [15.517291937750501, 66.551286349102185],
            [15.451058376306984, 66.523969882510528],
            [15.432192831996899, 66.513840974806115],
            [15.377226873879788, 66.484305306968139],
            [15.386004651952355, 66.469154801419151],
            [15.408593684955994, 66.43006268072314],
            [15.430396549594152, 66.392215323323043],
            [15.442063997653749, 66.369054763148128],
            [15.453937131232703, 66.34534777934968],
            [15.474245527133462, 66.303934802741665],
            [15.484732311890602, 66.282459121906996],
            [15.450509740459143, 66.272984967033025],
            [15.424908712382333, 66.265893567013677],
            [15.345732507441676, 66.243920805993795],
            [15.305565707131542, 66.232737434381789],
            [15.229215729943045, 66.210121417282949],
            [15.195411384803348, 66.1999670486952],
            [15.126810650292493, 66.180141238481099],
            [15.035682668202927, 66.153556697818942],
            [14.917501009463786, 66.148565871377755],
            [14.863722633711461, 66.145989566934745],
            [14.80440157354395, 66.143753333187419],
            [14.743670593445396, 66.141345780305144],
            [14.683841763999441, 66.139008087197325],
            [14.610723639348491, 66.136228678208909],
            [14.516289808652726, 66.132578279375423],
            [14.528795263597369, 66.095559489070666],
            [14.541405042643879, 66.055032680891699],
            [14.545557098792841, 66.041780080322297],
            [14.550938297971971, 66.022125915147768],
            [14.557679087762187, 66.002549996818004],
            [14.567455291174353, 65.974181612281072],
            [14.573124449224901, 65.957860140996829],
            [14.579116945637953, 65.927789446886507],
            [14.584404798798891, 65.901340894632725],
            [14.593937512850401, 65.88055056544593],
            [14.602310080150223, 65.862248383727234],
            [14.608002439155086, 65.849939494038111],
            [14.625477676332546, 65.811807365679769],
            [14.600532678009095, 65.779410179894469],
            [14.578846659309022, 65.750606407635956],
            [14.541469624688203, 65.700751783050222],
            [14.529862872605189, 65.650191679762045],
            [14.521408329695882, 65.612956930617614],
            [14.514245372607075, 65.58426966238531],
            [14.506166294059881, 65.551309082485872],
            [14.503091839966849, 65.538844881496772],
            [14.498772961165511, 65.521297036743448],
            [14.499436580948997, 65.494672711203862],
            [14.500328946157769, 65.459040249644957],
            [14.500698102759982, 65.444202880902409],
            [14.50116543194717, 65.419624627642207],
            [14.502018841801666, 65.373935512747678],
            [14.503789782483121, 65.350626728165508],
            [14.506831554618369, 65.309728583643647],
            [14.474561088788393, 65.294098472245821],
            [14.411572274979211, 65.263556248337977],
            [14.378798104168879, 65.24761968665581],
            [14.364678193522993, 65.214880467359691],
            [14.355593999457001, 65.193762188902255],
            [14.343455551022272, 65.163157433848156],
            [14.335026406347147, 65.141872898091123],
            [14.325985837453887, 65.118915149814129],
            [14.316646823821165, 65.121500904151645],
            [14.296660890581826, 65.115057154314343],
            [14.277764565977256, 65.123859657361038],
            [14.259547178983029, 65.123887455754982],
            [14.252453492322307, 65.131434555672158],
            [14.191511803475183, 65.131082708078878],
            [14.164295582575594, 65.139251723064845],
            [14.063854270622212, 65.12195947673078],
            [14.01220754311492, 65.129507025918315],
            [13.948847944806662, 65.126833076628486],
            [13.931616023685255, 65.118689025816877],
            [13.834087629582754, 65.118258649171707],
            [13.780519740328637, 65.110617653205381],
            [13.709696105015166, 65.112582535119614],
            [13.661072457044023, 65.108297302383264],
            [13.628914712912465, 65.105319891367344],
            [13.529783752456609, 65.116732707597691],
            [13.411243247039419, 65.099081258883501],
            [13.303989680105115, 65.102126316425114],
            [13.152535921249457, 65.115880889391846],
            [13.085386276843186, 65.109970265509446],
            [13.156714393247865, 65.148780920958473],
            [13.128198707274489, 65.15930638018682],
            [13.119694315349486, 65.190192920224192],
            [13.100201964060586, 65.205798719251064],
            [13.08716565685647, 65.206333448086113],
            [13.084956774452111, 65.227128951331153],
            [13.059389715647637, 65.232958492864299],
            [13.057885363192607, 65.244419098284681],
            [12.982526559719636, 65.255311781096395],
            [12.988602547483328, 65.231193756481503],
            [12.980439513322851, 65.227116983959448],
            [12.959772680905782, 65.227367561633883],
            [12.96164854576606, 65.224125755052015],
            [12.935843780020528, 65.216763264014418],
            [12.919070932792899, 65.232061002856497],
            [12.877194398310152, 65.236798815854797],
            [12.867952925384154, 65.25160485935632],
            [12.81533467382493, 65.253015744772043],
            [12.725101460166314, 65.203920236848731],
            [12.692239295001217, 65.219729179693488],
            [12.725334944480233, 65.234156909505117],
            [12.695877652077781, 65.248466955113784],
            [12.686862386399284, 65.255555189676315],
            [12.653041165411068, 65.253819665025432],
            [12.643950553088263, 65.25919860313914],
            [12.596807544349822, 65.261631325378801],
            [12.571317282570062, 65.279015820667709],
            [12.565468444202756, 65.294309080862732],
            [12.554607644925218, 65.294591017307141],
            [12.54546006050653, 65.286604700722663],
            [12.499382672893177, 65.278511752575525],
            [12.491309497032606, 65.287427227693499],
            [12.470249069678099, 65.291195964800067],
            [12.468664442092031, 65.299662569194652],
            [12.438869115667588, 65.303728986354045],
            [12.413067521626989, 65.303970522518355],
            [12.342424602434903, 65.288456060077053],
            [12.303525044877485, 65.295532525749962],
            [12.298262479175692, 65.275684542962566],
            [12.191956410281994, 65.224800553268565],
            [12.054033968281891, 65.183275563462644],
            [11.961451207064279, 65.20901384524079],
            [11.863734869108963, 65.203455308606792],
            [11.791622335639323, 65.219269819997436],
            [11.787017892510661, 65.289304819271223],
            [11.737477963078831, 65.293625482486661],
            [11.71240905323849, 65.277288402721183],
            [11.665956504159828, 65.269588387935656],
            [11.630996890555629, 65.280169950770983],
            [11.623279686503178, 65.293143910594054],
            [11.406864594626523, 65.340837347604349],
            [11.054585279493164, 65.429233964165135],
            [11.088084665963152, 65.463986237017252],
            [11.121676835568872, 65.498736409151249],
            [11.260530076335451, 65.641340313552831],
            [11.428751075421561, 65.924698910991765],
            [11.549976969760497, 66.125058597253528],
            [11.753422714788911, 66.325142876179868]
          ]
        ]
      }
    },
    {
      "type": "Feature",
      "properties": {
        "navn": "AMK Sør-Trøndelag",
        "lokalisering": "Trondheim"
      },
      "geometry": {
        "type": "Polygon",
        "coordinates": [
          [
            [8.742726099687289, 63.447480502681586],
            [8.43390868098068, 63.38870323657779],
            [8.34293348909747, 63.359413575751539],
            [8.240532260705205, 63.422093689500116],
            [8.108649305202633, 63.598149204175186],
            [8.008960883862127, 63.64929366339161],
            [8.462425831370094, 63.915823604257419],
            [9.263234772333407, 64.215225744082829],
            [9.671091402569107, 64.41505662019668],
            [9.700151466057125, 64.395921095358332],
            [10.051624225709794, 64.355951533475732],
            [10.088586369449395, 64.337679102104957],
            [10.182225910310079, 64.291236130139964],
            [10.274802797007824, 64.273496609627699],
            [10.309288592416891, 64.277859033506871],
            [10.314233704987615, 64.281219921137406],
            [10.343470973924237, 64.301060830712686],
            [10.362265550773389, 64.298643419740401],
            [10.362162723740973, 64.294664499121879],
            [10.362084981237471, 64.288490692701799],
            [10.379567959016603, 64.285751890432451],
            [10.380902833315249, 64.284015959772233],
            [10.381975627413233, 64.282708201262366],
            [10.383668344631742, 64.280474536108457],
            [10.384851047634006, 64.278635759552245],
            [10.38552989718483, 64.277794081210502],
            [10.38875875360787, 64.275913819429206],
            [10.39116529276026, 64.274386999373533],
            [10.393570773190493, 64.272959022558695],
            [10.398036638801077, 64.270349255927172],
            [10.407998000095709, 64.264108116096835],
            [10.406661745452626, 64.263345480229546],
            [10.405904089280046, 64.263051796160013],
            [10.404890629584472, 64.262935734827778],
            [10.396442988182638, 64.262034836910061],
            [10.390814898112065, 64.261423374798468],
            [10.388174040196578, 64.261140431322175],
            [10.388056308344467, 64.261139588902509],
            [10.387741811231928, 64.261103485356614],
            [10.387629399097404, 64.261081949549592],
            [10.387341480696684, 64.26104767407783],
            [10.384974053394066, 64.260836524454405],
            [10.386270537989317, 64.260130824717109],
            [10.387287207194582, 64.259479395278163],
            [10.389296801255146, 64.25828313125109],
            [10.389300892106476, 64.258280922598786],
            [10.391265091958648, 64.257099117128305],
            [10.392534875856258, 64.256334529294065],
            [10.39438511157633, 64.255233074046387],
            [10.394618582515065, 64.255093965003496],
            [10.401803853074197, 64.251666995217704],
            [10.403766515200338, 64.250740272600396],
            [10.403932016883431, 64.250662491537057],
            [10.405275786853474, 64.250018199985448],
            [10.406207320513026, 64.249591378255246],
            [10.408039818722507, 64.248704746525817],
            [10.411454026083366, 64.247052926297584],
            [10.411516008716292, 64.247044355206583],
            [10.424911809151888, 64.24517142062966],
            [10.426813793251812, 64.244693262001974],
            [10.42793453554212, 64.244402352064839],
            [10.429911927687511, 64.243879942380858],
            [10.431235220965807, 64.243542213132002],
            [10.431342307374067, 64.243506992762164],
            [10.43261476483084, 64.243172785132217],
            [10.434784652592777, 64.242608594765727],
            [10.435683544451331, 64.242372368905848],
            [10.437556592911328, 64.241878068292579],
            [10.439303133755955, 64.241423668937472],
            [10.44102409154539, 64.24097492443758],
            [10.44365076034827, 64.240283718330772],
            [10.445700584825541, 64.239744309086404],
            [10.448294971397466, 64.239071978004972],
            [10.451257856273154, 64.238294026632872],
            [10.453351790682689, 64.237747080760343],
            [10.456886106488504, 64.236807903305234],
            [10.459392474321641, 64.23614721245427],
            [10.460321885186184, 64.235902353829445],
            [10.464587149092772, 64.234786140949041],
            [10.46878209004287, 64.233669515109341],
            [10.468882575007131, 64.233650068562781],
            [10.469139749557716, 64.233568234641609],
            [10.470899862034484, 64.233111295796419],
            [10.471301786019959, 64.233028468131934],
            [10.47199792865457, 64.232840584631447],
            [10.472949376047737, 64.232604786625515],
            [10.473399848985823, 64.232477695036181],
            [10.474516537992239, 64.232203947523232],
            [10.474752867251807, 64.232123076076633],
            [10.475004411520516, 64.232065334112193],
            [10.475078563330536, 64.232038862676092],
            [10.478609194984021, 64.231102675666094],
            [10.481817643530439, 64.230263333384244],
            [10.484999954001603, 64.229432286903005],
            [10.488053696181787, 64.228628487147176],
            [10.492307935821614, 64.227514771746669],
            [10.494784464608211, 64.226866616229387],
            [10.49639427350564, 64.226440710635345],
            [10.49661513162361, 64.226366611397722],
            [10.49999961307142, 64.225104808194956],
            [10.503620537609329, 64.223754649989431],
            [10.513747113748263, 64.219977916383883],
            [10.513809073396997, 64.21996633630458],
            [10.514195860158562, 64.219809296726794],
            [10.519862912336192, 64.217708658294555],
            [10.539147302320464, 64.211433077557359],
            [10.541808511710997, 64.21054330864753],
            [10.553033303162321, 64.207063785566163],
            [10.580134310471113, 64.198656129496257],
            [10.585663382831342, 64.197214970187034],
            [10.601203052778606, 64.193162204955073],
            [10.600438249001451, 64.190749504821468],
            [10.598743040723789, 64.186724608224893],
            [10.59704143128171, 64.182684562207612],
            [10.594459083543292, 64.176550615749917],
            [10.592161738142515, 64.171090865903125],
            [10.589058629328825, 64.167403552697962],
            [10.585941106500144, 64.163697915465704],
            [10.589119126716485, 64.163660451489449],
            [10.690045938727781, 64.17265457685194],
            [10.694740687667707, 64.173062933700521],
            [10.712989295242204, 64.174648912287722],
            [10.717361400566828, 64.175028420191907],
            [10.719646420274813, 64.175226830303046],
            [10.733129137963457, 64.176396198024193],
            [10.740794569291031, 64.177060372171567],
            [10.786000650676895, 64.114350572971105],
            [10.866989922673735, 64.112710658856983],
            [10.880380488548196, 64.097883508183145],
            [10.830156469988744, 64.089784973198604],
            [10.818567664442712, 64.081611498773626],
            [10.822895623125575, 64.065002800468847],
            [10.815263508206661, 64.055104076783351],
            [10.76375886052408, 64.028833629559756],
            [10.758227533032825, 64.022153950798995],
            [10.783936661212781, 64.003585268370443],
            [10.770311746136416, 63.984653564452749],
            [10.711536633581197, 63.940505829061223],
            [10.611405215468919, 63.907986554642896],
            [10.571798523112522, 63.869661341371824],
            [10.523415615065975, 63.84286274223156],
            [10.451268953094338, 63.771241349210719],
            [10.458981632595592, 63.775092489188175],
            [10.466782341247576, 63.778992780619333],
            [10.467501301150447, 63.779352402973196],
            [10.474455538145181, 63.782800116519944],
            [10.488574051803084, 63.789829114829537],
            [10.495055711794347, 63.793053846537987],
            [10.501217482399516, 63.796106784521619],
            [10.505804805673041, 63.798402381749234],
            [10.514069511118961, 63.802511170458999],
            [10.526527944507748, 63.808702278664661],
            [10.535189004571087, 63.812991665940046],
            [10.550126257784759, 63.820400501240954],
            [10.555256709087686, 63.822943950565502],
            [10.578491988200557, 63.83446520712284],
            [10.597506459932347, 63.843897627803521],
            [10.598011612886516, 63.835931754456986],
            [10.598013143620511, 63.835906358145117],
            [10.598355203080896, 63.835503141545004],
            [10.610936597964745, 63.819937542997124],
            [10.612409480731658, 63.818114156295493],
            [10.614933376923039, 63.816587124149152],
            [10.61853701306044, 63.814347473305432],
            [10.61870661323626, 63.814242134769074],
            [10.623185058947945, 63.811990747954916],
            [10.636524070765768, 63.816077623583553],
            [10.640486141423446, 63.812944618385067],
            [10.64008313367037, 63.811952327394906],
            [10.641806603744003, 63.811905710625389],
            [10.643774800002962, 63.811506680760935],
            [10.646744923884574, 63.80984779233448],
            [10.647860556313875, 63.808586441633921],
            [10.64846417713615, 63.807898665517463],
            [10.649178983732881, 63.807084784960281],
            [10.649840306949534, 63.806331140069283],
            [10.649939319873541, 63.806218154968462],
            [10.650640012974629, 63.805420025401418],
            [10.652309410218628, 63.803961657378657],
            [10.654714780674317, 63.801861540822124],
            [10.659033622864666, 63.793269330951446],
            [10.667768131766101, 63.795082075389011],
            [10.667877560720441, 63.794921746625064],
            [10.670215238048982, 63.79156860717567],
            [10.672758539887946, 63.791061987003566],
            [10.673637176625556, 63.790886988574989],
            [10.676641887656722, 63.790288340639044],
            [10.677495951184529, 63.790118156407793],
            [10.680064977706758, 63.789606341244827],
            [10.682958299527247, 63.789029670347794],
            [10.684382970563533, 63.788745914730107],
            [10.687593547343393, 63.788105836513679],
            [10.689181264191264, 63.787789336601648],
            [10.690290096975543, 63.787568356165295],
            [10.691798397648197, 63.787269681003245],
            [10.692894798607231, 63.787052624918665],
            [10.693858110285946, 63.786861790068514],
            [10.694841097728414, 63.786667131835749],
            [10.696440269315083, 63.786350358374222],
            [10.697984010006373, 63.785805191615573],
            [10.698903707961247, 63.785470715060463],
            [10.699774766307145, 63.785153840034916],
            [10.700697609933357, 63.784839763651675],
            [10.70159701637774, 63.784533972495574],
            [10.702699137629343, 63.784056763940228],
            [10.704196974976071, 63.783636472765195],
            [10.705607746691371, 63.783240451713461],
            [10.706500284287241, 63.783044461493297],
            [10.707682782631304, 63.782784556204362],
            [10.708936829030272, 63.782484340922487],
            [10.70993903524813, 63.782244400266769],
            [10.711376121276023, 63.781886776173828],
            [10.712740801070803, 63.781558717860321],
            [10.71314433775999, 63.781473455093902],
            [10.713199682154899, 63.781478337786695],
            [10.717550719889529, 63.780648245862636],
            [10.722052577355136, 63.779778546780953],
            [10.723885080427117, 63.779321162022519],
            [10.725234719838447, 63.778770053257993],
            [10.726366826921577, 63.778055793312632],
            [10.727105634274777, 63.777295163341336],
            [10.727439326691355, 63.77633967057735],
            [10.727196338575347, 63.775560352156475],
            [10.726129413252808, 63.774818082929826],
            [10.724451369268174, 63.774097763779096],
            [10.723269677535582, 63.77340177691427],
            [10.722261757182309, 63.772664103017128],
            [10.721823670518292, 63.771887788041539],
            [10.721930664048699, 63.771246501259917],
            [10.722682790282121, 63.770784834761649],
            [10.724180154943983, 63.770525706950863],
            [10.726167897464361, 63.770484816611408],
            [10.728808602871036, 63.770604215886245],
            [10.731422681721261, 63.770864811818129],
            [10.733521302950047, 63.771249971601371],
            [10.736051925612839, 63.771731398527756],
            [10.738626664889455, 63.772157989633314],
            [10.741145123573679, 63.772500346053221],
            [10.743350864203986, 63.772671248553408],
            [10.745721165753462, 63.772843560064366],
            [10.747332048314822, 63.773015082334972],
            [10.749086721167687, 63.773236854482313],
            [10.750370151770134, 63.773399039600051],
            [10.752511534061448, 63.773725574298865],
            [10.754837274098053, 63.77412465863744],
            [10.757218917721787, 63.774472582733878],
            [10.759575882829026, 63.774872866731627],
            [10.762529111795367, 63.775251993854184],
            [10.765204213016226, 63.775509799329868],
            [10.767569029464918, 63.775697852329863],
            [10.769853257467837, 63.775832800517904],
            [10.772351296857646, 63.77595510815592],
            [10.774972916966879, 63.775968630554736],
            [10.77710456241892, 63.775882708191155],
            [10.77973590128814, 63.775715746311185],
            [10.782428386357012, 63.775347461711974],
            [10.783408643302387, 63.775086341172589],
            [10.784390157544717, 63.774721516377753],
            [10.785025043746822, 63.774356883208064],
            [10.785370495391559, 63.773914295385971],
            [10.78546173424956, 63.773387863403066],
            [10.785512304036917, 63.772786890400113],
            [10.78553263720659, 63.772755483834061],
            [10.78551781813943, 63.772541917813413],
            [10.785527827377352, 63.772492590540864],
            [10.785598608147, 63.772414477846709],
            [10.785679589287561, 63.772374148210488],
            [10.78575473934206, 63.772360615392444],
            [10.786145928529013, 63.772399024649715],
            [10.786302076800105, 63.772400804877897],
            [10.78652092075251, 63.77234050573221],
            [10.786672761681363, 63.772275909684531],
            [10.786763937969207, 63.772248911869617],
            [10.786982679050913, 63.772224655477544],
            [10.78705771759002, 63.772188735805884],
            [10.787154841103924, 63.772112381555914],
            [10.787296192820861, 63.771888100937105],
            [10.787322568196405, 63.771829813569902],
            [10.787338424047284, 63.771708654275329],
            [10.787399040434238, 63.771596534409959],
            [10.787414895790151, 63.771475375100813],
            [10.787377881266403, 63.771279768064758],
            [10.787332891345839, 63.77113894127465],
            [10.787288154406628, 63.771035876201552],
            [10.786806601830808, 63.770468243671196],
            [10.786735343461389, 63.770371414272034],
            [10.786686521272168, 63.770286207727004],
            [10.786659809730967, 63.770221603679175],
            [10.78666585914497, 63.770115798700601],
            [10.7867668078588, 63.769938968297545],
            [10.786924341339294, 63.769795344491087],
            [10.78698099768984, 63.769708368497064],
            [10.786985108157165, 63.769656351733197],
            [10.786858728561436, 63.7694294556686],
            [10.786803776737827, 63.769275123210321],
            [10.786793365331622, 63.769200658366707],
            [10.786839415225955, 63.768994266223999],
            [10.786885918702117, 63.768907263041342],
            [10.786879621217922, 63.768783478279623],
            [10.786889767267539, 63.768738649550762],
            [10.787020773796385, 63.768522336934218],
            [10.787189175557488, 63.768499035777957],
            [10.787249875425694, 63.768474742347948],
            [10.787316375953278, 63.768362614927071],
            [10.787357001542265, 63.768317688674657],
            [10.78745405030199, 63.768256703743553],
            [10.787585801841393, 63.76820814969048],
            [10.787707163703651, 63.768182933141325],
            [10.788122703463285, 63.768155800415414],
            [10.788193521149781, 63.768118138966351],
            [10.788163126606543, 63.768082282632719],
            [10.788158873946006, 63.768048179404573],
            [10.788270322509753, 63.768010447363167],
            [10.78844659312235, 63.767996993243095],
            [10.78851342137995, 63.767999666076804],
            [10.788564235670751, 63.768013017238019],
            [10.788669679042039, 63.768068596212046],
            [10.788726436226693, 63.768080233326415],
            [10.788827831705593, 63.768064949461177],
            [10.788912927880721, 63.768020064323636],
            [10.789004202067133, 63.768026328038637],
            [10.789080970070188, 63.768012751176158],
            [10.789196381676465, 63.767966145172103],
            [10.789196324880725, 63.767925692480652],
            [10.789222556532929, 63.767905065122619],
            [10.789293560788908, 63.767896083916419],
            [10.78948630354712, 63.767930123092576],
            [10.789557202884714, 63.767932734649364],
            [10.789617849968222, 63.767921023510965],
            [10.789775951494123, 63.767853731318041],
            [10.789911578360917, 63.767860841244641],
            [10.78999878804705, 63.767824916505113],
            [10.790059465896991, 63.767750372195515],
            [10.790089357428583, 63.76753775433032],
            [10.790105266993564, 63.767501903255997],
            [10.790190446358087, 63.767423760163602],
            [10.790196365524396, 63.767405865026888],
            [10.790019670930175, 63.767261549871797],
            [10.790013421023021, 63.767246265511567],
            [10.790053943148349, 63.767189739647044],
            [10.789948486077392, 63.767086608861518],
            [10.789938020143223, 63.767064189773443],
            [10.79004543305915, 63.767008540108556],
            [10.790035146070398, 63.766969945855188],
            [10.789998876675673, 63.766936704864897],
            [10.790004772647803, 63.766902628653853],
            [10.78991740409916, 63.766844342782463],
            [10.789886979889873, 63.766797788915312],
            [10.789838318665282, 63.766761848543254],
            [10.789720520131608, 63.766727842699169],
            [10.789525301455262, 63.76669139412077],
            [10.789717827118416, 63.766587983249742],
            [10.792570619029418, 63.765020396596398],
            [10.794009020279203, 63.764599465038167],
            [10.797633295667877, 63.763928768732029],
            [10.800595636752012, 63.763300083613629],
            [10.804788044705653, 63.762362263344471],
            [10.81385673155804, 63.760312170860267],
            [10.820407239974118, 63.758609431112802],
            [10.825537664907436, 63.757334834674715],
            [10.83034983770726, 63.756170582999474],
            [10.831431448876671, 63.755910925578547],
            [10.834265392066817, 63.75517521371561],
            [10.834627607276961, 63.754404203693994],
            [10.835159350745284, 63.753466320079596],
            [10.83587243876342, 63.751826979730986],
            [10.836098536087251, 63.751215897263542],
            [10.836512695108976, 63.750328633296924],
            [10.837613964798196, 63.747975295614644],
            [10.839318284037805, 63.744297086722042],
            [10.841394643772308, 63.739889748637545],
            [10.842275828708662, 63.738017134222297],
            [10.841830608800741, 63.735429980912308],
            [10.841149860304583, 63.734785863505856],
            [10.840500293185615, 63.734151991603802],
            [10.839567571276126, 63.733394156070041],
            [10.83848477944133, 63.732418760154616],
            [10.837397033746548, 63.731445817867176],
            [10.837225819644559, 63.730295961960366],
            [10.837056516817233, 63.729514701770185],
            [10.836990403368819, 63.729116652663173],
            [10.837032377514303, 63.728901865836292],
            [10.837291702037827, 63.728124194978747],
            [10.837414721525308, 63.727750133692645],
            [10.837596335802585, 63.727141990873513],
            [10.837878650386344, 63.726276804398552],
            [10.837912333012849, 63.726180250101024],
            [10.838917157610913, 63.725713307247041],
            [10.840311125955258, 63.72504493285804],
            [10.840955680402528, 63.724396326298177],
            [10.842004151943483, 63.724075794552682],
            [10.842327922291664, 63.723252969291444],
            [10.842460987770455, 63.722786521526267],
            [10.842586494591334, 63.722463855440928],
            [10.842886592797585, 63.721861109808749],
            [10.843078509423824, 63.721118339469619],
            [10.843293813917521, 63.720788829154692],
            [10.843660398441193, 63.720359778628669],
            [10.844480985471257, 63.719876514742396],
            [10.845715954054272, 63.718355325892382],
            [10.875479510565919, 63.699626478564426],
            [10.856468212903515, 63.693277116342529],
            [10.716451147126659, 63.655345048749162],
            [10.513921835309509, 63.57368802224557],
            [10.488582123032216, 63.51659481657493],
            [10.550347823381106, 63.495293795402105],
            [10.653928004666902, 63.490544133750987],
            [10.715081462105521, 63.468639438875485],
            [10.774468415679888, 63.455347288003537],
            [10.838211699113415, 63.454542495824157],
            [10.859674922346466, 63.426964924503359],
            [10.861198908655966, 63.380136644524612],
            [10.844171134707326, 63.355146516673365],
            [10.860238699172973, 63.354817250142439],
            [10.851681912140819, 63.352976375403657],
            [10.854596828211994, 63.344190496482263],
            [10.964646438233824, 63.329430867385774],
            [11.042867374249504, 63.340650252125535],
            [11.139519667285748, 63.340225695015029],
            [11.189135804460735, 63.347895415936669],
            [11.454554116421196, 63.326235038152006],
            [11.550186110709474, 63.264054213822874],
            [11.630774935259623, 63.180689835276269],
            [11.930863077781797, 63.194904848835797],
            [12.052757179782356, 63.183119542609937],
            [12.072769365542248, 63.161042022411984],
            [12.100833413794215, 63.130485951206865],
            [12.118708542480388, 63.110975081157392],
            [12.141290329386102, 63.086308748825481],
            [12.169930935528201, 63.054358433082022],
            [12.199482010099702, 63.021334854017375],
            [12.21823295751056, 63.000334468170536],
            [12.17836592696055, 62.972890880357184],
            [12.170415658927853, 62.967410672551345],
            [12.150035158112837, 62.95358363599987],
            [12.134780353732577, 62.943219458083504],
            [12.097310235100871, 62.9178768205702],
            [12.074688981038619, 62.902546296510373],
            [12.091872725371985, 62.859557759347865],
            [12.098548703781995, 62.842801207534237],
            [12.103829651708399, 62.829546708667742],
            [12.117694179923506, 62.794831538756583],
            [12.136384549870208, 62.74791694389485],
            [12.111782392318021, 62.706252905359108],
            [12.097087627491318, 62.681346110573358],
            [12.092321959948864, 62.673212599576068],
            [12.091360438199088, 62.671570967090545],
            [12.081310310004648, 62.654548499296325],
            [12.073822597062971, 62.641812667021831],
            [12.065431189860922, 62.627646219646934],
            [12.05614400473314, 62.611919137286868],
            [12.068824078444871, 62.593743518967763],
            [12.105512432297111, 62.541076474830895],
            [12.141318317459056, 62.490813736091127],
            [12.165304700988642, 62.457648591245338],
            [12.181560918246168, 62.434150472124117],
            [12.204940892322067, 62.401115737675376],
            [12.227462803520181, 62.369428224997542],
            [12.244887550403233, 62.344841315494328],
            [12.254665262295756, 62.331024924131071],
            [12.229490239378931, 62.327428770250435],
            [12.208927030372699, 62.331122419608107],
            [12.166629631918312, 62.312849707309276],
            [12.130953416690641, 62.310042784681087],
            [12.050397103232985, 62.348492271286247],
            [11.99552874794891, 62.353668973624401],
            [11.981896450471529, 62.360434674403912],
            [11.836859509676984, 62.374481390052523],
            [11.856796123438972, 62.35792735035308],
            [11.840280320662464, 62.358895626087808],
            [11.830711569610292, 62.353964909556353],
            [11.795792493412849, 62.314360415542467],
            [11.845568185597317, 62.270929063463967],
            [11.852017674171552, 62.140107085238348],
            [11.829201064116482, 62.134767338867441],
            [11.780668907143978, 62.167463809824916],
            [11.695809080346907, 62.178235241523645],
            [11.651893974459727, 62.205957970032124],
            [11.607742247181399, 62.224543869063538],
            [11.552165372651876, 62.237513136761606],
            [11.513876633418624, 62.284810345791563],
            [11.392651808775261, 62.322650664809579],
            [11.37959554325961, 62.330725893291813],
            [11.345533953521063, 62.331358281678106],
            [11.35307329914364, 62.365134259263435],
            [11.341226928949151, 62.371441627410881],
            [11.336123420775671, 62.394919190480209],
            [11.317386716906888, 62.412434707705401],
            [11.274622968120056, 62.429928292940311],
            [11.191134722808215, 62.430942909006113],
            [11.167909002139748, 62.418961434733049],
            [11.15038033615266, 62.421950879309136],
            [11.125304190568503, 62.419393365556026],
            [11.110655863041696, 62.431257519570586],
            [11.121565669591185, 62.44762912699953],
            [11.09962007590363, 62.459313539958302],
            [11.068803141167841, 62.454846642800661],
            [11.053921687634883, 62.459619121617877],
            [11.029257448223277, 62.472767994180451],
            [11.017660822139611, 62.477134463642507],
            [11.012805947600835, 62.489908459389738],
            [10.994327100135536, 62.490350638909511],
            [10.980036839617989, 62.485019333101135],
            [10.966691748958755, 62.477666621178592],
            [10.940322099183998, 62.490473924836152],
            [10.905478572770441, 62.525478994153417],
            [10.810411738680086, 62.562688162829836],
            [10.806669146042138, 62.569749628731515],
            [10.73864403686742, 62.588071462344189],
            [10.718193248736693, 62.598998901576145],
            [10.753666684427309, 62.616658727880363],
            [10.740340318374363, 62.645467525317152],
            [10.718067596131899, 62.650176777177279],
            [10.711749886775355, 62.666013034304072],
            [10.673065238118705, 62.67505408141227],
            [10.649508127802585, 62.676580828738999],
            [10.592828442794012, 62.663812203524515],
            [10.325035100456267, 62.695402813364424],
            [10.238727683911891, 62.695074738119004],
            [10.206271619699585, 62.692309166514839],
            [10.197855830356895, 62.687816825704061],
            [10.176467849290072, 62.696929316763907],
            [10.15969777456783, 62.691345976611217],
            [10.162983245398806, 62.686043882493735],
            [10.149775080875937, 62.683950291749703],
            [10.144133550996315, 62.687513393886846],
            [10.147592472464279, 62.676693439187986],
            [10.119158375249736, 62.664623468501958],
            [10.074118438051398, 62.60192228870671],
            [10.056717886766727, 62.600174416901908],
            [10.026917799606791, 62.585526429143471],
            [10.037762922565991, 62.567912595971386],
            [10.0063407333353, 62.557769433620919],
            [10.0381480309032, 62.50312405634179],
            [10.097898232904969, 62.427875048440974],
            [9.951805449343841, 62.397198523740059],
            [9.953383044681768, 62.381404838425404],
            [9.934191190767374, 62.355220258268538],
            [9.900258190165426, 62.344369792847168],
            [9.839307869915912, 62.362153106246332],
            [9.821439119878667, 62.342836906860697],
            [9.841818318507135, 62.339466278386055],
            [9.843995526210108, 62.333330327699372],
            [9.854750222085912, 62.330976446532823],
            [9.833553945588562, 62.328686331077805],
            [9.839633406222674, 62.314931346430456],
            [9.82730062881684, 62.299194905355613],
            [9.792455187729873, 62.287930420849825],
            [9.718068313034365, 62.28278489146539],
            [9.602064456350694, 62.255321792167798],
            [9.515075582494839, 62.278019267167572],
            [9.483888480787119, 62.29226971477609],
            [9.21273723814549, 62.343124435988685],
            [9.06206156688518, 62.37260661195279],
            [9.104663076848933, 62.382021797377313],
            [9.142180581447292, 62.398402125492971],
            [9.183619802562415, 62.426647508936455],
            [9.198713316429608, 62.447515990569485],
            [9.18427852730942, 62.458256112197013],
            [9.212889345851091, 62.506890777590876],
            [9.205988628887585, 62.520728560087164],
            [9.223122451039691, 62.520882007183047],
            [9.243720144579887, 62.556077681545922],
            [9.220983569805943, 62.574734942778406],
            [9.201462543224519, 62.572090275291139],
            [9.194330869699218, 62.577039958030078],
            [9.152225389445576, 62.572888352514546],
            [9.14961123217784, 62.578163447394672],
            [9.126309029308041, 62.585787966396801],
            [9.111355805326962, 62.605532131219],
            [9.012120445645992, 62.66395170049617],
            [8.981344301376653, 62.662197420793831],
            [8.91995950848824, 62.71176967255424],
            [8.986399573762236, 62.741825438327361],
            [9.057698027412371, 62.74632770021735],
            [9.077130636006855, 62.75962984430415],
            [9.102776835895659, 62.754076276948986],
            [9.14682363860187, 62.756454743236944],
            [9.364824594643313, 62.794104587015838],
            [9.330762867367181, 62.798709811098917],
            [9.32354614534014, 62.809464097262627],
            [9.331209754719687, 62.8622219739364],
            [9.286259365974795, 62.877279186400976],
            [9.299425643328817, 62.889462021988173],
            [9.31259781502936, 62.891210798495472],
            [9.307807742803933, 62.905293353390014],
            [9.266724981019141, 62.925834605600301],
            [9.203410063670081, 62.925152300579995],
            [9.174327803842633, 62.917169881436116],
            [9.124989302145302, 62.932357529909972],
            [9.115599056478178, 62.958528104870645],
            [9.130924025309211, 62.957684916983915],
            [9.116357025605328, 62.961120757463249],
            [9.114738887923002, 62.974810859866601],
            [9.149037319652495, 62.993042773854732],
            [9.173408159159258, 62.984102640860904],
            [9.177620643262157, 62.99300748040541],
            [9.142344097835005, 62.999625656232134],
            [9.156223644155073, 63.01301043903436],
            [9.132221337565829, 63.016618693211321],
            [9.104284176136423, 63.02908051485781],
            [9.11419324924135, 63.04014658224078],
            [9.104255629838407, 63.043907168008829],
            [9.083743865651863, 63.090386916374918],
            [9.046162045760759, 63.08803036296927],
            [9.013432635487145, 63.073862452422276],
            [8.970997714020111, 63.072403480829088],
            [8.96022324212427, 63.093533107780225],
            [8.995189978609357, 63.103649323311636],
            [8.984543632258518, 63.11573487120635],
            [8.983494125281149, 63.116930939691592],
            [8.983344019274325, 63.117102210333869],
            [8.983405854578962, 63.117193267216834],
            [8.983411019220778, 63.117222031516043],
            [8.98351358886906, 63.117288348797061],
            [8.983505967739736, 63.117333677532272],
            [8.983555742118295, 63.117358307561219],
            [8.98352511804244, 63.11741481334667],
            [8.983533469630686, 63.117473248248352],
            [8.983571730258891, 63.117509274207457],
            [8.98353291500986, 63.117528602693241],
            [8.983536029042439, 63.117545213587164],
            [8.983566549087708, 63.117564881953491],
            [8.983553967220058, 63.11759099991805],
            [8.983568602858465, 63.117626830704175],
            [8.983614996230536, 63.117650506375107],
            [8.983628023565739, 63.117709410416794],
            [8.983613283178286, 63.117728683092416],
            [8.983630653237343, 63.117755175465838],
            [8.983566074056096, 63.11783058632934],
            [8.983568286807317, 63.117916674069988],
            [8.983551561785699, 63.117948378610514],
            [8.983491299123701, 63.117971386546373],
            [8.983433935146778, 63.118032156911454],
            [8.983284423195421, 63.118133487509482],
            [8.983419472116639, 63.118203348351116],
            [8.98349379687688, 63.118229473555623],
            [8.983648974400033, 63.118231125918889],
            [8.98367840728036, 63.118268486946256],
            [8.983705583283864, 63.118276487088266],
            [8.983725986460778, 63.118299866892094],
            [8.983802506706679, 63.118311588022507],
            [8.983844957788993, 63.118359047912442],
            [8.983938037527754, 63.118416496541329],
            [8.983935910436816, 63.118442068999961],
            [8.983829619783471, 63.118500937268031],
            [8.983792964542168, 63.11855583575656],
            [8.983747337391286, 63.118569651772773],
            [8.983740612403496, 63.118609705971743],
            [8.983682672834258, 63.118662708042073],
            [8.983602680338226, 63.118700274124976],
            [8.983487083035278, 63.1187196662734],
            [8.983467121947246, 63.118731513092868],
            [8.983396113917864, 63.118818716442156],
            [8.983405540015228, 63.118850903760006],
            [8.983279103857614, 63.118948354215846],
            [8.983282064795429, 63.118984858685373],
            [8.983340795797185, 63.119026708474507],
            [8.983366574762053, 63.119087415938488],
            [8.98333058778748, 63.119209967074525],
            [8.983402490990636, 63.11927362824963],
            [8.983535280905127, 63.119349605800771],
            [8.983551332724989, 63.119388198206472],
            [8.983396595761644, 63.119500292312871],
            [8.983307926328703, 63.119666794531945],
            [8.983307609888882, 63.119692263978607],
            [8.983359026805534, 63.119781796722542],
            [8.983420807130599, 63.119794601429639],
            [8.983402695834471, 63.119834891369592],
            [8.98335986057193, 63.119875479668401],
            [8.983304498680598, 63.119896895335671],
            [8.983305550297228, 63.119910987215619],
            [8.983348856956093, 63.11995146006393],
            [8.983338206916359, 63.120012327843064],
            [8.983214588815249, 63.120053079551624],
            [8.983185847876939, 63.120074637772362],
            [8.983195865602944, 63.120117385622265],
            [8.983219715494201, 63.120148115829117],
            [8.983197197205193, 63.120169398640087],
            [8.983269584267257, 63.120230739225661],
            [8.983245201030599, 63.120291652796226],
            [8.983201722690319, 63.120313304117815],
            [8.983203293404198, 63.120345967498089],
            [8.98317415611913, 63.120359854975639],
            [8.983149181048381, 63.120410208007279],
            [8.98314880882249, 63.120435945220997],
            [8.983166836983361, 63.120444906723577],
            [8.983158791395931, 63.120507596230034],
            [8.983100890656601, 63.120569964618319],
            [8.983078555728815, 63.120624842259978],
            [8.983056583170709, 63.120745018431087],
            [8.983141353169565, 63.12083101835136],
            [8.983130505481132, 63.120965625119823],
            [8.983079307067953, 63.121091490858952],
            [8.983089928132886, 63.121124629505381],
            [8.98318244880757, 63.121191509397896],
            [8.983185778610041, 63.121208039432389],
            [8.982828657164564, 63.121614612876613],
            [8.981745990605564, 63.122847265384365],
            [8.980512891673103, 63.124884821123182],
            [8.979243232550445, 63.125982354859033],
            [8.976086959241611, 63.128680225203091],
            [8.973657647629455, 63.130756820916297],
            [8.970715887314039, 63.133271676265117],
            [8.969958487956928, 63.133918964349753],
            [8.958737679733721, 63.130872031121207],
            [8.949701981758507, 63.12841734030993],
            [8.943791493225746, 63.126811109747443],
            [8.942311725250068, 63.126408855449419],
            [8.940983730893052, 63.126047758367044],
            [8.935060265940267, 63.124437513789964],
            [8.924431848948332, 63.121547394563841],
            [8.915934136405692, 63.119235232882808],
            [8.91107852096102, 63.117913629440203],
            [8.905113242147333, 63.120273556711496],
            [8.900257514116134, 63.121673714610921],
            [8.898734618990863, 63.122112831125051],
            [8.892431368281462, 63.12156099699358],
            [8.886569441077491, 63.120570211686051],
            [8.886488781272199, 63.120556546707618],
            [8.874422816056564, 63.117692039643273],
            [8.874385775256313, 63.11767908710322],
            [8.873968569114091, 63.117622279531282],
            [8.873875297321593, 63.117602476718268],
            [8.873720302689692, 63.117551000145518],
            [8.873479460237068, 63.117515164160046],
            [8.873321565502092, 63.117524439634309],
            [8.873242224918531, 63.117519649348282],
            [8.873097455282156, 63.117465913603439],
            [8.873030013593688, 63.117429308710634],
            [8.872790127341117, 63.117362623522304],
            [8.872560775310482, 63.117327013868092],
            [8.872436183139602, 63.11731800977158],
            [8.872381068391755, 63.117304002866234],
            [8.872345895430501, 63.117275640983387],
            [8.872156951049112, 63.117254930869514],
            [8.872026200800146, 63.117263760787111],
            [8.871780861571036, 63.117224754909877],
            [8.871531407082871, 63.117149727549943],
            [8.871443620899035, 63.117136915158149],
            [8.871146589692893, 63.117048927073817],
            [8.871090490106408, 63.117043342257801],
            [8.870766024192239, 63.117037105888798],
            [8.870661507550041, 63.116998081324574],
            [8.870580503000676, 63.116957915035435],
            [8.870380983854515, 63.116898829869328],
            [8.870336812383078, 63.116894212365928],
            [8.870182944021291, 63.116921129920335],
            [8.870144725081445, 63.116914699228005],
            [8.870081057027082, 63.116889423494946],
            [8.870057528990257, 63.116865258370709],
            [8.869964578762135, 63.116847718180004],
            [8.86991973420791, 63.116825600306868],
            [8.869868942258639, 63.11681655286953],
            [8.869812204309694, 63.116788605718497],
            [8.869629837001336, 63.11675845119953],
            [8.869561158907027, 63.116732417543211],
            [8.869453690559745, 63.116729917138933],
            [8.869371024798593, 63.116714533738296],
            [8.869350703834396, 63.1166855544596],
            [8.869281373599106, 63.11666354492781],
            [8.869145012537045, 63.116657539492373],
            [8.868986708305949, 63.116591684711224],
            [8.868615706469042, 63.116496159126555],
            [8.868187719014946, 63.116416171431609],
            [8.867933058628312, 63.11635171817008],
            [8.867161749948885, 63.11614038622227],
            [8.866643457587022, 63.116033239918586],
            [8.865968768463951, 63.115862567297206],
            [8.865679345419148, 63.115778229104237],
            [8.865445351642963, 63.115721422361297],
            [8.865361466677593, 63.115681758098084],
            [8.865221349423074, 63.115599577220685],
            [8.865128003376254, 63.115567967486356],
            [8.864856166808426, 63.115515190507956],
            [8.864380637826539, 63.11543816977472],
            [8.864256722957686, 63.115402530510849],
            [8.864046739600935, 63.115327221246496],
            [8.863735566324111, 63.115254542401708],
            [8.863421101531358, 63.115142004510417],
            [8.863240566009114, 63.115090126800006],
            [8.863012456621217, 63.115046899743838],
            [8.862623588893941, 63.114944817601426],
            [8.860144089430268, 63.114320000583213],
            [8.859475237990903, 63.114987447229133],
            [8.857971373785647, 63.116522156212731],
            [8.856724392254295, 63.117816398019833],
            [8.856493600394794, 63.118055917194894],
            [8.852030693658985, 63.12002496594868],
            [8.847516710425758, 63.122016076118868],
            [8.847216869109134, 63.122148379556634],
            [8.845436756541282, 63.122179579826707],
            [8.844702562406813, 63.122192367964637],
            [8.842473757790058, 63.122231458495698],
            [8.841096397778701, 63.122829064200957],
            [8.838945721694612, 63.123762288952307],
            [8.833560716084982, 63.126098241826803],
            [8.827142525648975, 63.125878088192742],
            [8.826063215198005, 63.125902999688421],
            [8.824343170265749, 63.125945031696098],
            [8.822682259515993, 63.125989627188346],
            [8.820968986866664, 63.12590564766483],
            [8.819257629458773, 63.125812724577465],
            [8.818710846928086, 63.125950836470956],
            [8.816740123913547, 63.126423209209818],
            [8.814280786022483, 63.126477630029058],
            [8.811069351956034, 63.126607336273096],
            [8.807152642672738, 63.126617360734912],
            [8.796303985858192, 63.123305154286896],
            [8.792612890329249, 63.122782203873165],
            [8.785530517251178, 63.118066678494806],
            [8.783096507989912, 63.116445616439329],
            [8.77757172974103, 63.114910536056406],
            [8.774660441862427, 63.114101491851372],
            [8.772732518942798, 63.111312375600569],
            [8.777264417262439, 63.107130949169068],
            [8.76425194833706, 63.103362576919459],
            [8.752936186357953, 63.100084245413683],
            [8.747845890187197, 63.098609036084284],
            [8.738788654611058, 63.095016895039798],
            [8.734803876769305, 63.094497183933747],
            [8.721264907696733, 63.085424074211453],
            [8.708428159406658, 63.083120149024474],
            [8.7059840115872, 63.082831596692735],
            [8.705949153744326, 63.082828331220149],
            [8.705072442160445, 63.08239643074652],
            [8.704163116635625, 63.081948297394256],
            [8.702400778493978, 63.081102351718002],
            [8.696142182315011, 63.077647704082494],
            [8.69273848935512, 63.075787836592561],
            [8.688717018392115, 63.073399250374081],
            [8.680831397255648, 63.071749938718668],
            [8.680155065027257, 63.071613184002807],
            [8.673525099023795, 63.069843016816407],
            [8.666936021134665, 63.068060023700433],
            [8.665605108574086, 63.067699968549348],
            [8.65947154257162, 63.066037749467547],
            [8.652572275945618, 63.064175861959427],
            [8.647691528699507, 63.072535921903032],
            [8.641140490014509, 63.070018979075421],
            [8.633060833578149, 63.068650353572025],
            [8.6329867189799, 63.068637821214907],
            [8.632950876987225, 63.068645482334738],
            [8.622301677837607, 63.070940001321517],
            [8.614888274320949, 63.069404313314081],
            [8.613699876136142, 63.069158026618368],
            [8.60934664359965, 63.068256036254631],
            [8.599613921085444, 63.066238599612511],
            [8.592690421173847, 63.064802981677289],
            [8.579709174214418, 63.064619234852174],
            [8.575360042986821, 63.064557375592209],
            [8.569126832380382, 63.063709983012004],
            [8.560857680464025, 63.062585519852021],
            [8.553640337129703, 63.061603481551195],
            [8.547066340975652, 63.056038150521942],
            [8.534440068847305, 63.057147339548628],
            [8.526033804970663, 63.057885113415011],
            [8.517795396720755, 63.05483206025766],
            [8.509175356213433, 63.051636482462996],
            [8.502041768991354, 63.048990914057647],
            [8.501988069283595, 63.048970961192374],
            [8.497428883811285, 63.061504409308824],
            [8.497360173261606, 63.061660440209806],
            [8.494858803328782, 63.065298759106845],
            [8.494244337647309, 63.066189038410108],
            [8.49393112168236, 63.06665858783883],
            [8.492886025903791, 63.068190847136506],
            [8.492112724419265, 63.068952616626333],
            [8.489442591983209, 63.07164402839328],
            [8.481498386670925, 63.07965039527113],
            [8.480131376470698, 63.07936209269873],
            [8.468845102322419, 63.076981380643026],
            [8.458714712720374, 63.074831689254431],
            [8.458379534761644, 63.074772542130134],
            [8.454414105604831, 63.073935147114923],
            [8.453667245381583, 63.073777420954393],
            [8.453893494181228, 63.073022969298741],
            [8.453975817430971, 63.072785771372807],
            [8.450720198860102, 63.0713799505683],
            [8.450038459544425, 63.071085479514025],
            [8.446944128177412, 63.069749125857264],
            [8.43721376385961, 63.065545340209688],
            [8.437203963307004, 63.063489123576254],
            [8.437162194992272, 63.061519809416112],
            [8.437069103205394, 63.058684662381346],
            [8.437022417023925, 63.057260684984044],
            [8.437015603608369, 63.057048358609769],
            [8.436978364667146, 63.051573848562391],
            [8.430074243481627, 63.049362985703311],
            [8.429765490968133, 63.049263993057878],
            [8.429727861093578, 63.049243408215155],
            [8.425172483628129, 63.046739298665102],
            [8.407269718950857, 63.054118875427555],
            [8.407087188848465, 63.0541934184347],
            [8.406972370491683, 63.054249591952065],
            [8.404110669384982, 63.056277301803298],
            [8.403965622004165, 63.05636332602019],
            [8.402801088633316, 63.056876516676191],
            [8.389014266638048, 63.053531906953083],
            [8.380503901275938, 63.052534247964878],
            [8.369794965533847, 63.048742576254483],
            [8.368756215183678, 63.048374737740374],
            [8.362326991933669, 63.046069146003184],
            [8.362125183271869, 63.045996657385544],
            [8.356025948156654, 63.043045049307949],
            [8.3447654335459, 63.041019903716069],
            [8.344848142352934, 63.040981185982815],
            [8.344864049750315, 63.040952470544489],
            [8.344903535380588, 63.040930004689216],
            [8.345045961424704, 63.040887077626159],
            [8.345081455090913, 63.040867306827003],
            [8.345111293200944, 63.040831499482451],
            [8.345130956167919, 63.040782055451977],
            [8.345218463199489, 63.040505759671909],
            [8.345208559460946, 63.040451946050837],
            [8.345149831716519, 63.040245611338143],
            [8.345136113022269, 63.040097541113568],
            [8.345169662033131, 63.040043796567744],
            [8.345361720053612, 63.039902017363808],
            [8.345806582156719, 63.03965998397581],
            [8.346053936888849, 63.039628587838962],
            [8.346172389414143, 63.039581103960622],
            [8.346277264059065, 63.039493239897809],
            [8.346409697314563, 63.039434971673003],
            [8.346469247437886, 63.039331811691547],
            [8.346504834797292, 63.039298618457735],
            [8.346637407040976, 63.039224136575378],
            [8.346682994906796, 63.039179340440718],
            [8.346683739138514, 63.039150089367752],
            [8.338329132767498, 63.035533417213543],
            [8.330555317102849, 63.043631520597316],
            [8.328597599012669, 63.045145692349855],
            [8.315387848238094, 63.042202601314649],
            [8.296818802100391, 63.038062480058251],
            [8.291116646788616, 63.034739060913495],
            [8.287627960673779, 63.03270515077444],
            [8.283503387447206, 63.030300181322076],
            [8.273774872337535, 63.025913131896239],
            [8.267593407300177, 63.025433856717967],
            [8.267494806269339, 63.02543383114137],
            [8.267182763537328, 63.025397650864932],
            [8.266574851193578, 63.025294879575036],
            [8.266180378993834, 63.025192304077926],
            [8.265694745566854, 63.025085009386942],
            [8.265004168130371, 63.024901496966592],
            [8.264499250639794, 63.02474046542595],
            [8.264138502601289, 63.024603718227823],
            [8.263846508860603, 63.024511893066816],
            [8.26361381797544, 63.024417585772369],
            [8.263263003601342, 63.024242288874127],
            [8.263160587105244, 63.02417313550729],
            [8.263066144406903, 63.024083275167051],
            [8.262772810480826, 63.023873145276575],
            [8.262650691506927, 63.023811971154032],
            [8.262552066582661, 63.023778686299124],
            [8.262342940161684, 63.02372912185772],
            [8.262220460481528, 63.023682349348704],
            [8.262185412874009, 63.023621283665648],
            [8.262096632816403, 63.023556656737448],
            [8.26194342857023, 63.023377108734429],
            [8.261864645623099, 63.023325847017375],
            [8.26134852905837, 63.023009619883439],
            [8.261007502879476, 63.022847851998854],
            [8.260814451767196, 63.022722992058142],
            [8.260306139727327, 63.022439937644627],
            [8.260146664928774, 63.022330291192517],
            [8.259860952471243, 63.022173870040064],
            [8.259638829075154, 63.021985343660319],
            [8.259386619417681, 63.021848728775396],
            [8.2591875002138, 63.021718438878914],
            [8.258975460817803, 63.021480466721883],
            [8.258871073925301, 63.021393371302011],
            [8.258683999635128, 63.021269334518735],
            [8.258550430479769, 63.021131005381264],
            [8.258292299779258, 63.020971214003708],
            [8.2581405254512, 63.020904560499467],
            [8.258074239258944, 63.020858490452007],
            [8.257931270180993, 63.020706823369217],
            [8.2575994657113, 63.020463566926836],
            [8.243706084482348, 63.012084195772879],
            [8.202958268544489, 63.022805242645532],
            [8.17328794079021, 63.064029260273898],
            [8.15065869252491, 63.095384492338631],
            [8.114497510867716, 63.1210044995861],
            [8.10266458151715, 63.129376146236822],
            [8.132462990368218, 63.137971489709031],
            [8.150059793635165, 63.143042283050256],
            [8.17527037574515, 63.145606470290105],
            [8.19576640485321, 63.147687431650027],
            [8.227994964060752, 63.150952824976713],
            [8.263456135743104, 63.15453665163534],
            [8.316920615626151, 63.157160437079106],
            [8.33321859715978, 63.157956071166133],
            [8.368996186186898, 63.147864167609292],
            [8.375063141739279, 63.147962757984573],
            [8.387535243238519, 63.14816461104077],
            [8.475666311850642, 63.149558133636674],
            [8.482864588780027, 63.149669585646478],
            [8.532375427218904, 63.16226954147934],
            [8.569061671190591, 63.171587232898524],
            [8.570545298629314, 63.171814032205504],
            [8.602388490896288, 63.176676621364145],
            [8.672151050294273, 63.187300160317307],
            [8.76241514861518, 63.189827957674481],
            [8.81904078972458, 63.194772904009376],
            [8.833267813875391, 63.198838284351076],
            [8.832187574855604, 63.20197606419152],
            [8.83219561558343, 63.201996317804081],
            [8.833021856258874, 63.204070372357101],
            [8.83324775354836, 63.204613547625662],
            [8.833863096616017, 63.206092475831241],
            [8.837280674734595, 63.214380683493332],
            [8.837638911166033, 63.215203836755691],
            [8.846723772267811, 63.216907879445422],
            [8.861660463446499, 63.21969382056389],
            [8.86242755399922, 63.228114855638886],
            [8.86247392553552, 63.22862397945277],
            [8.86269417445518, 63.231325525384285],
            [8.854243185671612, 63.234464528408616],
            [8.847827822617814, 63.236846865512511],
            [8.831363498905381, 63.242977724741458],
            [8.828893060968722, 63.243892234057888],
            [8.827908572873566, 63.244248443016858],
            [8.824060931344906, 63.253702467471506],
            [8.821272935195552, 63.260414938756355],
            [8.821247176877002, 63.260477220427731],
            [8.817165258320225, 63.264983052018231],
            [8.817002272560865, 63.265162918131701],
            [8.81574866310206, 63.266126432102062],
            [8.816953374386623, 63.267007429174804],
            [8.819200057885704, 63.268608289175965],
            [8.824849185128857, 63.272643180529215],
            [8.82505238591968, 63.272791259305983],
            [8.829103899375978, 63.275684399624204],
            [8.830190384483979, 63.276461860011651],
            [8.8331679660213, 63.278587940111173],
            [8.837690921501917, 63.281821971802891],
            [8.845667660901, 63.287522676325885],
            [8.849306470962565, 63.290122442211008],
            [8.858862129068134, 63.293041021754647],
            [8.865973653456964, 63.295212743055096],
            [8.865685528262942, 63.29693930777664],
            [8.865245402597809, 63.299600228769819],
            [8.865095970879278, 63.300507678291304],
            [8.864760475206692, 63.302531550173839],
            [8.864621025354586, 63.303382695089624],
            [8.864501665199425, 63.304101242480591],
            [8.864652694739172, 63.306100115335582],
            [8.864816320603707, 63.307954718692798],
            [8.865395773376884, 63.315979393562785],
            [8.863131136660401, 63.321745250913317],
            [8.86507991309885, 63.324012772634504],
            [8.86832412518069, 63.327787259555407],
            [8.870122874528843, 63.329878994841344],
            [8.882365219445925, 63.336222622825687],
            [8.882469169974872, 63.339901022036315],
            [8.882563177281531, 63.343581874478538],
            [8.882563321106696, 63.343603764278527],
            [8.882590805342971, 63.343623408446341],
            [8.885000952676497, 63.344194218768621],
            [8.886023622708944, 63.344436416254254],
            [8.88816435779944, 63.344942809604078],
            [8.892328799165256, 63.345922457651334],
            [8.894186899052201, 63.346364649440311],
            [8.895538832166652, 63.346686293217772],
            [8.896890263105556, 63.347012314273719],
            [8.897687814198429, 63.347196848749931],
            [8.901649510366365, 63.348135261488011],
            [8.904581632098164, 63.348833464930195],
            [8.905660619131694, 63.35014830283307],
            [8.906266025200077, 63.350857576460534],
            [8.906964117452947, 63.351631874471174],
            [8.907723332170118, 63.352524505283355],
            [8.910614776538775, 63.355915934448397],
            [8.911064978610476, 63.356501555179925],
            [8.906294028568485, 63.355760755840571],
            [8.892114595802921, 63.353511290500748],
            [8.8868392580289, 63.356427901748788],
            [8.886274066230637, 63.356740412972215],
            [8.885488524637418, 63.357170156850039],
            [8.88257474491477, 63.358782027895202],
            [8.881336501596024, 63.359466950505357],
            [8.879814722542223, 63.360310950418494],
            [8.875137768955636, 63.362903624720893],
            [8.874901089371654, 63.363071564911202],
            [8.87482129295439, 63.363108924284589],
            [8.874735485175762, 63.363134047181177],
            [8.874301558106833, 63.363242159515046],
            [8.874065000408615, 63.363313742922244],
            [8.87396014841798, 63.363355696320632],
            [8.873836270684134, 63.363427539605993],
            [8.873787912922992, 63.36346796364996],
            [8.873470764200771, 63.363766440707998],
            [8.873304137403263, 63.363890926756682],
            [8.872898624343772, 63.36411003877592],
            [8.872589821049649, 63.36425208455578],
            [8.87244550803867, 63.364341598292249],
            [8.872194338018272, 63.364449563000214],
            [8.872087107202677, 63.364524193544526],
            [8.871921302969925, 63.364695453396344],
            [8.871865448066679, 63.364802826620085],
            [8.871801335500466, 63.364870939380332],
            [8.871665349038347, 63.364947752957704],
            [8.871470920091218, 63.365120570932291],
            [8.871357839543137, 63.365244120250999],
            [8.871066555794281, 63.365450498612503],
            [8.870902325035845, 63.3656077765189],
            [8.870827958390246, 63.365651581963192],
            [8.87072368576772, 63.36583242664851],
            [8.867884065875097, 63.370754880869463],
            [8.856701073489889, 63.367157442551608],
            [8.856690350422802, 63.367155988795091],
            [8.848710337646283, 63.366084248016918],
            [8.845316579316293, 63.366959619301376],
            [8.839924481094197, 63.368345399847243],
            [8.837103531631334, 63.36906995855604],
            [8.833049168595052, 63.370107998253118],
            [8.831186858202216, 63.370589052397222],
            [8.828192926881423, 63.371357102273976],
            [8.825936559368417, 63.371936725652851],
            [8.825850086727508, 63.371959000514586],
            [8.824189429030765, 63.371547021831887],
            [8.823214981862167, 63.371306847728356],
            [8.821448105491138, 63.370871309282975],
            [8.81644541868604, 63.371008511505757],
            [8.806239673409832, 63.371299966805218],
            [8.798904290683295, 63.371501318086338],
            [8.798698626024088, 63.376706553704537],
            [8.798643675094521, 63.378093405471063],
            [8.797708048399945, 63.379545444027428],
            [8.796228091093916, 63.381848367457501],
            [8.796194851624808, 63.381899876372763],
            [8.796229272711317, 63.381932809780324],
            [8.796213938954995, 63.381976723352508],
            [8.796124205632136, 63.382049005866634],
            [8.796126274571165, 63.382145105260584],
            [8.796099320561753, 63.382190763805163],
            [8.795979843065837, 63.382285436472394],
            [8.795796359398413, 63.382539345079856],
            [8.795695937793885, 63.382629444568863],
            [8.795729050186443, 63.382704561484928],
            [8.795718926941609, 63.382780945485173],
            [8.795839344541376, 63.382840415033364],
            [8.796136020468088, 63.383047259999636],
            [8.796272948807768, 63.383098172285941],
            [8.796444567881684, 63.383234537300574],
            [8.796513777744892, 63.383266285307805],
            [8.796846520442532, 63.383369685260469],
            [8.796901340772568, 63.383408551333659],
            [8.796920135783514, 63.383441343683877],
            [8.79687746970435, 63.383581786154672],
            [8.796913256017223, 63.383670528948045],
            [8.796925152157902, 63.383786150382427],
            [8.796918900073308, 63.383899359516583],
            [8.796942971804665, 63.383936524861184],
            [8.79692518442616, 63.38404923114328],
            [8.796869892567146, 63.384129320206469],
            [8.796833203563326, 63.384278309229067],
            [8.796836322136311, 63.384328791419485],
            [8.796880072621088, 63.384365013320412],
            [8.796836259539351, 63.384516303677806],
            [8.79676084529785, 63.384618842344622],
            [8.796614072321651, 63.384706021377156],
            [8.796548993289884, 63.384721917800675],
            [8.796535657159183, 63.384754750484859],
            [8.796495943980712, 63.384996464551243],
            [8.79637950845753, 63.385035340220497],
            [8.796400167345752, 63.385086406987462],
            [8.796448880056907, 63.385127528703691],
            [8.796509141126013, 63.385155193785486],
            [8.796640838947713, 63.385197861576273],
            [8.796763765435916, 63.385335705669988],
            [8.796750122459642, 63.385367174027309],
            [8.796756528762137, 63.385530380597991],
            [8.796672204172905, 63.385649012765931],
            [8.796672960675053, 63.385700202581177],
            [8.79673562394969, 63.385892880976286],
            [8.796786980055396, 63.385994100932649],
            [8.796817338003773, 63.386165376625335],
            [8.796806736549867, 63.386254168756821],
            [8.796886905142955, 63.386396633388941],
            [8.796910115232388, 63.386496176043387],
            [8.797007936651976, 63.38663130421476],
            [8.797111512229984, 63.386732458473517],
            [8.797281451397053, 63.386866496802682],
            [8.797411488698881, 63.387014196809439],
            [8.79754961532935, 63.387307163435004],
            [8.797670578958297, 63.387504183371703],
            [8.797725432333088, 63.387559622189613],
            [8.797811834152727, 63.387730818154381],
            [8.797980395814781, 63.387925949264101],
            [8.797989898461857, 63.388017418830856],
            [8.797915363589803, 63.388127922304164],
            [8.797908894405353, 63.388234727338599],
            [8.797931182011153, 63.388262537937592],
            [8.798979546814937, 63.388990191696855],
            [8.79953395175615, 63.389397211791795],
            [8.799703918442694, 63.389424611117057],
            [8.799890518179216, 63.389468856405259],
            [8.800382952901119, 63.389628017213653],
            [8.800493429760998, 63.389653814747227],
            [8.800605601813691, 63.389661583075032],
            [8.800713255700915, 63.389653123032801],
            [8.800763407673214, 63.389658910186057],
            [8.800982732184099, 63.389891463059413],
            [8.803080718434062, 63.401315970132266],
            [8.80308804079643, 63.401402750526387],
            [8.803166256760157, 63.402313372056994],
            [8.789246852540302, 63.405866036825735],
            [8.789244052066755, 63.405866905385857],
            [8.78603748738275, 63.406685204131911],
            [8.776548504998129, 63.410577841385297],
            [8.775270013104896, 63.411105231844793],
            [8.773133974671513, 63.411980603150802],
            [8.769753116640457, 63.413366483491501],
            [8.768257067621619, 63.41370956908969],
            [8.765635128339172, 63.414312467222771],
            [8.76306629307058, 63.414909089991333],
            [8.762937364381665, 63.414939020271262],
            [8.762954259672401, 63.415073511817603],
            [8.762913747883719, 63.415147755227579],
            [8.76300295689412, 63.415282441657531],
            [8.763012897476214, 63.415331784161317],
            [8.762943203649156, 63.415425555306896],
            [8.762933978712134, 63.415523145700632],
            [8.76285729651361, 63.415616700826654],
            [8.762709896634147, 63.415746968860006],
            [8.762604293732736, 63.415821063387398],
            [8.762536620748456, 63.415845660296426],
            [8.762465619941684, 63.415861554915558],
            [8.76203830172536, 63.415865264751936],
            [8.761746998232558, 63.4159060952285],
            [8.761612838165041, 63.415982090570353],
            [8.76154833752696, 63.416056633923532],
            [8.761458214432205, 63.416190580890095],
            [8.761365463822209, 63.416268390075722],
            [8.761318729127629, 63.416345332879082],
            [8.761336110555588, 63.416418599514948],
            [8.761392496203065, 63.416469706637606],
            [8.761371866828426, 63.416504380009002],
            [8.76124843724514, 63.416553284218473],
            [8.761071231740345, 63.4166644116547],
            [8.760938189392263, 63.416790533651721],
            [8.760881526952769, 63.416824529059113],
            [8.760688562643123, 63.41690929616523],
            [8.760504638268712, 63.417027244102123],
            [8.760499615811906, 63.41705026176853],
            [8.760558182701194, 63.417140194316431],
            [8.760476346909615, 63.417220462816566],
            [8.760464932524359, 63.41736857601289],
            [8.760404090883821, 63.417455798905578],
            [8.760209333149508, 63.41758191857155],
            [8.760178009153895, 63.417624139383172],
            [8.760144921971666, 63.41771681147587],
            [8.759988204009817, 63.417806768755426],
            [8.759768029757229, 63.418028147870629],
            [8.759688233284102, 63.418070496422246],
            [8.759650325078644, 63.418146564714959],
            [8.759466572841827, 63.418359451739285],
            [8.759299813167852, 63.418473287008617],
            [8.759330963353566, 63.418668570076093],
            [8.759117829080639, 63.418833693850168],
            [8.758813986574419, 63.41913625044397],
            [8.758688915573579, 63.41922759352093],
            [8.758510608300387, 63.41941270697567],
            [8.758327761881235, 63.419651752757062],
            [8.758204985217921, 63.41973256795405],
            [8.758179990406866, 63.419763266857714],
            [8.758188781558557, 63.419831654159076],
            [8.758174205836719, 63.419868033685582],
            [8.758141629464745, 63.419907677416887],
            [8.757829787497977, 63.420248611695513],
            [8.757834373463284, 63.420382294858008],
            [8.757767958913888, 63.420472875616163],
            [8.757767401066612, 63.420522389088056],
            [8.757838813202884, 63.420584784281203],
            [8.757827043694581, 63.420612910377379],
            [8.757754184358923, 63.420626199738258],
            [8.75770884510621, 63.420645108602372],
            [8.757711059575271, 63.420679161654263],
            [8.75784763498382, 63.420725768531462],
            [8.757870541026803, 63.420748839326144],
            [8.757812154738497, 63.420770418896652],
            [8.757822593980316, 63.42080086937856],
            [8.757857369840746, 63.420841393355296],
            [8.757853957015334, 63.420872677841388],
            [8.757815350937118, 63.42089665549846],
            [8.757850966583744, 63.4209296504878],
            [8.757837417927005, 63.42096868702572],
            [8.757715497246569, 63.421001352659331],
            [8.757645439918631, 63.421038633079519],
            [8.757635644213059, 63.421112960989731],
            [8.757611872486653, 63.421125159253243],
            [8.757514131751076, 63.421135466576061],
            [8.757333688307876, 63.421186643055471],
            [8.757134813374565, 63.421122443659726],
            [8.757076127372413, 63.421123293960093],
            [8.756991259104392, 63.42121090397071],
            [8.75689499677633, 63.421401323698873],
            [8.756817713460444, 63.42148917605423],
            [8.756774902382917, 63.421595922763181],
            [8.756666553143495, 63.421707272391757],
            [8.756709882847231, 63.421729797531],
            [8.756833748266196, 63.421740721212181],
            [8.756828377118353, 63.421787411751623],
            [8.756729406222217, 63.421811625401737],
            [8.756671451843172, 63.421836736230375],
            [8.756561805016091, 63.421939292244254],
            [8.756530346793337, 63.421993125619395],
            [8.756524781669993, 63.42206187458725],
            [8.756547525495217, 63.422205360841922],
            [8.756406357406483, 63.422303112448866],
            [8.756287660039115, 63.422357805189726],
            [8.756320724975115, 63.422461392992766],
            [8.756306552221579, 63.422499591499339],
            [8.756245672142363, 63.422516918087794],
            [8.75619236574588, 63.42257780983433],
            [8.756160774275813, 63.422670907469538],
            [8.756184021778809, 63.422707143589875],
            [8.756272287884585, 63.422788112009229],
            [8.756244925049353, 63.422853563673051],
            [8.756202521898963, 63.422892145912577],
            [8.756023720587836, 63.423027787939354],
            [8.756008392342103, 63.423124660861987],
            [8.756024122568634, 63.423158495875093],
            [8.75601776593863, 63.423224418032042],
            [8.755959459192219, 63.423331205951058],
            [8.755821414748816, 63.423476290400167],
            [8.755768691250836, 63.423585124425564],
            [8.755367068965828, 63.424079020309023],
            [8.755314987002897, 63.424168337368258],
            [8.755097479977309, 63.424353170852434],
            [8.742726099687289, 63.447480502681586]
          ]
        ]
      }
    },
    {
      "type": "Feature",
      "properties": { "navn": "AMK Førde", "lokalisering": "Førde" },
      "geometry": {
        "type": "Polygon",
        "coordinates": [
          [
            [6.494644037111245, 62.037811469017527],
            [6.530870499452103, 62.041290976389014],
            [6.536272904366262, 62.055525026137659],
            [6.561415850333791, 62.053289472426293],
            [6.578722141009008, 62.060033818568215],
            [6.620823248410917, 62.051897165395808],
            [6.657570739441414, 62.071853152275331],
            [6.679809491207788, 62.063571847083089],
            [6.695693449069748, 62.04184121907641],
            [6.771391373269442, 61.99332940106332],
            [6.793983723384992, 61.969945289585674],
            [6.840862596805773, 61.963545963130912],
            [6.851907453811728, 61.975768300968483],
            [6.895817449356915, 61.98225428604978],
            [6.91166287839687, 61.975291657416278],
            [6.951602390353026, 61.988674032207413],
            [6.98341271063263, 61.981593122555488],
            [7.012380331940714, 61.986632962305869],
            [7.04847507153626, 61.983993088222427],
            [7.082725157630072, 62.005000521487688],
            [7.07347667374728, 62.009384951503051],
            [7.155439608703694, 62.016090619973035],
            [7.170766352280043, 62.011993823287547],
            [7.19933372224788, 62.019612794384003],
            [7.203658946353783, 62.026238265893078],
            [7.194884836594189, 62.030693579654972],
            [7.23113611693802, 62.03384194883089],
            [7.24075949699842, 62.018929485461129],
            [7.31245726868479, 62.017884721342497],
            [7.329509561005614, 62.0081657953546],
            [7.349113560037827, 62.00768141494796],
            [7.380859477671879, 62.002943335709439],
            [7.393206275081665, 61.99235177293702],
            [7.399099625360146, 61.978397799696609],
            [7.388794799035207, 61.933071835358611],
            [7.414223617752725, 61.891515353852981],
            [7.412499592919555, 61.857510125710697],
            [7.514751720390866, 61.760328699685743],
            [7.513819217357558, 61.72736476709688],
            [7.629091545335377, 61.741363368218934],
            [7.684567423051036, 61.742725970693193],
            [7.752516327051442, 61.754809819744047],
            [7.841838071911518, 61.743131927223622],
            [7.908212837228334, 61.721679151619064],
            [7.904415942676312, 61.67913718395657],
            [7.895646547263998, 61.643646681485365],
            [7.93298942777733, 61.602372442063526],
            [7.947306745640907, 61.556680746761252],
            [8.117888607735152, 61.522847075901062],
            [8.195561876965284, 61.547794041648721],
            [8.262329870859702, 61.5339800716214],
            [8.287568587552386, 61.489551597338334],
            [8.322050664431179, 61.455884778315536],
            [8.302536132553504, 61.445614473548758],
            [8.274826868693681, 61.431267100159999],
            [8.217136764861126, 61.429898103123698],
            [8.192252926192165, 61.438798310815002],
            [8.150354628857032, 61.426741383724405],
            [8.161592896547694, 61.387362943309427],
            [8.158136081373646, 61.37144372887812],
            [8.180392559509958, 61.356669341107157],
            [8.199917742715099, 61.352866447833804],
            [8.212773193741793, 61.35553086257724],
            [8.225447932429466, 61.342116223101137],
            [8.251138124675226, 61.339136575339808],
            [8.236928699477367, 61.318418643653921],
            [8.231389933895771, 61.314395526416206],
            [8.217673301414955, 61.318228749720497],
            [8.222109134391426, 61.307647732697639],
            [8.201163483368505, 61.304922789316741],
            [8.17672776086351, 61.305047484514475],
            [8.146081883926083, 61.282386645437988],
            [8.133112815843932, 61.27752528987633],
            [8.141759401908049, 61.274570986271925],
            [8.1356964944958, 61.269025329745027],
            [8.067364365529466, 61.248306605683233],
            [8.051167386600099, 61.232775903567088],
            [8.006715522640681, 61.234959233370233],
            [8.017318871520235, 61.225728385977774],
            [8.053212747428063, 61.220253372490497],
            [8.060567737249121, 61.193316139072763],
            [8.044000171062212, 61.178987160757956],
            [8.048468388102014, 61.174133360419368],
            [8.07560681219281, 61.179756418822386],
            [8.082975398048131, 61.16215891639613],
            [8.136171750066701, 61.115700826980955],
            [8.133871623130906, 61.109671368672103],
            [8.221203292010959, 61.089478178439421],
            [8.251698037075315, 61.07394366920289],
            [8.214429400993751, 61.05391006048616],
            [8.239988863399795, 61.049574611658528],
            [8.282660025115263, 61.033331125117456],
            [8.25732999923904, 61.008543272076743],
            [8.228714439756962, 61.009023140020091],
            [8.22087243916291, 61.004292926503588],
            [8.232979043256293, 60.994459258720852],
            [8.223109084716327, 60.968089290401871],
            [8.183866920264116, 60.969003392138703],
            [8.153939503748145, 60.982232715460604],
            [8.040867438286522, 60.893214347956231],
            [7.980064148391119, 60.90164190688207],
            [7.935199045034263, 60.897254796173343],
            [7.879028420180378, 60.924047141671103],
            [7.851508277831808, 60.919922125399687],
            [7.803019251326611, 60.896733938977079],
            [7.775231966118028, 60.866972094580149],
            [7.750368277532846, 60.841706873292551],
            [7.704428294452326, 60.792772133739909],
            [7.721537069074798, 60.790071801716714],
            [7.726231824191367, 60.761132231808276],
            [7.704404679069318, 60.739121360167893],
            [7.685218920508206, 60.732011642034927],
            [7.614695528659419, 60.74419506999029],
            [7.469641445805278, 60.675548216463305],
            [7.333974071831324, 60.685948241250323],
            [7.226425968114758, 60.701321242734942],
            [7.183148125556548, 60.701409193398987],
            [7.16710729024277, 60.691974269068268],
            [7.131204820146268, 60.692717862735705],
            [7.095301766622064, 60.708502912676813],
            [7.025471034121876, 60.710512717042747],
            [7.008828749468739, 60.71896380556786],
            [6.99512500171268, 60.716171098147591],
            [6.986401290574803, 60.719182966743475],
            [6.985861686874598, 60.740840551301602],
            [6.97670379831043, 60.763131395545855],
            [6.98539952887315, 60.768906728970343],
            [6.921928332378104, 60.774797060195681],
            [6.871955770235313, 60.768321356390949],
            [6.894738432395194, 60.815035973199677],
            [6.880060161936781, 60.82592274248033],
            [6.934762023632229, 60.826864888522735],
            [6.948776672238532, 60.841176374794081],
            [6.863934567037892, 60.856234830485917],
            [6.830540002548819, 60.83734373570335],
            [6.78421622306067, 60.831160922285733],
            [6.754001039037394, 60.836790694670185],
            [6.745096257336998, 60.834230895663453],
            [6.721728716519618, 60.843259930969239],
            [6.72104909031026, 60.850349718598949],
            [6.743752503883811, 60.864079897839396],
            [6.754828282334958, 60.876111708991012],
            [6.795824172813635, 60.882363346078442],
            [6.826848708310725, 60.898111457465312],
            [6.822582213835057, 60.911787817202239],
            [6.805155242932475, 60.913799274907703],
            [6.808405894561274, 60.919802797973738],
            [6.800684140529841, 60.923129989428205],
            [6.771186938413521, 60.911451424845517],
            [6.752257307090489, 60.909428631742948],
            [6.74553941284274, 60.923083431679238],
            [6.750197087854327, 60.934117612356715],
            [6.719836801287307, 60.929316691452698],
            [6.693518963847393, 60.955889637996286],
            [6.657032981840724, 60.959551925090985],
            [6.667220579958984, 60.933560861913648],
            [6.657083331803051, 60.926328842026344],
            [6.639731503528244, 60.920026424246522],
            [6.600613401402379, 60.91652745859097],
            [6.572221392420526, 60.895172851600549],
            [6.541821617302804, 60.891635611756215],
            [6.522476567899616, 60.903684324761976],
            [6.49958162130221, 60.909617192272805],
            [6.513461537950862, 60.922329300340742],
            [6.500414699101542, 60.944538091660526],
            [6.479070603981552, 60.947271128789012],
            [6.43944849630059, 60.922893604881047],
            [6.387145375094319, 60.929496109250408],
            [6.304279068078611, 60.880734932312237],
            [6.210353619975176, 60.9137392948982],
            [6.15659298693913, 60.922126438969379],
            [6.13602787864572, 60.938428038287654],
            [6.149325507054112, 60.983754400201789],
            [6.075915488052893, 60.999543331240723],
            [6.049011831596875, 61.027658183841822],
            [6.017253783931155, 61.035237544618006],
            [5.992597270451842, 61.023196465157241],
            [5.941771615058419, 61.009046960590901],
            [5.928652281622657, 61.011999449477919],
            [5.900676094826744, 60.980922578041529],
            [5.886002540792012, 60.951586234562143],
            [5.865171711278454, 60.95182855902268],
            [5.799321698403588, 60.985504358572918],
            [5.728339079870731, 60.971774663090926],
            [5.706450383440003, 60.956447394890148],
            [5.668636898341841, 60.963477785915373],
            [5.649315039250482, 60.979731944491768],
            [5.619907628184827, 60.977363688840938],
            [5.620774226996294, 60.98327493943151],
            [5.624774126179778, 60.991359362765074],
            [5.624829666506818, 60.991987290309979],
            [5.624323424934773, 60.993814661193099],
            [5.623955096448308, 60.994991411369355],
            [5.623654173826738, 60.995377225872524],
            [5.616304550330683, 60.997737146780672],
            [5.594432347576481, 60.994582147900715],
            [5.592003359008176, 61.012199862617031],
            [5.597608329910489, 61.021597974864576],
            [5.585144104744876, 61.028905289379949],
            [5.584716615328259, 61.032896754054413],
            [5.592057338313233, 61.044159182468803],
            [5.600004150103602, 61.047410825447088],
            [5.604143252608752, 61.048621149672385],
            [5.605825867963388, 61.04953866593263],
            [5.607203558961211, 61.053864775683934],
            [5.604818789125122, 61.056320804355835],
            [5.599551798240356, 61.057826489712674],
            [5.589236482876262, 61.057835933284913],
            [5.58223465671304, 61.062033318506437],
            [5.584988309578133, 61.063069934586508],
            [5.589833931210875, 61.064944447362826],
            [5.603330276603341, 61.076158181374275],
            [5.605914997782496, 61.080327519990007],
            [5.60208665587207, 61.082508736312029],
            [5.581339462476119, 61.09334520906053],
            [5.499055915439384, 61.078745206039024],
            [5.4184244025039, 61.046882087477165],
            [5.373859651723604, 61.052431838833918],
            [5.311154190225756, 61.086233045690761],
            [5.230656750348322, 61.087334599642041],
            [5.155672133141175, 61.117848117831478],
            [5.102387435910957, 61.093399222985823],
            [4.991231428894772, 61.069467532828511],
            [4.933542618675374, 61.031781265273466],
            [4.786482514418616, 61.003168083470911],
            [4.66683763535349, 60.923212672867493],
            [4.610651813997159, 60.88722032662222],
            [4.579500588181874, 60.88546456285475],
            [4.566070932952631, 60.909875051007248],
            [4.500444568913958, 61.028553057642029],
            [4.516067889089276, 61.219530154437244],
            [4.546435903063379, 61.480294975321414],
            [4.566490116918209, 61.651102905287487],
            [4.615842701656384, 61.70799275586667],
            [4.832870292420975, 61.955526872263214],
            [4.965884922022122, 62.097381515190769],
            [5.054934311749395, 62.186993475018681],
            [5.176285301160994, 62.273862113017522],
            [5.217873822069787, 62.261200436296832],
            [5.357312648706305, 62.168632490731788],
            [5.35838808630536, 62.15475934712115],
            [5.360879344933876, 62.122193452111333],
            [5.503083528301726, 62.066736521421895],
            [5.505964051955483, 62.054678391619341],
            [5.485533888387304, 62.014261578832802],
            [5.501203962507794, 62.01311304776533],
            [5.503114215012941, 62.007900440941583],
            [5.467075266471228, 61.992505714215049],
            [5.442322208143694, 61.973933597600457],
            [5.46322669280094, 61.977614254430641],
            [5.475941472366399, 61.985968502557014],
            [5.533543836446206, 61.971465855562762],
            [5.538056534204162, 61.965051244283316],
            [5.551553713618829, 61.960412810478473],
            [5.680156191456792, 61.974045793782317],
            [5.698089640606316, 61.968221971817186],
            [5.729820261224709, 61.980813347837795],
            [5.749670647293219, 61.979951037129311],
            [5.754044201284297, 61.973057696220607],
            [5.783725696917884, 61.973271096890883],
            [5.78938687094819, 61.966346210761792],
            [5.802575902878947, 61.965995321657346],
            [5.914014241399529, 61.994591297177372],
            [5.926909314803241, 61.996595024002012],
            [5.946621120899517, 61.987902023112888],
            [5.964775840112814, 61.994110128875306],
            [6.01043673874868, 61.975187517690742],
            [6.03613154816767, 61.956581195267326],
            [6.059243269527156, 61.967846808846105],
            [6.08867997152179, 61.961714515578876],
            [6.141873566778223, 61.973541468171611],
            [6.13190028823724, 61.987026881082429],
            [6.169556185257185, 61.993952837959512],
            [6.182362546339212, 62.010421073171074],
            [6.257520177926868, 62.005552293157152],
            [6.235817746147543, 61.991812754987912],
            [6.286722354707153, 61.977506713864635],
            [6.313501322600866, 61.964724759401086],
            [6.311345114550249, 61.95865177029048],
            [6.348325217169752, 61.962684517262097],
            [6.375606583328785, 61.977966887277837],
            [6.404955339849047, 61.985648461435829],
            [6.401247601319635, 62.005344464730577],
            [6.421017240163518, 62.014379970375352],
            [6.441511740562014, 62.01593248662126],
            [6.463172944378866, 62.011990152586506],
            [6.472331859352816, 62.017411104381097],
            [6.496551082962131, 62.015501547600785],
            [6.494644037111245, 62.037811469017527]
          ]
        ]
      }
    },
    {
      "type": "Feature",
      "properties": { "navn": "AMK Sørlandet", "lokalisering": "Arendal" },
      "geometry": {
        "type": "Polygon",
        "coordinates": [
          [
            [6.6082961840135, 58.56165102621501],
            [6.609221270353774, 58.578279831668574],
            [6.5879303436209, 58.590165845897786],
            [6.614720156321916, 58.625083596019273],
            [6.582722271696317, 58.615247680601762],
            [6.532513320904194, 58.627875156223134],
            [6.497495621208612, 58.609920009584663],
            [6.47710435512382, 58.635122030128848],
            [6.43606548929246, 58.649326010028652],
            [6.450831957955889, 58.663618538461478],
            [6.477092609581082, 58.671549755741353],
            [6.513365294245292, 58.670103280534775],
            [6.601250329784948, 58.687049589414144],
            [6.622027637598602, 58.696047686713989],
            [6.606125262308587, 58.726779093522417],
            [6.573675691985083, 58.741459744906358],
            [6.572746381550726, 58.76528026272333],
            [6.518092948571375, 58.767411922638203],
            [6.565908027092114, 58.842100809674044],
            [6.608584999628216, 58.880112466391587],
            [6.604213899540344, 58.883826524598973],
            [6.580703686266321, 58.881312126609309],
            [6.567541911361864, 58.885712369755872],
            [6.560835067196106, 58.909950898492163],
            [6.633115218820183, 58.939824077549027],
            [6.66552281891859, 58.985374342818453],
            [6.702589401045531, 58.994177309395155],
            [6.725464289433868, 59.014639967619289],
            [6.781227782284987, 59.040366631128421],
            [6.787924672726647, 59.052625723702896],
            [6.903192430276106, 59.113092177336981],
            [6.901835334665154, 59.130969822527916],
            [6.890400180255995, 59.140439039192145],
            [6.879705544967441, 59.14065973979227],
            [6.8810348329488, 59.144587504314124],
            [6.898412565009231, 59.158583529595397],
            [6.924905027202422, 59.165928417878682],
            [6.922314852218749, 59.174546063559866],
            [6.939028280332028, 59.1819289075518],
            [6.904199182430229, 59.185520980449645],
            [6.847574187032113, 59.182671086113615],
            [6.837783623496982, 59.192692141152179],
            [6.841090589347718, 59.25115272847065],
            [6.824592504540769, 59.269594313757764],
            [6.825722973166103, 59.279231671866938],
            [6.831695395135119, 59.316690575454452],
            [6.865137048924215, 59.368403891247148],
            [6.890896703319997, 59.398209269571652],
            [6.90694328969539, 59.392028974534803],
            [6.921759092298898, 59.394802713399194],
            [6.92524608765364, 59.401372534304855],
            [6.932163940902472, 59.400269203400875],
            [6.894403564435421, 59.420275355113105],
            [6.883240041727059, 59.429494859096259],
            [6.956703910610442, 59.444708293113678],
            [6.997741225560221, 59.461393214915276],
            [7.02287480884192, 59.481201457464799],
            [7.015292074339265, 59.491338543732553],
            [7.001108196630254, 59.496065105446419],
            [7.004876800199082, 59.502016470963454],
            [6.962955050369494, 59.516451595821721],
            [6.980257718980422, 59.523403450307775],
            [6.991836164874098, 59.59702964387462],
            [7.012721750536898, 59.596452435755097],
            [7.04857984920096, 59.586831302105431],
            [7.061803576128057, 59.60346713849443],
            [7.088955800344538, 59.619735383343212],
            [7.098717950498602, 59.651294063811974],
            [7.138385437526237, 59.662272009306704],
            [7.21070087123247, 59.668893265308277],
            [7.212825087205328, 59.673473976962953],
            [7.28564204091784, 59.655546050405277],
            [7.3007187153566, 59.658105791467108],
            [7.325131653907401, 59.644175482462245],
            [7.337271839778293, 59.64787493095919],
            [7.372027594329579, 59.634236733043238],
            [7.392614649762408, 59.632857800355943],
            [7.396403661699952, 59.647076403612218],
            [7.407426972288775, 59.649887992646562],
            [7.401575095819649, 59.659475068000148],
            [7.439932881124112, 59.65648197703711],
            [7.449878905013168, 59.649346974466312],
            [7.446533586252324, 59.644473816884712],
            [7.451248360849619, 59.641521170369735],
            [7.453474335175207, 59.647288332611637],
            [7.464448365540488, 59.645270577124322],
            [7.483730850171984, 59.636694021754231],
            [7.474669348845564, 59.631706691513727],
            [7.50611077700679, 59.607799973791359],
            [7.537880746138158, 59.601615516538637],
            [7.533566844576434, 59.594235729327913],
            [7.551550489705026, 59.58662366646714],
            [7.51454530792941, 59.561483612055035],
            [7.536195296962684, 59.524321925257489],
            [7.584655525229626, 59.500911501075912],
            [7.594645799043055, 59.478811473977295],
            [7.625626453107738, 59.461783193560699],
            [7.566062243866154, 59.438353876557201],
            [7.581889465322911, 59.433115528715518],
            [7.539953718987294, 59.39881911394756],
            [7.595387040097108, 59.376729587319069],
            [7.612471812602122, 59.348473259596126],
            [7.610591719206817, 59.334632371192534],
            [7.614331362569729, 59.328396693657915],
            [7.643246243037408, 59.333735731686488],
            [7.673334318659302, 59.33258736608785],
            [7.696161248799185, 59.326749158820647],
            [7.755518975238188, 59.326639747875952],
            [7.780699407405326, 59.339088209204256],
            [7.78295509025214, 59.346033286549336],
            [7.796044948332376, 59.349202973725056],
            [7.814873373113956, 59.360398683441325],
            [7.856357117345706, 59.36012199958455],
            [7.88509436333281, 59.350569840772238],
            [7.969295209484447, 59.35034605225681],
            [7.974447188539868, 59.34357513166227],
            [7.983897454672832, 59.345463941277281],
            [7.981575076552644, 59.338764482096799],
            [7.997533240356467, 59.334999085962664],
            [8.001767478627855, 59.343047649360898],
            [8.059100527523801, 59.356432262714868],
            [8.08383278672944, 59.355034611489799],
            [8.095972587635186, 59.343442879868348],
            [8.120199901909098, 59.339082871977659],
            [8.130580792096602, 59.340793250713638],
            [8.131841104027917, 59.351712595402454],
            [8.141205537261632, 59.352864986703707],
            [8.259608096189346, 59.300621605924455],
            [8.284691230826057, 59.284110762650783],
            [8.352876626843765, 59.261000149537225],
            [8.387416168868922, 59.267049653756288],
            [8.445050800884411, 59.263204900474491],
            [8.487585307319412, 59.267271672839193],
            [8.51677362995548, 59.24980605307104],
            [8.592080367990857, 59.24278931622505],
            [8.648879132756308, 59.214504094913444],
            [8.692218048462093, 59.178882021662901],
            [8.689771020089443, 59.167673479917923],
            [8.701573323494319, 59.153165022522558],
            [8.696827225388201, 59.14488698120087],
            [8.737162968801361, 59.117292702909381],
            [8.722795542964237, 59.107867758440669],
            [8.662286725259566, 59.099030732082745],
            [8.659922143147725, 59.091076617874549],
            [8.674867965998008, 59.068529950855016],
            [8.671837090320716, 59.057218233408463],
            [8.723608217405946, 59.024481547941662],
            [8.736443358138537, 59.024400132071655],
            [8.78889868936165, 59.001593674506196],
            [8.834162006605434, 58.98806698326154],
            [8.939674342164851, 58.986100376060143],
            [8.994877198222952, 58.993226237533534],
            [9.034667644176588, 58.932609044615013],
            [9.072840847076245, 58.911317304238189],
            [9.160523159110877, 58.884960197113266],
            [9.182806732769205, 58.862444500177617],
            [9.191145455928105, 58.829881416481378],
            [9.192026187454301, 58.814481714796102],
            [9.207894279728546, 58.813137110635878],
            [9.196340607024295, 58.803445717293606],
            [9.230926849530181, 58.796028698021857],
            [9.274616844834597, 58.795701761046729],
            [9.304978934641229, 58.772035262897411],
            [9.328834012824304, 58.785217045116205],
            [9.366104101755816, 58.771429325410793],
            [9.404593454860432, 58.748632938203052],
            [9.225725463813731, 58.644290144243506],
            [9.058415353856667, 58.545911937717271],
            [8.777752414003754, 58.379177276606143],
            [8.658253098775671, 58.307531351840055],
            [8.495403191834882, 58.226806553364931],
            [8.251205576525047, 58.107844533145922],
            [8.209184905188518, 58.097164735282469],
            [7.94334455800776, 58.03245623174373],
            [7.734456283528147, 57.986079610722015],
            [7.614439600163207, 57.961444282703532],
            [7.564530980933502, 57.958509641489577],
            [7.263169630934208, 57.961202989276998],
            [7.202493365362337, 57.961658355622397],
            [7.011565322183569, 57.983061702613611],
            [6.915120735132176, 58.003424602490938],
            [6.66169030442671, 58.058623176636168],
            [6.626889482500407, 58.069682359547642],
            [6.473169847299078, 58.142308092950337],
            [6.318113577752662, 58.215772529192435],
            [6.372948125097632, 58.27650489412764],
            [6.470567550967702, 58.299534273210384],
            [6.553489419342268, 58.322462216143116],
            [6.608521438533046, 58.3721700709036],
            [6.595315769228377, 58.416308461982268],
            [6.630327895186555, 58.443800157094053],
            [6.632152378991474, 58.451149577272318],
            [6.620244563179712, 58.456949760714892],
            [6.607407350400981, 58.48944548378082],
            [6.596109106766632, 58.496594213738419],
            [6.587729513742142, 58.492802764149189],
            [6.618185730727008, 58.555293687051169],
            [6.6082961840135, 58.56165102621501]
          ]
        ]
      }
    },
    {
      "type": "Feature",
      "properties": { "navn": "AMK Innlandet", "lokalisering": "Gjøvik" },
      "geometry": {
        "type": "Polygon",
        "coordinates": [
          [
            [10.097898232904969, 62.427875048440974],
            [10.0381480309032, 62.50312405634179],
            [10.0063407333353, 62.557769433620919],
            [10.037762922565991, 62.567912595971386],
            [10.026917799606791, 62.585526429143471],
            [10.056717886766727, 62.600174416901908],
            [10.074118438051398, 62.60192228870671],
            [10.119158375249736, 62.664623468501958],
            [10.147592472464279, 62.676693439187986],
            [10.144133550996315, 62.687513393886846],
            [10.149775080875937, 62.683950291749703],
            [10.162983245398806, 62.686043882493735],
            [10.15969777456783, 62.691345976611217],
            [10.176467849290072, 62.696929316763907],
            [10.197855830356895, 62.687816825704061],
            [10.206271619699585, 62.692309166514839],
            [10.238727683911891, 62.695074738119004],
            [10.325035100456267, 62.695402813364424],
            [10.592828442794012, 62.663812203524515],
            [10.649508127802585, 62.676580828738999],
            [10.673065238118705, 62.67505408141227],
            [10.711749886775355, 62.666013034304072],
            [10.718067596131899, 62.650176777177279],
            [10.740340318374363, 62.645467525317152],
            [10.753666684427309, 62.616658727880363],
            [10.718193248736693, 62.598998901576145],
            [10.73864403686742, 62.588071462344189],
            [10.806669146042138, 62.569749628731515],
            [10.810411738680086, 62.562688162829836],
            [10.905478572770441, 62.525478994153417],
            [10.940322099183998, 62.490473924836152],
            [10.966691748958755, 62.477666621178592],
            [10.980036839617989, 62.485019333101135],
            [10.994327100135536, 62.490350638909511],
            [11.012805947600835, 62.489908459389738],
            [11.017660822139611, 62.477134463642507],
            [11.029257448223277, 62.472767994180451],
            [11.053921687634883, 62.459619121617877],
            [11.068803141167841, 62.454846642800661],
            [11.09962007590363, 62.459313539958302],
            [11.121565669591185, 62.44762912699953],
            [11.110655863041696, 62.431257519570586],
            [11.125304190568503, 62.419393365556026],
            [11.15038033615266, 62.421950879309136],
            [11.167909002139748, 62.418961434733049],
            [11.191134722808215, 62.430942909006113],
            [11.274622968120056, 62.429928292940311],
            [11.317386716906888, 62.412434707705401],
            [11.336123420775671, 62.394919190480209],
            [11.341226928949151, 62.371441627410881],
            [11.35307329914364, 62.365134259263435],
            [11.345533953521063, 62.331358281678106],
            [11.37959554325961, 62.330725893291813],
            [11.392651808775261, 62.322650664809579],
            [11.513876633418624, 62.284810345791563],
            [11.552165372651876, 62.237513136761606],
            [11.607742247181399, 62.224543869063538],
            [11.651893974459727, 62.205957970032124],
            [11.695809080346907, 62.178235241523645],
            [11.780668907143978, 62.167463809824916],
            [11.829201064116482, 62.134767338867441],
            [11.852017674171552, 62.140107085238348],
            [11.845568185597317, 62.270929063463967],
            [11.795792493412849, 62.314360415542467],
            [11.830711569610292, 62.353964909556353],
            [11.840280320662464, 62.358895626087808],
            [11.856796123438972, 62.35792735035308],
            [11.836859509676984, 62.374481390052523],
            [11.981896450471529, 62.360434674403912],
            [11.99552874794891, 62.353668973624401],
            [12.050397103232985, 62.348492271286247],
            [12.130953416690641, 62.310042784681087],
            [12.166629631918312, 62.312849707309276],
            [12.208927030372699, 62.331122419608107],
            [12.229490239378931, 62.327428770250435],
            [12.254665262295756, 62.331024924131071],
            [12.262649156906383, 62.319733124820793],
            [12.278413838258066, 62.297287106821322],
            [12.299370861282883, 62.267495958771619],
            [12.289582756607514, 62.235369137769219],
            [12.285513813172882, 62.221974663232494],
            [12.277723984769125, 62.196280425763653],
            [12.270705188852981, 62.170676855288214],
            [12.261240715575729, 62.136111741494688],
            [12.25836304547699, 62.127494175104275],
            [12.244730974984613, 62.086670655944879],
            [12.237724545981553, 62.062464213191106],
            [12.232136445563745, 62.042994570506742],
            [12.224737949148832, 62.017413682185087],
            [12.220697055959571, 62.003376886481924],
            [12.216311503157188, 61.988036940037723],
            [12.213582877978279, 61.978485031321178],
            [12.204509785035976, 61.946676914390004],
            [12.200996375618265, 61.93448924335992],
            [12.199752901898504, 61.930174027549768],
            [12.193783857458801, 61.909442618526555],
            [12.189274453674035, 61.893746518253415],
            [12.184825819306239, 61.878319195519843],
            [12.182679780044593, 61.871103213755795],
            [12.17748837180077, 61.853760962197867],
            [12.177203892961229, 61.8528067128304],
            [12.171728789355196, 61.834424898838193],
            [12.16820117597784, 61.82264815025313],
            [12.161249690512136, 61.799316982361454],
            [12.151013626550455, 61.766594494368277],
            [12.144255720751682, 61.744987660159403],
            [12.137665883055547, 61.723817606849316],
            [12.181554255240099, 61.697258102679861],
            [12.221226326871195, 61.673205024269933],
            [12.246640465533872, 61.657812236755831],
            [12.275632806923236, 61.640244860226346],
            [12.314940586948453, 61.624928063747184],
            [12.341224246685826, 61.614672037670026],
            [12.363230595197887, 61.600178531076061],
            [12.393263121747804, 61.580378351311175],
            [12.419609782477771, 61.562980771886401],
            [12.446600189974824, 61.567120725935247],
            [12.491934388350703, 61.56773432836583],
            [12.569317601787832, 61.568746582183806],
            [12.621216423402126, 61.532482337740447],
            [12.654702854518574, 61.509028731691863],
            [12.681156581445876, 61.490593978834234],
            [12.681449100987695, 61.490389601244516],
            [12.722911239259631, 61.461381232313514],
            [12.732780893511375, 61.454560418737067],
            [12.743955581041355, 61.446833171432139],
            [12.770183762351241, 61.428681068994258],
            [12.80510340072485, 61.404473051142304],
            [12.843442713864281, 61.376520516320781],
            [12.870848559881425, 61.356496352512551],
            [12.860544521219548, 61.328396177706324],
            [12.85648418128968, 61.317345512835793],
            [12.853096348510315, 61.308119096826985],
            [12.844835114020459, 61.286818811220641],
            [12.837209092750825, 61.267185591681177],
            [12.833826091426742, 61.258464579673408],
            [12.823820216470574, 61.24436220805066],
            [12.806980252656249, 61.220581050382265],
            [12.793471620600938, 61.201467739461762],
            [12.790349320765866, 61.197046397611096],
            [12.769051835471783, 61.183322467624784],
            [12.751752582060512, 61.172151151484876],
            [12.740414348171473, 61.164845740759404],
            [12.707028982890973, 61.143268901836976],
            [12.701075371173616, 61.122853560209705],
            [12.700445524316477, 61.120695078483408],
            [12.694828404204609, 61.101430458233615],
            [12.687271233625014, 61.076620927614627],
            [12.682583552470547, 61.061219466408936],
            [12.681402277522693, 61.059536217726297],
            [12.671228398032472, 61.056523414642562],
            [12.668424465831619, 61.055063081778854],
            [12.657644726503362, 61.052702961161806],
            [12.651684355080279, 61.052168366588447],
            [12.61250913998599, 61.046832988239572],
            [12.610337911412213, 61.04653920586243],
            [12.601919434906904, 61.046471359106633],
            [12.600143176322026, 61.046453080857944],
            [12.59803753410376, 61.047029636403202],
            [12.597173439267563, 61.047018477562645],
            [12.596678745139112, 61.047012094943668],
            [12.540710201549789, 61.049286161936578],
            [12.497565785116224, 61.051192163860883],
            [12.487593729596187, 61.051630743738073],
            [12.447614399288911, 61.050729021742896],
            [12.396044246435014, 61.042875334418852],
            [12.37932373040814, 61.040323992550562],
            [12.342199198248139, 61.034541505036813],
            [12.29480013452512, 61.027151728868638],
            [12.254911458030024, 61.021683317539846],
            [12.247277684359252, 61.020633701327284],
            [12.242455417638446, 61.019961509565022],
            [12.239741355296212, 61.018968928821479],
            [12.223991558106443, 61.013077959705484],
            [12.236219545228158, 60.999089490363282],
            [12.25410750667749, 60.978644044954386],
            [12.267926855012181, 60.962853920533142],
            [12.284567008939961, 60.943829587686913],
            [12.304782923068663, 60.921420665807695],
            [12.316259287024049, 60.90854574179825],
            [12.326847217142797, 60.896780402944977],
            [12.332790431852228, 60.89017213941699],
            [12.332950129660718, 60.886573768986686],
            [12.33321885152678, 60.880512213338129],
            [12.334485502871745, 60.852363409758517],
            [12.338112646155267, 60.844005917148429],
            [12.340564423942679, 60.838353998785067],
            [12.349439237405964, 60.81789583150168],
            [12.36455665657115, 60.790586451295113],
            [12.374642811002168, 60.772035525253166],
            [12.382016435707186, 60.75845655300742],
            [12.395371157360037, 60.733886674824241],
            [12.410627193947779, 60.722548202368735],
            [12.429238686435262, 60.708702506411427],
            [12.45961969293538, 60.686279485385093],
            [12.461057331818617, 60.685217392144466],
            [12.481630799082994, 60.667768365116657],
            [12.51101732210177, 60.642458659453084],
            [12.513035401637124, 60.624595998920356],
            [12.515779951862596, 60.600154579941865],
            [12.533177274809594, 60.587047362336435],
            [12.549268348824985, 60.574912150817454],
            [12.569111800919396, 60.560305693976517],
            [12.581861313439525, 60.550905233759451],
            [12.598387821326329, 60.525709785681705],
            [12.606395509193192, 60.513486492746821],
            [12.606882969812988, 60.512742045396237],
            [12.606613581381596, 60.492078996878824],
            [12.606419571206217, 60.477263868714921],
            [12.606382406540122, 60.467657336587443],
            [12.606260082413758, 60.44383040987897],
            [12.606166340316491, 60.427515171094861],
            [12.606069120555912, 60.408774950041625],
            [12.606054238164333, 60.40592581185264],
            [12.585861386349878, 60.386277866261253],
            [12.569911844993786, 60.370727444066432],
            [12.549946807591498, 60.351775743356129],
            [12.547648454979278, 60.349592551015817],
            [12.545286975608947, 60.347348861310934],
            [12.535664320842088, 60.342452252064419],
            [12.519349089063356, 60.334144975748195],
            [12.49879571842845, 60.323653283208948],
            [12.501018658009126, 60.306798899720498],
            [12.501811991066138, 60.299574532911308],
            [12.504421843020145, 60.281210726684868],
            [12.505989286006965, 60.276825919729262],
            [12.51351378953111, 60.255759258359333],
            [12.514839386065477, 60.252113731236811],
            [12.520071199819542, 60.237478358639713],
            [12.525016202625604, 60.22363417992927],
            [12.526049528636044, 60.221784864562409],
            [12.541906213924984, 60.193377260513692],
            [12.529834356164065, 60.166056774546881],
            [12.529586985870191, 60.165500409974179],
            [12.523428018578969, 60.151642237663239],
            [12.516699609523688, 60.136320854420219],
            [12.505346290427727, 60.110009586248097],
            [12.502365813716651, 60.103049873927851],
            [12.500642771591954, 60.099076303610495],
            [12.499548070610516, 60.097654379631201],
            [12.497420532534788, 60.094890275787591],
            [12.481741533543556, 60.074607348873975],
            [12.480517878284536, 60.07302332847393],
            [12.459788255537424, 60.051070843641632],
            [12.448559032771069, 60.039176911117032],
            [12.424846168909612, 60.026544184598841],
            [12.399934042697263, 60.017200359548227],
            [12.395662685118905, 60.015597282793273],
            [12.377319864376428, 59.998770855822627],
            [12.369354862111649, 59.991453368486795],
            [12.358680036009478, 59.981705122181602],
            [12.341138463378973, 59.965671746744476],
            [12.337408370825107, 59.964384006649347],
            [12.319870231381325, 59.958326447849309],
            [12.280259166031898, 59.944617391896585],
            [12.242538583677213, 59.931547997912958],
            [12.234194130074403, 59.928676001631786],
            [12.231043384694248, 59.92759135517084],
            [12.207943122677058, 59.912530057462924],
            [12.190763564859902, 59.901354783809076],
            [12.174292518545043, 59.889810618329513],
            [12.155281917052434, 59.886745134937776],
            [12.1337939785498, 59.892047649521508],
            [12.126115358847635, 59.893941208029538],
            [12.0997875183589, 59.890657750926444],
            [12.053458823384686, 59.88594028736793],
            [12.045591099171974, 59.887100206261238],
            [12.04075380823023, 59.887818059847021],
            [12.031689762160678, 59.889281383149537],
            [12.026587393544235, 59.890388827280894],
            [12.024113231047879, 59.890925617755457],
            [11.987491956762932, 59.898897098457219],
            [11.984213298436382, 59.900481612799538],
            [11.942078622079213, 59.89008598975655],
            [11.923441532153802, 59.88284750672053],
            [11.916462592896471, 59.872742967698308],
            [11.885282933532471, 59.871919356734765],
            [11.88291072890223, 59.864819941398196],
            [11.884831895853054, 59.856049584316438],
            [11.839730656167195, 59.840766830018204],
            [11.833860873230044, 59.842434613676637],
            [11.835733707410553, 59.863230475428274],
            [11.825910410399549, 59.870791309604989],
            [11.825034323741042, 59.880272184396595],
            [11.816983439979978, 59.883475400432637],
            [11.823032499401643, 59.892788416998791],
            [11.813026288821073, 59.894978400905195],
            [11.804815984719275, 59.898608340002475],
            [11.804286984824556, 59.9202763081258],
            [11.821405806158767, 59.930297544407345],
            [11.793402764725631, 59.955597474904614],
            [11.795492286008988, 59.965221417366287],
            [11.810951745043392, 59.989275941600752],
            [11.83372338813265, 59.996923182058971],
            [11.839285670575576, 60.015931557961196],
            [11.819384499182899, 60.023631943091864],
            [11.822262308023946, 60.052143452408309],
            [11.816563952826717, 60.05855113383862],
            [11.791465459708888, 60.047782135632069],
            [11.790774982648491, 60.072052608896072],
            [11.778081333546558, 60.089736455705207],
            [11.756964614088725, 60.09555460469609],
            [11.735011501110389, 60.096063455632788],
            [11.715762195708763, 60.101979359581392],
            [11.70647727796082, 60.106523798244069],
            [11.652514861251214, 60.12304139724268],
            [11.59463243135407, 60.158422579270756],
            [11.586835209821704, 60.171282697029042],
            [11.572066441431083, 60.17340604826412],
            [11.560126538738679, 60.181583461010213],
            [11.582241977712076, 60.200261645648006],
            [11.583734855892178, 60.21817426486961],
            [11.580860781785825, 60.23732483238706],
            [11.593723006888137, 60.247537738117991],
            [11.601893480227337, 60.267286582790234],
            [11.520336177716775, 60.29542691579195],
            [11.474397573828616, 60.332017277627756],
            [11.45290886604587, 60.332393821557488],
            [11.432611142486714, 60.339619291368507],
            [11.421929415288842, 60.352443971172207],
            [11.418428647837702, 60.367817037294401],
            [11.400591040054993, 60.378584468837779],
            [11.342254286597552, 60.458796734169425],
            [11.297226813814493, 60.468681992560846],
            [11.274847963157189, 60.48478097074171],
            [11.237522365536186, 60.499105213196017],
            [11.209561124664161, 60.504913571526821],
            [11.219063551989832, 60.542256350236855],
            [11.214670828602175, 60.563813030027212],
            [11.154994297262917, 60.607099514470775],
            [11.131959639866247, 60.596375575722661],
            [11.107855645998461, 60.569658968149859],
            [11.112990160708692, 60.561355976985013],
            [11.104135447684348, 60.558895196212447],
            [11.099550686945133, 60.521981476413323],
            [11.092588036976547, 60.516769903294453],
            [11.072090956975753, 60.518298657551881],
            [10.987108121730424, 60.497555163607046],
            [10.980713217250576, 60.500109843227882],
            [10.944565690212249, 60.487428900564652],
            [10.952376335290554, 60.486615418010139],
            [10.952586376460294, 60.480747810030884],
            [10.939069708357817, 60.475394712227725],
            [10.926213920685022, 60.475868561860885],
            [10.92379332607452, 60.471193962201056],
            [10.86439774211782, 60.479643140633996],
            [10.83421563253955, 60.478495126245726],
            [10.760321057265879, 60.493959259545193],
            [10.713307641552275, 60.524163932268948],
            [10.711816661253019, 60.516043081346837],
            [10.711301708851236, 60.497156533234651],
            [10.69241251790314, 60.492025487800689],
            [10.710195010728148, 60.453972573664167],
            [10.689511406637116, 60.447408480722864],
            [10.671977219435581, 60.433856363292584],
            [10.687290464374025, 60.430805176053994],
            [10.720284628524695, 60.434343618752692],
            [10.808968643877211, 60.424156509484547],
            [10.819522514658692, 60.427370937913253],
            [10.903107109663109, 60.396291661666822],
            [10.902180683420218, 60.37870445690691],
            [10.933896884938298, 60.346687677472211],
            [10.882833827277564, 60.318721366854852],
            [10.872313727259664, 60.32083157021146],
            [10.864738905070418, 60.31392284814153],
            [10.782217488817716, 60.229582583098107],
            [10.772025062335496, 60.214187681380217],
            [10.774309571908038, 60.188016374026084],
            [10.777506590114182, 60.186976945291278],
            [10.777310549514736, 60.173138178666882],
            [10.767879516768978, 60.161344289836784],
            [10.768815505644193, 60.150838239303326],
            [10.736913948010132, 60.151056538284827],
            [10.721891778902414, 60.15725915239171],
            [10.721436646983777, 60.152602005427511],
            [10.711141522275231, 60.153069819238354],
            [10.690067907022236, 60.147756993830725],
            [10.676792974947761, 60.147492823526349],
            [10.680318968598643, 60.133526972005178],
            [10.619056962720604, 60.135182481593517],
            [10.60080747028324, 60.131618116879366],
            [10.595483935167151, 60.139032397950736],
            [10.597016701892306, 60.145124780223362],
            [10.572845170291806, 60.152341520152611],
            [10.560686201544796, 60.165557297305213],
            [10.57639834418617, 60.179708967946091],
            [10.573878848694431, 60.198449901766139],
            [10.544864029435253, 60.214200710545569],
            [10.539732557680352, 60.241069977379539],
            [10.529673490278025, 60.245763683897032],
            [10.525896398293609, 60.258617021385447],
            [10.541559361259843, 60.260635149429618],
            [10.539215015493349, 60.269560364442228],
            [10.534200860903688, 60.280652942193115],
            [10.521970022935196, 60.285752776641161],
            [10.510948377840965, 60.284891790128142],
            [10.511052119425976, 60.290693855330609],
            [10.487729293296191, 60.293165182226581],
            [10.481985734753932, 60.290158116356466],
            [10.488820757864614, 60.285653979481005],
            [10.469936826006631, 60.288840540208533],
            [10.470059078730701, 60.296029825303634],
            [10.456347672632619, 60.299836269382553],
            [10.469187765444138, 60.310730096047038],
            [10.4575420593209, 60.316820304453579],
            [10.421908077694876, 60.312613888597177],
            [10.413587734339687, 60.313837771160543],
            [10.414654162650431, 60.318108609639985],
            [10.386428573203846, 60.316595424833594],
            [10.366272731817666, 60.320973315161488],
            [10.388484570788854, 60.375223807635223],
            [10.354697641028975, 60.37297523294265],
            [10.338871130284067, 60.36613953499964],
            [10.26120255145606, 60.393621290805228],
            [10.202062397627568, 60.392319340280693],
            [10.208140524866389, 60.399208033798338],
            [10.19427196289068, 60.400309614195706],
            [10.174787788167681, 60.459835389627088],
            [10.176189153965611, 60.478430305235264],
            [10.156375314471385, 60.522193593960786],
            [10.124865283050742, 60.535526139144594],
            [10.1072842117657, 60.549460265980187],
            [10.109329099294118, 60.555867051807972],
            [10.094103595795991, 60.559549161936197],
            [10.064789044757111, 60.607798235751609],
            [10.03535452108849, 60.632059070728836],
            [9.962893770271958, 60.637927222736259],
            [9.906222006720421, 60.6350993618302],
            [9.912063752393632, 60.626888120285656],
            [9.930173200165205, 60.615573222162681],
            [9.946170030872642, 60.61533710966166],
            [9.952266495405489, 60.610896472567973],
            [9.940734531888472, 60.601358529904211],
            [9.900738666848696, 60.59013328912404],
            [9.853388806067473, 60.567694768804891],
            [9.843962060116141, 60.583366393498196],
            [9.843175085299061, 60.586638536513632],
            [9.832298998936256, 60.579727096270368],
            [9.810479446676485, 60.556088536328197],
            [9.812692210580614, 60.536020945102827],
            [9.81576908806899, 60.518560878001871],
            [9.810955631205426, 60.51199712459767],
            [9.821977834333172, 60.497881988179607],
            [9.82750668400481, 60.474569363770499],
            [9.830923623767706, 60.46759676297858],
            [9.83074580627118, 60.456317068201955],
            [9.800928478535701, 60.454392362360153],
            [9.718540184387951, 60.470779951389915],
            [9.611784015795834, 60.500343618528966],
            [9.619981965913688, 60.507775654228169],
            [9.610945463081036, 60.531659233886565],
            [9.607068532935189, 60.538856934719746],
            [9.483905639815504, 60.528679934419579],
            [9.44864432245814, 60.543843310943814],
            [9.417289372710414, 60.547659577763667],
            [9.410592368228421, 60.571930249194367],
            [9.410675720898698, 60.582898307224845],
            [9.435142779506537, 60.599565896635148],
            [9.421346071834577, 60.613012190546009],
            [9.381135822863177, 60.619829310356764],
            [9.361134336508044, 60.639991934897338],
            [9.366099082058941, 60.64786731022761],
            [9.35271647860637, 60.667062554222966],
            [9.321302322929595, 60.67949516296445],
            [9.318030047758331, 60.698995137229417],
            [9.328683904523903, 60.708286266046748],
            [9.332108368228424, 60.729904681012442],
            [9.304413995105566, 60.745300631665671],
            [9.29130237381508, 60.761863408813191],
            [9.257782272146233, 60.767470434297614],
            [9.216257632912361, 60.770573583810013],
            [9.192875101810985, 60.790871939041487],
            [9.146906102668508, 60.806830650615915],
            [9.088818775125345, 60.816465622845762],
            [9.016110785867413, 60.840001094644187],
            [8.918990341818279, 60.863377637260946],
            [8.889452729943201, 60.896631247439679],
            [8.814489169320266, 60.900587671490342],
            [8.693489419314611, 60.925432145267692],
            [8.65405015631139, 60.93594848604365],
            [8.657225939270667, 60.939161481446376],
            [8.621083234374909, 60.951904686090586],
            [8.632783607681272, 60.961646380102515],
            [8.607958661017351, 60.982282822055055],
            [8.543264052247006, 61.009739117991373],
            [8.480710696474263, 61.021676629464295],
            [8.446542267922029, 61.019915605976472],
            [8.366332850582056, 61.048263104337281],
            [8.309200907167583, 61.091719905389105],
            [8.251698037075315, 61.07394366920289],
            [8.221203292010959, 61.089478178439421],
            [8.133871623130906, 61.109671368672103],
            [8.136171750066701, 61.115700826980955],
            [8.082975398048131, 61.16215891639613],
            [8.07560681219281, 61.179756418822386],
            [8.048468388102014, 61.174133360419368],
            [8.044000171062212, 61.178987160757956],
            [8.060567737249121, 61.193316139072763],
            [8.053212747428063, 61.220253372490497],
            [8.017318871520235, 61.225728385977774],
            [8.006715522640681, 61.234959233370233],
            [8.051167386600099, 61.232775903567088],
            [8.067364365529466, 61.248306605683233],
            [8.1356964944958, 61.269025329745027],
            [8.141759401908049, 61.274570986271925],
            [8.133112815843932, 61.27752528987633],
            [8.146081883926083, 61.282386645437988],
            [8.17672776086351, 61.305047484514475],
            [8.201163483368505, 61.304922789316741],
            [8.222109134391426, 61.307647732697639],
            [8.217673301414955, 61.318228749720497],
            [8.231389933895771, 61.314395526416206],
            [8.236928699477367, 61.318418643653921],
            [8.251138124675226, 61.339136575339808],
            [8.225447932429466, 61.342116223101137],
            [8.212773193741793, 61.35553086257724],
            [8.199917742715099, 61.352866447833804],
            [8.180392559509958, 61.356669341107157],
            [8.158136081373646, 61.37144372887812],
            [8.161592896547694, 61.387362943309427],
            [8.150354628857032, 61.426741383724405],
            [8.192252926192165, 61.438798310815002],
            [8.217136764861126, 61.429898103123698],
            [8.274826868693681, 61.431267100159999],
            [8.302536132553504, 61.445614473548758],
            [8.322050664431179, 61.455884778315536],
            [8.287568587552386, 61.489551597338334],
            [8.262329870859702, 61.5339800716214],
            [8.195561876965284, 61.547794041648721],
            [8.117888607735152, 61.522847075901062],
            [7.947306745640907, 61.556680746761252],
            [7.93298942777733, 61.602372442063526],
            [7.895646547263998, 61.643646681485365],
            [7.904415942676312, 61.67913718395657],
            [7.908212837228334, 61.721679151619064],
            [7.841838071911518, 61.743131927223622],
            [7.752516327051442, 61.754809819744047],
            [7.684567423051036, 61.742725970693193],
            [7.629091545335377, 61.741363368218934],
            [7.513819217357558, 61.72736476709688],
            [7.514751720390866, 61.760328699685743],
            [7.412499592919555, 61.857510125710697],
            [7.414223617752725, 61.891515353852981],
            [7.388794799035207, 61.933071835358611],
            [7.399099625360146, 61.978397799696609],
            [7.393206275081665, 61.99235177293702],
            [7.380859477671879, 62.002943335709439],
            [7.349113560037827, 62.00768141494796],
            [7.352709550392607, 62.029263478093696],
            [7.342527591050994, 62.035426290961915],
            [7.401999564286369, 62.06009211217642],
            [7.399569811756181, 62.067391251499622],
            [7.419453575193662, 62.080740038374046],
            [7.408155666854605, 62.088037171819558],
            [7.414720229512289, 62.092089110746883],
            [7.45069016135924, 62.088078740775458],
            [7.485883592993732, 62.089546313774328],
            [7.514254280461223, 62.097434561448345],
            [7.554068005212723, 62.069497508910978],
            [7.583774186858244, 62.065340181827338],
            [7.59206401681333, 62.074508475314211],
            [7.631829594142573, 62.085086546005115],
            [7.579376960030029, 62.121896516805549],
            [7.655258648895397, 62.140891474897323],
            [7.734594689525707, 62.184631697054684],
            [7.827340652290707, 62.189685346564524],
            [7.863970850571409, 62.170776516282764],
            [7.983609860414783, 62.177457386489628],
            [8.13125031063761, 62.2906591926603],
            [8.169526254847201, 62.30515573823493],
            [8.205849710068577, 62.331742009306438],
            [8.27520404260974, 62.347986947704754],
            [8.389323030078732, 62.363867923975945],
            [8.463277875939744, 62.363437922700889],
            [8.731642663538457, 62.376874048326563],
            [8.889617404313062, 62.375492597168567],
            [8.919054682735334, 62.353462761046572],
            [8.931802390920737, 62.353192731583839],
            [9.020433289340238, 62.359122488927895],
            [9.06206156688518, 62.37260661195279],
            [9.21273723814549, 62.343124435988685],
            [9.483888480787119, 62.29226971477609],
            [9.515075582494839, 62.278019267167572],
            [9.602064456350694, 62.255321792167798],
            [9.718068313034365, 62.28278489146539],
            [9.792455187729873, 62.287930420849825],
            [9.82730062881684, 62.299194905355613],
            [9.839633406222674, 62.314931346430456],
            [9.833553945588562, 62.328686331077805],
            [9.854750222085912, 62.330976446532823],
            [9.843995526210108, 62.333330327699372],
            [9.841818318507135, 62.339466278386055],
            [9.821439119878667, 62.342836906860697],
            [9.839307869915912, 62.362153106246332],
            [9.900258190165426, 62.344369792847168],
            [9.934191190767374, 62.355220258268538],
            [9.953383044681768, 62.381404838425404],
            [9.951805449343841, 62.397198523740059],
            [10.097898232904969, 62.427875048440974]
          ]
        ]
      }
    },
    {
      "type": "Feature",
      "properties": { "navn": "AMK Vestre Viken", "lokalisering": "Drammen" },
      "geometry": {
        "type": "Polygon",
        "coordinates": [
          [
            [10.34261104651403, 59.794013829961237],
            [10.342601699635415, 59.794017643554149],
            [10.342387701369683, 59.794109046361527],
            [10.339542664351674, 59.794533328135863],
            [10.337759495590104, 59.795185858791328],
            [10.331349285292786, 59.797064850066938],
            [10.32802646694722, 59.795784559915788],
            [10.326668611385774, 59.794838497851856],
            [10.323279433950331, 59.793939864574895],
            [10.323121521125781, 59.793896371752489],
            [10.322567898843898, 59.793682725652225],
            [10.324461778884844, 59.79236587923608],
            [10.324516949586521, 59.792313518573238],
            [10.324539915217571, 59.792302464087889],
            [10.324567471641508, 59.792273944180657],
            [10.324595422163899, 59.792237523269144],
            [10.324600544623458, 59.792202267953755],
            [10.324592509285491, 59.792146306629917],
            [10.324590976350917, 59.792096153432681],
            [10.324605404975181, 59.792041621906883],
            [10.324601801211397, 59.792006235640507],
            [10.324597949657532, 59.791966253422864],
            [10.324600726491667, 59.791940088802292],
            [10.324585460112198, 59.791900059746865],
            [10.3245928746655, 59.791862457602257],
            [10.324607378187988, 59.791832843126869],
            [10.324648506238324, 59.791796621782495],
            [10.324687575446703, 59.791766173424357],
            [10.324687971648641, 59.791734077669219],
            [10.324688388437474, 59.79171583396306],
            [10.324700310470192, 59.791681720289155],
            [10.324730671762046, 59.791629375274255],
            [10.324744927235942, 59.791595164829062],
            [10.324750183705397, 59.79155640648564],
            [10.324744039883621, 59.791518771100094],
            [10.324749062945697, 59.791476586585674],
            [10.324754156239569, 59.791438991696879],
            [10.324773699305672, 59.791378526177517],
            [10.324765506868873, 59.791336410583348],
            [10.32475734719689, 59.791273699069407],
            [10.324767620799307, 59.791214432409944],
            [10.324777782708187, 59.791148326057865],
            [10.324798907237025, 59.791110942434031],
            [10.324835879830941, 59.791069985912756],
            [10.324877508010506, 59.791021280177546],
            [10.32489645824093, 59.790980311293815],
            [10.324912384116946, 59.790960911089037],
            [10.3249491022863, 59.790928130347439],
            [10.324974446062383, 59.790905198021001],
            [10.324979528960922, 59.790877856329772],
            [10.325005735944268, 59.790813130974925],
            [10.325061166534034, 59.790733436565489],
            [10.325080196645661, 59.790686804062965],
            [10.325117343399119, 59.790635690058714],
            [10.325174834778469, 59.790585840341421],
            [10.325214058779478, 59.790541546071253],
            [10.325246419914375, 59.7905131072553],
            [10.325287762690161, 59.790477882789972],
            [10.325329000041364, 59.790448500891067],
            [10.325356475855301, 59.790426903651273],
            [10.325373281055537, 59.790377043850519],
            [10.325387487376958, 59.790327900978106],
            [10.325424487241337, 59.790289283830774],
            [10.325463834115123, 59.790242835231915],
            [10.32551021989169, 59.790188182623481],
            [10.325565308823013, 59.790144003589006],
            [10.325599715193349, 59.790109881155161],
            [10.325650026044917, 59.79006796039549],
            [10.325671178613653, 59.790041820611165],
            [10.32568027983698, 59.790030362140307],
            [10.325701480854136, 59.78998605548005],
            [10.325742880320135, 59.789955509980565],
            [10.325791115941254, 59.789916933123763],
            [10.325832563660327, 59.789868220722362],
            [10.325864850378599, 59.78982502838943],
            [10.325883731060191, 59.789789633427773],
            [10.325888922073059, 59.789758967660561],
            [10.325900854635108, 59.789724764350936],
            [10.325921797454381, 59.789686114913657],
            [10.325940476250802, 59.78965979705454],
            [10.325977583766068, 59.789617855705217],
            [10.326012339489235, 59.789572322797355],
            [10.326028304562771, 59.789546268061294],
            [10.326056211516125, 59.789508855994256],
            [10.326077278483616, 59.789476956725068],
            [10.326091523826751, 59.789454258595001],
            [10.326107309289251, 59.789426938246265],
            [10.326107805311516, 59.789403030931709],
            [10.32610364811414, 59.78938813214863],
            [10.326102496904248, 59.789340331138114],
            [10.326109359953067, 59.789333380059993],
            [10.326122955767909, 59.789325499479652],
            [10.326143402068327, 59.789310757314603],
            [10.326166535846333, 59.789287026554895],
            [10.326215183907049, 59.789228946518087],
            [10.326290492646127, 59.789189444794459],
            [10.326338200659576, 59.789163531023291],
            [10.326375172087825, 59.789132737734775],
            [10.326414528755317, 59.789086199316479],
            [10.326474073696668, 59.789030575932415],
            [10.326535951114959, 59.78899905049748],
            [10.326584140922963, 59.788956963973355],
            [10.326645867579932, 59.788926512445691],
            [10.326687021778707, 59.788902793669962],
            [10.326709963952496, 59.788886791147512],
            [10.326732783447383, 59.788865297700326],
            [10.326744814312031, 59.788838023489305],
            [10.326756750676701, 59.788815243087306],
            [10.326770540611689, 59.788785603035748],
            [10.326791472353237, 59.78875720665858],
            [10.326812282544466, 59.788732223803379],
            [10.326842358159274, 59.788695878201324],
            [10.326879476750078, 59.788646201901535],
            [10.32691116704186, 59.788588147457119],
            [10.326923170604488, 59.788559792941236],
            [10.326941750337213, 59.788527805004939],
            [10.32696739383784, 59.788503983602865],
            [10.327012835641357, 59.78848149672649],
            [10.32703612189561, 59.78846685556033],
            [10.327070289130383, 59.788452242032804],
            [10.327091046044931, 59.788434003005804],
            [10.327095912796764, 59.788415827816962],
            [10.327060023934552, 59.788391794301695],
            [10.327049174197473, 59.788371170715017],
            [10.327052114916718, 59.788354006272591],
            [10.327084338271844, 59.788329069976442],
            [10.327114743233141, 59.788292915939962],
            [10.327146759903032, 59.788265633741773],
            [10.327185916285952, 59.788238335910023],
            [10.327243443863683, 59.788191994533641],
            [10.327256325468348, 59.788173924812895],
            [10.327271686876168, 59.788152165755619],
            [10.32729935224323, 59.788124099000051],
            [10.327318058066139, 59.788100120480955],
            [10.327327573374228, 59.788070418141352],
            [10.327330711966319, 59.788034012841358],
            [10.32734964807765, 59.78800329675915],
            [10.327359852431776, 59.787952122464475],
            [10.327369112213564, 59.787929336672079],
            [10.32735843668104, 59.78789855570303],
            [10.327363761270334, 59.787873291276426],
            [10.327391438859271, 59.78784513500004],
            [10.327407856093837, 59.787833667076207],
            [10.327464911411296, 59.787802149480896],
            [10.327483378018853, 59.787787516546913],
            [10.327486019461707, 59.787773759296826],
            [10.327497549011639, 59.787758969330426],
            [10.327529907401374, 59.787731789166791],
            [10.327568441778897, 59.787712743894446],
            [10.327611956095488, 59.787691267544112],
            [10.327639540360041, 59.787676509473584],
            [10.327678799345005, 59.787658659233223],
            [10.327715228026882, 59.787639359070347],
            [10.327747303690563, 59.787618015117701],
            [10.327761554178231, 59.787583804273297],
            [10.327780302956443, 59.78756333502551],
            [10.327810097429662, 59.787542989170824],
            [10.327865311125297, 59.787518241560285],
            [10.327906314220481, 59.787496855611209],
            [10.327937967295405, 59.787481073066267],
            [10.32798621874328, 59.787456347390986],
            [10.328022812035544, 59.78743714295512],
            [10.328050783608733, 59.787403060760482],
            [10.328071756984306, 59.787378173498197],
            [10.328101395114318, 59.787347478527344],
            [10.328109313549984, 59.787318978513909],
            [10.328130187001035, 59.787287162044763],
            [10.328146688888015, 59.787249613465342],
            [10.328166073146031, 59.787214416074612],
            [10.328186796013325, 59.787183673559682],
            [10.328209519083703, 59.787166673641252],
            [10.328239496066853, 59.787157757012103],
            [10.328257652093487, 59.787155525118884],
            [10.328319082584638, 59.787141162241014],
            [10.328353233332313, 59.787125378572391],
            [10.328399376853913, 59.787091493447392],
            [10.328415112290225, 59.787082339673034],
            [10.328449877272785, 59.787062170619542],
            [10.32851376888695, 59.787032784771746],
            [10.328548712456699, 59.786989686488276],
            [10.328578769974227, 59.786952170658111],
            [10.328599742660659, 59.786927283302219],
            [10.328607657975152, 59.786865683994918],
            [10.328610436771871, 59.786850942246026],
            [10.328557338838991, 59.786786721490607],
            [10.328540415617127, 59.786743216117905],
            [10.328520640032227, 59.786723893926791],
            [10.32851019870207, 59.786673603686666],
            [10.328538045759938, 59.786641675622732],
            [10.328611181366135, 59.786612528843165],
            [10.328645686516746, 59.786596757728624],
            [10.328705155027366, 59.786569642846544],
            [10.32873807233055, 59.786512980900142],
            [10.328756866621591, 59.786474344598311],
            [10.328759874319285, 59.786428670474926],
            [10.328758563711411, 59.78640236036069],
            [10.328757625785313, 59.786355556421974],
            [10.32876442968648, 59.786336280883738],
            [10.328762928995209, 59.786310053947105],
            [10.328793378641334, 59.786264637026868],
            [10.328838955748799, 59.786250069448315],
            [10.328927367110673, 59.786226503054131],
            [10.328972881152271, 59.786220028089446],
            [10.329038950804431, 59.786205650151139],
            [10.329064304694541, 59.786185146009913],
            [10.329076320057981, 59.78615796104058],
            [10.329071163368575, 59.786082674805932],
            [10.32906939075295, 59.786060935367573],
            [10.329101597792951, 59.786036088023067],
            [10.329140695661396, 59.786006628980623],
            [10.329236615986469, 59.785953648343096],
            [10.329307631497633, 59.785924335826181],
            [10.329373748684251, 59.785900695264097],
            [10.329460209914572, 59.785879577550766],
            [10.329492257513635, 59.785866057306407],
            [10.329548795481696, 59.785847112580861],
            [10.329611117175254, 59.785821268137056],
            [10.329661244890318, 59.78579076238438],
            [10.329702852616109, 59.785761212623747],
            [10.329726595752188, 59.785710160266142],
            [10.329720123171942, 59.785683756424604],
            [10.329741685507765, 59.785640631413813],
            [10.329755151621992, 59.785624740940435],
            [10.329773883425529, 59.785603101593111],
            [10.329800337567178, 59.785542881540209],
            [10.329796446625913, 59.785513331613828],
            [10.329790832750255, 59.785461684262891],
            [10.329735700258206, 59.785394153619862],
            [10.329715943683194, 59.785363229593649],
            [10.32970956087143, 59.785345103729213],
            [10.329721771860768, 59.785306322992689],
            [10.329731532620469, 59.785281216387538],
            [10.329772531730288, 59.785259829803501],
            [10.32978640910253, 59.785247371811721],
            [10.32979021324504, 59.785185806073535],
            [10.329801757519778, 59.78517344494108],
            [10.329802649820017, 59.785130124017499],
            [10.329819031559442, 59.785106152457466],
            [10.329862578644379, 59.785076761626293],
            [10.32988333394573, 59.785059781388306],
            [10.329928666596986, 59.785052040472095],
            [10.329999159392067, 59.785045554636369],
            [10.330046607828201, 59.785036719707463],
            [10.330103797822504, 59.785014380139067],
            [10.330163370905819, 59.784983940506955],
            [10.330211301658199, 59.784960192098126],
            [10.330280004074762, 59.784921892430184],
            [10.330362209597029, 59.784890369230268],
            [10.330430454415561, 59.784866803905629],
            [10.330494348532238, 59.784850099319691],
            [10.330580831396009, 59.784828801830216],
            [10.330639879659003, 59.78481102532588],
            [10.330663023878953, 59.784797367932924],
            [10.330694971679508, 59.784778177453624],
            [10.33070447895348, 59.784761246613776],
            [10.330693302234046, 59.784742950240918],
            [10.330675955695622, 59.78472794213247],
            [10.330628774628229, 59.784699190503993],
            [10.33056823267677, 59.784680486829139],
            [10.330555132440312, 59.784664460526713],
            [10.330557527911784, 59.784648625801175],
            [10.330555743933557, 59.784628235147061],
            [10.330552436919483, 59.784576669930729],
            [10.330557530790143, 59.784551757003456],
            [10.330594332279546, 59.784523385151601],
            [10.330613348985748, 59.78449842794668],
            [10.33059583504366, 59.784451484007676],
            [10.330591978850345, 59.784412761139926],
            [10.330600207268041, 59.784359087953007],
            [10.330602819922065, 59.784344250330882],
            [10.330606599072937, 59.784261187273998],
            [10.330616807810902, 59.784231599400592],
            [10.330622176992215, 59.784189427161365],
            [10.330626876095947, 59.784171155989071],
            [10.330629680891496, 59.784157494465845],
            [10.330627660791654, 59.784132418361331],
            [10.330639943406176, 59.784099486433242],
            [10.330660515933451, 59.784079981180398],
            [10.33070633349142, 59.784059845113561],
            [10.330779367601563, 59.784035190850084],
            [10.330799908929027, 59.784027377091299],
            [10.330847988188426, 59.784002554456343],
            [10.330862405329535, 59.783979862045356],
            [10.330857983264362, 59.783959197651079],
            [10.330813449303903, 59.783928111779723],
            [10.330784886904507, 59.783893816538047],
            [10.330763435751386, 59.783835489625908],
            [10.330761751589375, 59.783799092626921],
            [10.330775171372851, 59.783726176401792],
            [10.330791038134269, 59.783713519278933],
            [10.330832564905126, 59.783683246814761],
            [10.330858193121777, 59.783646742256302],
            [10.330872144200649, 59.783618456783785],
            [10.330886894442463, 59.783560248640768],
            [10.330908445684257, 59.783527376637046],
            [10.330957187342234, 59.783467229851148],
            [10.330978203740566, 59.783433079604443],
            [10.331002289453568, 59.783369357285267],
            [10.331004782915961, 59.783359192468552],
            [10.331049071280061, 59.78329771795449],
            [10.331061363303794, 59.783255792012902],
            [10.331078156132978, 59.783213576483874],
            [10.331085500956915, 59.783192970965032],
            [10.331121926974392, 59.783176188328262],
            [10.331151513072323, 59.783163659497973],
            [10.331187975002996, 59.783160639437092],
            [10.331271757071717, 59.783149678931714],
            [10.331301510226631, 59.783138505161091],
            [10.331340523523766, 59.78311470899839],
            [10.331354824730502, 59.783083917534412],
            [10.331358685440026, 59.783005354560714],
            [10.331374983372006, 59.782978141916935],
            [10.331400957541767, 59.782951903112632],
            [10.331410586082541, 59.782909882395877],
            [10.331406938354842, 59.78288240988622],
            [10.331416074963917, 59.782864296565833],
            [10.331441797811829, 59.782824557332162],
            [10.33146791537288, 59.782785821512242],
            [10.33147664709263, 59.782775698731356],
            [10.33151150767458, 59.782748426897648],
            [10.331532694803494, 59.782725795390029],
            [10.331532402042269, 59.782717690085768],
            [10.331528168289125, 59.782710973616211],
            [10.331503284728521, 59.782692459515374],
            [10.331424776423464, 59.78267977280364],
            [10.331350332616147, 59.782671188144896],
            [10.331265040321012, 59.782643239466267],
            [10.331202028584698, 59.782616713016949],
            [10.331186670828046, 59.782592601499154],
            [10.33114888876905, 59.78257191950572],
            [10.331127335873138, 59.782528339716016],
            [10.331121407525341, 59.7824942201947],
            [10.331126471263444, 59.782466967663737],
            [10.331133596501637, 59.782444105752454],
            [10.331147459623987, 59.782431737090576],
            [10.33120970160938, 59.782378366595211],
            [10.331258326644106, 59.782333056230563],
            [10.331292592010962, 59.782313858175961],
            [10.331311011956169, 59.782296974568879],
            [10.331340826654701, 59.782277708105937],
            [10.331395955563266, 59.782247109942539],
            [10.331437156673953, 59.782228068657723],
            [10.331464137643646, 59.78222012414664],
            [10.331509929561779, 59.782209071221644],
            [10.331562179191373, 59.7822003167079],
            [10.331582475102117, 59.782198070605332],
            [10.33167979643976, 59.782187231781336],
            [10.33173706672877, 59.782178296031866],
            [10.331829315388656, 59.782174382158608],
            [10.331865751558308, 59.782179186077691],
            [10.331917692670995, 59.782182832611468],
            [10.331958204946373, 59.78217635871502],
            [10.331963314621344, 59.782161519962926],
            [10.331952584610836, 59.782137483216623],
            [10.331953594784032, 59.782090748690884],
            [10.331960896887203, 59.782067893040853],
            [10.332004390552187, 59.782047763879589],
            [10.332045453293773, 59.782029706870397],
            [10.332093464388075, 59.782011717122806],
            [10.332134645780341, 59.781988987262949],
            [10.332141411818, 59.781978884469545],
            [10.332139765206474, 59.781965154535158],
            [10.332124522430513, 59.78194914211155],
            [10.33210887572052, 59.781919443953818],
            [10.332086869833377, 59.78189311731807],
            [10.332074101091358, 59.781863251697658],
            [10.33207692264393, 59.78183034291488],
            [10.33208205460669, 59.781806420691474],
            [10.332109639649971, 59.781781408341892],
            [10.332123800560558, 59.781765632343074],
            [10.332144735626498, 59.781737145486979],
            [10.332158889487509, 59.781709946450491],
            [10.332168348816101, 59.781688246845945],
            [10.332180564613582, 59.781662148131105],
            [10.332176625589929, 59.781627829609526],
            [10.332176783563771, 59.781616502388168],
            [10.332142527115968, 59.781625447440263],
            [10.332092657590648, 59.781638873926532],
            [10.33204461765796, 59.781654524112788],
            [10.332015016394051, 59.781664624100692],
            [10.331974045642372, 59.78167692799849],
            [10.331912984015085, 59.781692564645176],
            [10.331887640998081, 59.781701556877984],
            [10.331853426284033, 59.781712751922932],
            [10.331773556029246, 59.78173275624615],
            [10.331691868593056, 59.78175044729781],
            [10.331626047311694, 59.781770771429592],
            [10.331577886007851, 59.781789834978817],
            [10.331548474532754, 59.781799851675892],
            [10.331500436264903, 59.781816760938412],
            [10.331443849762591, 59.781832286753456],
            [10.331402619490648, 59.781841343293436],
            [10.331379947280361, 59.781847822097809],
            [10.33127561157772, 59.781856522318137],
            [10.331237029091842, 59.781856858571658],
            [10.331196506406069, 59.781857035842215],
            [10.331142272783019, 59.781854476707224],
            [10.331079444639281, 59.781838120279446],
            [10.330980042870577, 59.781810298961368],
            [10.330890801332757, 59.781769797296057],
            [10.330812363859527, 59.781737505048554],
            [10.330720370278767, 59.781703920912406],
            [10.330632677053577, 59.781671479100339],
            [10.330577081775138, 59.781650612786294],
            [10.330509444408554, 59.781624011295619],
            [10.330448932972933, 59.781597483449225],
            [10.330375028328499, 59.781568500230946],
            [10.330310513472435, 59.781536163428264],
            [10.330189203090365, 59.781477520789913],
            [10.33011994777817, 59.781438269442809],
            [10.330075701782938, 59.78140260635984],
            [10.330026593976077, 59.781363442338524],
            [10.32997094737074, 59.781318738939326],
            [10.329920317351254, 59.781263690674919],
            [10.329849114346027, 59.7812039527157],
            [10.329794063477669, 59.781151175530738],
            [10.329724861554368, 59.781105180097043],
            [10.329651487288432, 59.781043116155494],
            [10.329598636061467, 59.780993745064222],
            [10.329536485402102, 59.780933069880533],
            [10.329480959256534, 59.780883693472852],
            [10.329430019454641, 59.780832141748384],
            [10.329370433920969, 59.780773536523618],
            [10.329334710134036, 59.780745821663878],
            [10.329296998218792, 59.780719565066164],
            [10.329238859879458, 59.780685026161471],
            [10.329182962386186, 59.780656143478453],
            [10.329113300112363, 59.780637653964774],
            [10.329012274732197, 59.780606175502221],
            [10.328913379704101, 59.780574772789997],
            [10.32882338558475, 59.780543506958274],
            [10.328742697506959, 59.780512032674181],
            [10.328680170096748, 59.780483363466537],
            [10.328631029398784, 59.780453371906908],
            [10.328568613577657, 59.78040734753457],
            [10.328484159985738, 59.780344168888135],
            [10.328426117316672, 59.780305135821649],
            [10.32838420360828, 59.780259211623388],
            [10.328342252409602, 59.780213555904545],
            [10.328305142228981, 59.78016645353415],
            [10.328291700612821, 59.780141420437452],
            [10.32826146207549, 59.780078372872687],
            [10.328235274093631, 59.780034807344741],
            [10.328222433857974, 59.780013123555818],
            [10.328211680079537, 59.77998800625339],
            [10.328187758202743, 59.779942272804732],
            [10.328166200221037, 59.779900041361543],
            [10.328137905829809, 59.779847316526016],
            [10.328112484017742, 59.779775356113625],
            [10.328072844231157, 59.779715751399493],
            [10.328033061814907, 59.779669902939894],
            [10.328005101366402, 59.779627533452384],
            [10.327965219299761, 59.779574755773169],
            [10.327919411337424, 59.779510793987008],
            [10.327888192899936, 59.779476403379405],
            [10.327864411245343, 59.779438589868803],
            [10.327842337546464, 59.779406413659828],
            [10.327813847038295, 59.779365284455508],
            [10.327778515569875, 59.779319504434902],
            [10.327757133971261, 59.779276019972976],
            [10.327739646542396, 59.779241668510394],
            [10.327722445458091, 59.779203999331742],
            [10.327705014263454, 59.779173067716982],
            [10.327685348241173, 59.77914790285017],
            [10.327656586359538, 59.779111261112575],
            [10.327639090080925, 59.779087162873417],
            [10.327632751057633, 59.779071286993165],
            [10.327630521220255, 59.779064281946923],
            [10.327630600951922, 59.77905861834666],
            [10.327633406442336, 59.779044956889848],
            [10.327652630121456, 59.778999410441735],
            [10.327624054935718, 59.778952521783673],
            [10.327604039587577, 59.778938767283599],
            [10.327584158143303, 59.778921509752251],
            [10.327577603544063, 59.778913541218337],
            [10.327557325508174, 59.778894020973304],
            [10.327550946422511, 59.778884799478661],
            [10.327549155368125, 59.778874662032393],
            [10.3275469927675, 59.778862082881837],
            [10.327544869777586, 59.778850494520114],
            [10.327544920446325, 59.77884249135397],
            [10.327540483379437, 59.778834688162256],
            [10.32754093066719, 59.778828947706103],
            [10.327540983338231, 59.778822203820042],
            [10.327536730309685, 59.778810539611442],
            [10.327527828587954, 59.778801498119172],
            [10.327509955944825, 59.778787729955937],
            [10.327498786300323, 59.77877959708281],
            [10.327478990215134, 59.778768098954814],
            [10.327469994229178, 59.778763551275944],
            [10.327416526355259, 59.778728817969537],
            [10.32740105563513, 59.778710638144908],
            [10.327367800721939, 59.778670418480289],
            [10.327352559696749, 59.778653146262926],
            [10.327330248216974, 59.778630315599329],
            [10.327279561212176, 59.778582099785361],
            [10.327261634657276, 59.778566171019023],
            [10.327241632221833, 59.778552326970662],
            [10.327217123599437, 59.778534994540379],
            [10.327188453260746, 59.778515535144827],
            [10.327156741728682, 59.778505051736389],
            [10.327046531515375, 59.778480619844245],
            [10.324797200910822, 59.776411302846036],
            [10.324600128632893, 59.776348695657951],
            [10.324087627681225, 59.776185983426465],
            [10.323723247852463, 59.776090249494302],
            [10.323326672638295, 59.776021879158783],
            [10.323162504400541, 59.775986706045813],
            [10.323074538239499, 59.775969089635559],
            [10.323023336816481, 59.775943699314539],
            [10.322950390664756, 59.77586347765704],
            [10.322868681632379, 59.77578087488159],
            [10.322733004297161, 59.775678629312885],
            [10.322501312756623, 59.775523311821892],
            [10.322427702574496, 59.775279908043167],
            [10.322349821653315, 59.775177653705214],
            [10.322288546240756, 59.775118534747961],
            [10.321496900184489, 59.774230985501042],
            [10.321353450106532, 59.774065950077322],
            [10.321068378316115, 59.773771201873402],
            [10.320652276499711, 59.773374280615016],
            [10.320202647142757, 59.772951966993226],
            [10.319656075889105, 59.772727488099683],
            [10.319506745984961, 59.772767222961306],
            [10.319411050127659, 59.772743751564633],
            [10.31924225751772, 59.77273278291959],
            [10.319177297013454, 59.772725428510583],
            [10.319104898781317, 59.772720237202549],
            [10.319046311280957, 59.772710681607244],
            [10.318949701040708, 59.772695002372672],
            [10.318888765497443, 59.772683114329219],
            [10.318846525314481, 59.772670184352172],
            [10.318799468398106, 59.772657262390936],
            [10.318756669084081, 59.772643233104915],
            [10.318723164309864, 59.772631604147143],
            [10.318660494444352, 59.772611739033103],
            [10.318586633270938, 59.772592823731514],
            [10.318537242694237, 59.772578739074561],
            [10.318476632327881, 59.772563264669927],
            [10.318402475000925, 59.772550275002672],
            [10.318337592964031, 59.772534738051142],
            [10.318285694580528, 59.772522002914464],
            [10.318247507236647, 59.772515783272766],
            [10.318204671393886, 59.77251218601004],
            [10.318152582833111, 59.772518602128535],
            [10.31810667954865, 59.772534323302843],
            [10.318074447872819, 59.772555569204826],
            [10.31804922960302, 59.772570049733211],
            [10.318025938343915, 59.772584778911501],
            [10.317984156660749, 59.772611800198582],
            [10.317924879243659, 59.772636398238305],
            [10.317867470303854, 59.772655306508184],
            [10.317812762045586, 59.772665136831854],
            [10.31774941402263, 59.772669172210428],
            [10.317657158268911, 59.772658054669115],
            [10.317598530369274, 59.77264624836868],
            [10.317531411907067, 59.772626313879485],
            [10.317475809860101, 59.772601843441514],
            [10.317421737900728, 59.772584263342864],
            [10.317368240498601, 59.772560047858661],
            [10.317314795041275, 59.772536733646348],
            [10.31727722288022, 59.772515964719005],
            [10.317237136229801, 59.77249150826708],
            [10.317204245565465, 59.772464070648496],
            [10.317169562447686, 59.7724227176409],
            [10.317132625427044, 59.77237327914294],
            [10.317106814194538, 59.772330983553864],
            [10.317088014982836, 59.772280663371625],
            [10.31706454823113, 59.772228017926601],
            [10.317048368585581, 59.77217428341239],
            [10.317044478356349, 59.772086359032123],
            [10.317051372949821, 59.772006734684673],
            [10.317055813742725, 59.771950947906852],
            [10.317066217791774, 59.771899691297747],
            [10.317077317090064, 59.771837126536624],
            [10.317099863550775, 59.771775599968848],
            [10.317119463952942, 59.771719814617519],
            [10.317134649200911, 59.771690405209334],
            [10.317141539864014, 59.771676889696337],
            [10.317138039192411, 59.771635750200396],
            [10.317112337063623, 59.771599035031173],
            [10.317066803796509, 59.771537147196945],
            [10.31704484308659, 59.771511898522618],
            [10.31699819653598, 59.7714909854731],
            [10.316933820550291, 59.771452799887086],
            [10.316900029983328, 59.771434324458873],
            [10.31684729292313, 59.771398353157814],
            [10.316796335416386, 59.771366223011718],
            [10.316783055456996, 59.771359183047537],
            [10.316736517216421, 59.771323522911622],
            [10.316726550183407, 59.771290337490065],
            [10.316718192876118, 59.771257119584348],
            [10.316711847820708, 59.771241332740615],
            [10.316690349114687, 59.771210254113491],
            [10.316670491969781, 59.771194164819867],
            [10.316641626595739, 59.771171098084857],
            [10.316610986660042, 59.771147967995603],
            [10.316593259109778, 59.771131954709048],
            [10.316575734158913, 59.771115768763444],
            [10.316565346656969, 59.771090663294352],
            [10.316563435239082, 59.771082679969822],
            [10.316548121371618, 59.771060906463887],
            [10.316535073851183, 59.771047128951125],
            [10.316513181457045, 59.771025210544991],
            [10.316484522112386, 59.771004489673899],
            [10.316455371304226, 59.770985999856876],
            [10.316424006279007, 59.770970579035925],
            [10.316377816280193, 59.77094896248235],
            [10.316331087594937, 59.770922289802925],
            [10.316322285248013, 59.770917658239831],
            [10.316297679524549, 59.770904907184125],
            [10.316257678805369, 59.770886209867143],
            [10.316224000796058, 59.770875833242002],
            [10.316154553026706, 59.770854735454151],
            [10.316111906304691, 59.770838372119343],
            [10.316042893631581, 59.770810364094487],
            [10.316003127119867, 59.770786188455496],
            [10.315983213984302, 59.770765419943054],
            [10.315948234129992, 59.770727473818866],
            [10.315940044248451, 59.770705774684181],
            [10.315927011254145, 59.770693166895434],
            [10.315904901185357, 59.770668991994143],
            [10.315885453006773, 59.770644912126059],
            [10.315872869128878, 59.770616400230267],
            [10.315861976665586, 59.770602519693483],
            [10.315853037812531, 59.770589968125847],
            [10.315811142139916, 59.770535225292186],
            [10.31549889869088, 59.770282126506594],
            [10.315245392056477, 59.770057837735564],
            [10.314507703251, 59.769832177242272],
            [10.311103979072264, 59.768676298636173],
            [10.311694515716598, 59.767057354866637],
            [10.310426380579031, 59.763662849804184],
            [10.312022390813025, 59.763806603712673],
            [10.31208991819987, 59.763814593519555],
            [10.312419109049024, 59.763848663643962],
            [10.313025727269682, 59.763820690060626],
            [10.313807108154863, 59.763770984292726],
            [10.314234247062826, 59.763691621146883],
            [10.31483588838123, 59.763597442342601],
            [10.315442772150879, 59.763563710771699],
            [10.31596767620659, 59.763538562021232],
            [10.316603592764123, 59.76352663893455],
            [10.317374643417427, 59.763522504850911],
            [10.317770338652581, 59.763515942125885],
            [10.317711190654519, 59.763270262047762],
            [10.317236161716721, 59.763007307895379],
            [10.317396831144938, 59.762552169284753],
            [10.317543676915381, 59.762101484045729],
            [10.317662378568471, 59.761884458504454],
            [10.317769104100439, 59.761686703179237],
            [10.317800256523165, 59.761441727865886],
            [10.317812492523949, 59.761227377908931],
            [10.317863355753051, 59.760911780432558],
            [10.317758319608307, 59.760582702989552],
            [10.31762799284339, 59.760108542047156],
            [10.317555765265068, 59.759836670736043],
            [10.317433974926798, 59.759461842768552],
            [10.317327402553799, 59.759114541171002],
            [10.317288195747873, 59.758879286469423],
            [10.317226103556356, 59.758661023661858],
            [10.317133006429255, 59.7581312562723],
            [10.317092538116464, 59.757762659023363],
            [10.317052003401386, 59.757400895126302],
            [10.316943416390032, 59.756871024089627],
            [10.316915237604693, 59.756646146691068],
            [10.317027046334774, 59.756422220036377],
            [10.317162276916031, 59.756070689171629],
            [10.31718693487268, 59.755908860396403],
            [10.317223833290639, 59.755700427804491],
            [10.31689472921731, 59.755578585443686],
            [10.316565436004099, 59.755455566168898],
            [10.31611812692825, 59.755269058147057],
            [10.315673654123454, 59.755137335944148],
            [10.316043941141018, 59.754707584664992],
            [10.31659673990722, 59.754397410026023],
            [10.316855426037153, 59.754272630262136],
            [10.317215408964101, 59.754244109422544],
            [10.317461527341766, 59.754275023021982],
            [10.317585013657807, 59.754220698166947],
            [10.317926771997444, 59.75401703297414],
            [10.318360789884442, 59.753380341064073],
            [10.318374912647771, 59.753359708310711],
            [10.318597537045157, 59.752997444761967],
            [10.318959910787456, 59.752477460020351],
            [10.319260420278283, 59.752218173293329],
            [10.319664894601051, 59.751697800789401],
            [10.319710170598089, 59.751653275243974],
            [10.319929280114208, 59.751532114647063],
            [10.320207182959594, 59.751386967910747],
            [10.320430278165896, 59.751309841487462],
            [10.320572360186834, 59.751257526873403],
            [10.320714497303113, 59.751208631955279],
            [10.320769658374997, 59.751186405137204],
            [10.320854301471273, 59.751149669867068],
            [10.320926051167335, 59.751105728729037],
            [10.321003155162304, 59.751041381402317],
            [10.321097540526901, 59.750935107063192],
            [10.321199973624095, 59.750787925422784],
            [10.321318548334721, 59.75063493356155],
            [10.321385358000608, 59.750539727773941],
            [10.321419022954334, 59.750474999816703],
            [10.321435368206854, 59.750407945039072],
            [10.321434288711684, 59.750362214971837],
            [10.321416283634628, 59.750306257073447],
            [10.321390017779823, 59.750222751428993],
            [10.321374516988113, 59.750155280084776],
            [10.321352104001805, 59.750125698401305],
            [10.321530992997234, 59.750075235675276],
            [10.32145933378087, 59.750030765343723],
            [10.321445576938277, 59.750004280748364],
            [10.321428072740625, 59.749988006024161],
            [10.321408483241301, 59.749966260262411],
            [10.321386572054582, 59.749942003181033],
            [10.321363134531564, 59.749913374329132],
            [10.321339082690054, 59.749889130812413],
            [10.321299751670935, 59.749845453941433],
            [10.321263079158939, 59.749800612686606],
            [10.3212198716059, 59.749747713138035],
            [10.321196443117479, 59.749707571736344],
            [10.321168500334267, 59.749664031285199],
            [10.321136788338443, 59.749606684856431],
            [10.321117911855222, 59.749560769535165],
            [10.321099567333039, 59.749505968729984],
            [10.321076343377596, 59.749466913924692],
            [10.321035535106613, 59.749408343481306],
            [10.321043409602463, 59.749378852956504],
            [10.321029536541845, 59.749323941839585],
            [10.321032721307585, 59.749301209682372],
            [10.32103572691557, 59.749277211916493],
            [10.321033105480451, 59.749224681011903],
            [10.320999009880842, 59.749174175179938],
            [10.32096466892904, 59.749120332652858],
            [10.320941105033356, 59.749082434956442],
            [10.320921679359312, 59.749059525673459],
            [10.320896784332335, 59.74899423748132],
            [10.320869560730898, 59.748939209763485],
            [10.320864377991683, 59.748893513151465],
            [10.320834551732018, 59.748843069649638],
            [10.320791346030363, 59.748790169977838],
            [10.320763823618996, 59.748738549441832],
            [10.320741127099108, 59.748677926798749],
            [10.320735620386886, 59.748644720840574],
            [10.320716777202458, 59.74860366360091],
            [10.320693482601003, 59.748558759815566],
            [10.320687422469963, 59.748537136890832],
            [10.3206711535108, 59.748489155858032],
            [10.320654474396589, 59.748446646774759],
            [10.320627375196908, 59.748389464766404],
            [10.320590676438524, 59.74834228377852],
            [10.320573418903432, 59.748320441177498],
            [10.320538619077421, 59.748281332953717],
            [10.32053657161247, 59.748275593416579],
            [10.320504942531153, 59.748212583255842],
            [10.320499206807552, 59.74818737413046],
            [10.320486827168597, 59.74814852625682],
            [10.320486230739597, 59.748112077621897],
            [10.32044753700303, 59.748051153892376],
            [10.32039496617408, 59.748002776841879],
            [10.320335945059323, 59.747952100873533],
            [10.320299370782244, 59.747902765565911],
            [10.320260896131378, 59.747844098187322],
            [10.320250483612035, 59.747816653435329],
            [10.32023558396029, 59.747786889896105],
            [10.32022792473275, 59.747753786973135],
            [10.320221820288101, 59.747727395396765],
            [10.320216642019201, 59.747693121790952],
            [10.32019731988575, 59.747652946795966],
            [10.320201347038253, 59.747616573206017],
            [10.320199663497654, 59.747590429337563],
            [10.320178989099515, 59.747543370328508],
            [10.32013817206373, 59.747484889138399],
            [10.320108131223279, 59.747442352835606],
            [10.320082265817646, 59.747405632013404],
            [10.320047711182461, 59.747359696619107],
            [10.320011327816339, 59.747310278073236],
            [10.319961524537272, 59.747256153205548],
            [10.31994406375998, 59.74723322391462],
            [10.319946720383294, 59.747221895822818],
            [10.319932482495819, 59.747175965911595],
            [10.319927046699263, 59.747138445105207],
            [10.319915033496976, 59.747098261066427],
            [10.319907238538512, 59.747067401871256],
            [10.319898710787188, 59.747046860096482],
            [10.319893122790472, 59.747009153966893],
            [10.319885071594131, 59.746985211321778],
            [10.319873603193717, 59.746936052307589],
            [10.319865844326108, 59.746894760877552],
            [10.319834068982081, 59.746834083816772],
            [10.319815374780621, 59.746789433945402],
            [10.319812052650185, 59.746759723760526],
            [10.319808474237899, 59.746736930126566],
            [10.319810858501926, 59.746730089523119],
            [10.319805326098708, 59.746695803246574],
            [10.319805962309864, 59.746679815898048],
            [10.319811180516542, 59.746661653533849],
            [10.319810608268481, 59.74661486216317],
            [10.319804375060265, 59.746514351994534],
            [10.319799252123747, 59.746428812175864],
            [10.319812688012025, 59.746246435289166],
            [10.319831091587954, 59.746111276481521],
            [10.319840367666355, 59.746042530455448],
            [10.319879718331222, 59.745834185178865],
            [10.319930548131964, 59.745620223332729],
            [10.319917022468251, 59.745539960161921],
            [10.319964609869126, 59.745299528964907],
            [10.320008570657089, 59.744957781191502],
            [10.320033060650287, 59.744810966980701],
            [10.320024993715043, 59.744784595278283],
            [10.319981713006417, 59.744638150604857],
            [10.320068188686584, 59.744385975488633],
            [10.319828668113123, 59.744386061489308],
            [10.319515410695573, 59.744276481566317],
            [10.31949686538678, 59.744219334676046],
            [10.319687688740592, 59.74403006757715],
            [10.319676723921562, 59.7439328063614],
            [10.319700446531838, 59.743852523468426],
            [10.319671193346396, 59.743565277044098],
            [10.319579808172481, 59.7434861922466],
            [10.31953434143063, 59.743295596661611],
            [10.319430739716038, 59.743182886270212],
            [10.319435091548838, 59.742925441508838],
            [10.319541263352665, 59.742694207228979],
            [10.31988561127775, 59.742328642901263],
            [10.319981501744806, 59.74224580901241],
            [10.319982190161214, 59.742168391679812],
            [10.319898865692366, 59.742073764559244],
            [10.319884615819303, 59.741991046993711],
            [10.319917783699506, 59.741910741449338],
            [10.320005473289749, 59.741895342796631],
            [10.320057134155956, 59.741835664874095],
            [10.320147613888391, 59.741796530522436],
            [10.320309568999384, 59.741810675551719],
            [10.320295459766347, 59.741800727864387],
            [10.320334287831001, 59.741783045470775],
            [10.320395511820537, 59.741760675766628],
            [10.32043221212367, 59.74174291740843],
            [10.32045098489429, 59.741728476773673],
            [10.320453166136335, 59.741703999876833],
            [10.320453221514514, 59.741680706328388],
            [10.320461096234228, 59.741661379550173],
            [10.32049975381091, 59.741630918965328],
            [10.320543105458837, 59.741606382315716],
            [10.320568501046049, 59.741591728301557],
            [10.320576803872806, 59.741588426847073],
            [10.320606667939293, 59.741581307712565],
            [10.320668831540894, 59.741552225618577],
            [10.320684668756787, 59.74153965896371],
            [10.320722682937348, 59.741502339608935],
            [10.320740019048294, 59.741484159961139],
            [10.320746451995367, 59.741475125289327],
            [10.320746219120322, 59.741471699103236],
            [10.320745067415618, 59.741463383146204],
            [10.320748142175061, 59.741443975005502],
            [10.320759349497107, 59.741417391727971],
            [10.320780313923203, 59.741394934297624],
            [10.320786999355262, 59.741385368970199],
            [10.320789861132207, 59.74137638674317],
            [10.320807490117401, 59.741315404153241],
            [10.320809571085309, 59.741309452161047],
            [10.320832981535169, 59.741270802133698],
            [10.320826023680754, 59.741267046015729],
            [10.320793032529084, 59.741248149700006],
            [10.320772219862139, 59.741235174573276],
            [10.320742559914052, 59.741216666954735],
            [10.320726851317588, 59.741195239334367],
            [10.320721567910335, 59.741184617270598],
            [10.320717670222072, 59.741142474280601],
            [10.320713020037887, 59.741078987684631],
            [10.320714583313704, 59.741065282026462],
            [10.320726995294571, 59.741004652931579],
            [10.320735540863605, 59.740958906519886],
            [10.320733054197159, 59.740902872549775],
            [10.320733664653099, 59.740887064174018],
            [10.320734024547232, 59.740881950204063],
            [10.320748098983582, 59.740859067013716],
            [10.320790770576501, 59.740829199338407],
            [10.32083889007804, 59.74080114506058],
            [10.320874801033227, 59.740781379669002],
            [10.320899223224215, 59.740759675232823],
            [10.320923709489888, 59.740720973647043],
            [10.320931882499218, 59.740689335156269],
            [10.320914386283498, 59.740648865560047],
            [10.320906330592466, 59.740638954068167],
            [10.3208738141326, 59.740597588676032],
            [10.320858299188599, 59.740578596467032],
            [10.320840427592389, 59.740567525179358],
            [10.320818322437781, 59.740562508949807],
            [10.320783955118884, 59.740563621037126],
            [10.32075018418106, 59.740565563895444],
            [10.320722409094918, 59.740562863740202],
            [10.320699388777468, 59.740555476283717],
            [10.320687155016971, 59.740546135223923],
            [10.320685691652498, 59.740532411496339],
            [10.320721875792717, 59.740473800049315],
            [10.32076502457241, 59.740415077367182],
            [10.32079415230959, 59.740354685033033],
            [10.320789754846361, 59.740308476723385],
            [10.320791027283141, 59.740259952320834],
            [10.320794850479018, 59.74024156027567],
            [10.320798473282727, 59.740233504650043],
            [10.320801678817531, 59.740225883853817],
            [10.320827431268683, 59.740204856520506],
            [10.320900596631194, 59.740158268123253],
            [10.320929594084742, 59.740139515232762],
            [10.320946019610552, 59.740122742185896],
            [10.320967478322444, 59.74006621357659],
            [10.320969370951852, 59.740052699559719],
            [10.320967329100299, 59.740041833404085],
            [10.320971178204136, 59.739988903751858],
            [10.320966391542655, 59.739927660900577],
            [10.320966240709398, 59.739910925917762],
            [10.320982571075676, 59.739889742213073],
            [10.321013625828959, 59.739866475578538],
            [10.321078269785177, 59.739838741101423],
            [10.321101543525556, 59.739829048169689],
            [10.321139544765815, 59.739801981910411],
            [10.32116434543031, 59.739771206598725],
            [10.321171583159824, 59.739741153720566],
            [10.321175687021647, 59.739715666103635],
            [10.321187421859833, 59.739695487662196],
            [10.321266518823316, 59.739653607966808],
            [10.321293126736268, 59.739637917784819],
            [10.321341458320825, 59.739591792181862],
            [10.321374770253232, 59.739553675303128],
            [10.321392380337786, 59.739524622144053],
            [10.32139466177094, 59.739473975101596],
            [10.321387828548007, 59.739442610625858],
            [10.321373117735618, 59.73941914996167],
            [10.321308156895144, 59.739367722472856],
            [10.321261592478965, 59.739340156979175],
            [10.321167364901667, 59.739304324704555],
            [10.321107836939204, 59.739278994870347],
            [10.321030941015707, 59.739231368691065],
            [10.320961529165986, 59.739183739709908],
            [10.320886481785196, 59.739135639739047],
            [10.320800637836266, 59.739090842122437],
            [10.320722080863042, 59.739041087746948],
            [10.320703185625959, 59.739022064805496],
            [10.320692687255033, 59.738986342097903],
            [10.320687973044107, 59.738939852637479],
            [10.320684418024518, 59.738924525208496],
            [10.320675001558444, 59.738901433285506],
            [10.32065385889015, 59.738878102752544],
            [10.320604634529182, 59.738849182846998],
            [10.320517919576343, 59.738805523205968],
            [10.320428953832208, 59.738763941828289],
            [10.320408459784545, 59.738751247806427],
            [10.320360492981566, 59.738724801174691],
            [10.32032867215214, 59.738707745327225],
            [10.320288257235983, 59.738675721836934],
            [10.320267301249029, 59.738658693984227],
            [10.320255324372781, 59.738651340803671],
            [10.320221360014216, 59.738613970988062],
            [10.320180409838022, 59.73857050544818],
            [10.320128451777279, 59.738515314022251],
            [10.320113779843078, 59.738500489210871],
            [10.32009625698989, 59.738475488893137],
            [10.320079873105755, 59.738441085090798],
            [10.320076142920374, 59.738409201661092],
            [10.320077582715202, 59.738397650257482],
            [10.32007851215201, 59.738347764429172],
            [10.320082186839443, 59.738313896704042],
            [10.320092580509435, 59.738294390036948],
            [10.320112655094967, 59.738270641765624],
            [10.320133651885106, 59.738236492887424],
            [10.320135813344411, 59.738233781768962],
            [10.320159301063306, 59.738206017888039],
            [10.320173301235934, 59.738176026535356],
            [10.320185757686863, 59.738129070582147],
            [10.320197232713124, 59.738068767864895],
            [10.320199678707016, 59.738016957398791],
            [10.320200846122491, 59.737974275598944],
            [10.320205926300789, 59.73792273904369],
            [10.320206153471135, 59.737860056083228],
            [10.320212257881545, 59.737798662230361],
            [10.320214254475497, 59.737778046341987],
            [10.320213437714807, 59.737738081988759],
            [10.320212474169322, 59.737710614632412],
            [10.320224663625272, 59.737680828481416],
            [10.32023148436857, 59.737642306009576],
            [10.320232050135443, 59.737621728994554],
            [10.320235833913737, 59.737611250640789],
            [10.320258848423741, 59.737598310646526],
            [10.320279083720406, 59.737589948545917],
            [10.320305968024753, 59.737582453372553],
            [10.32033593225492, 59.737559327899973],
            [10.320370310573612, 59.737532672260677],
            [10.320400409075118, 59.737514948215832],
            [10.32041136832396, 59.737510482389858],
            [10.320433580512988, 59.737503270156189],
            [10.32045099352499, 59.737495976572681],
            [10.320457925395038, 59.737491007222765],
            [10.32049288721789, 59.737456367353893],
            [10.320503860655776, 59.737444166832262],
            [10.320529179232283, 59.737404595625151],
            [10.320535887141851, 59.737393592021945],
            [10.320547639042772, 59.737350388558411],
            [10.320564231412442, 59.737318420982561],
            [10.320579604509467, 59.737301520501248],
            [10.32059619001952, 59.737291229211344],
            [10.320615972025715, 59.737284829657369],
            [10.320675108561685, 59.737269670987374],
            [10.320708789891166, 59.73725180491995],
            [10.320723795970089, 59.737243885736824],
            [10.32076988655364, 59.737208653603162],
            [10.320793441113432, 59.737184219954017],
            [10.320802909984456, 59.737164950074465],
            [10.320804415758678, 59.737155469738639],
            [10.32082470154787, 59.737103486472222],
            [10.320823021088991, 59.737070956674771],
            [10.320812007018326, 59.737019835113948],
            [10.320793283821889, 59.736961422776851],
            [10.320782571018563, 59.736925962239013],
            [10.320781931639015, 59.7369216221025],
            [10.320770840453644, 59.736860873762836],
            [10.320762335309798, 59.73681092106591],
            [10.32076328741206, 59.736786310358831],
            [10.320779701788904, 59.736745431946424],
            [10.320785879457487, 59.736735668628597],
            [10.32084009878108, 59.736692002020199],
            [10.320862413781837, 59.73666878334641],
            [10.320870960057947, 59.736642105122336],
            [10.320872127404678, 59.736635041199264],
            [10.320899426836265, 59.736582588687057],
            [10.320907192401144, 59.736558940698615],
            [10.320901033679544, 59.736538033756474],
            [10.320880637152339, 59.736513200804815],
            [10.320853566772458, 59.73648767994397],
            [10.320834095228781, 59.736428251512521],
            [10.320807611513276, 59.736370551584642],
            [10.32079830110693, 59.736341617070302],
            [10.320788648694979, 59.736312580404615],
            [10.320775355136908, 59.73625229312109],
            [10.320770073825882, 59.736225121395826],
            [10.320761211020217, 59.736190446428374],
            [10.320760535874953, 59.73618763406467],
            [10.320741920501918, 59.736124638402686],
            [10.320740874637496, 59.736119384316481],
            [10.320734267552881, 59.736059695443807],
            [10.320714966828142, 59.736013045144219],
            [10.320676137425789, 59.73597226376495],
            [10.320664048414994, 59.735956811626743],
            [10.320648366888461, 59.735917396072594],
            [10.320644534428119, 59.735893873814469],
            [10.32067288629611, 59.735833903609681],
            [10.320682460150982, 59.735799886655506],
            [10.320682857179234, 59.735776695241825],
            [10.320667066545347, 59.735740603726477],
            [10.32063083012962, 59.735688941687663],
            [10.320598139450135, 59.735646310658794],
            [10.320587387963919, 59.735618763790612],
            [10.320587086009608, 59.735558580389466],
            [10.32057874463645, 59.735525273172726],
            [10.320562148497686, 59.735492390877511],
            [10.320518597691946, 59.7354344414724],
            [10.320476631894245, 59.735386802254666],
            [10.320432673332466, 59.735344488540662],
            [10.320391375516925, 59.735285720058314],
            [10.320365778377269, 59.735262410307591],
            [10.320334829057209, 59.735232793307546],
            [10.320311744067773, 59.735195362037558],
            [10.320313478577129, 59.735142266956714],
            [10.320314910374119, 59.735081156041282],
            [10.320337781053194, 59.735022159534751],
            [10.320331479325807, 59.734971745763239],
            [10.320338571142981, 59.734910926822906],
            [10.32034201592773, 59.734885055922796],
            [10.320335406083313, 59.734822848468859],
            [10.320323489259943, 59.734785815834513],
            [10.32032113633864, 59.734778446371777],
            [10.320310738057909, 59.734749652857055],
            [10.32030510086086, 59.734712304703827],
            [10.320305639265694, 59.734663933967553],
            [10.320303953595124, 59.734600912890343],
            [10.320313054556507, 59.734555006452332],
            [10.320327548582286, 59.734499848382008],
            [10.320328414597585, 59.734450410010098],
            [10.320315435884071, 59.734396789742711],
            [10.320298747260914, 59.734351851574779],
            [10.320276063726968, 59.734293747455389],
            [10.320247741765405, 59.734232653794685],
            [10.320235995361308, 59.734199494826093],
            [10.320259924362142, 59.734199089766207],
            [10.320245565033519, 59.734118436956649],
            [10.320239698968974, 59.734097990127715],
            [10.320225415369285, 59.734061322711547],
            [10.320213475636574, 59.734025728345237],
            [10.320149979014811, 59.733998277393098],
            [10.320108200052674, 59.73371651999387],
            [10.320071571417696, 59.733467955926045],
            [10.32007779517518, 59.733455316081027],
            [10.320080820912354, 59.733419716254957],
            [10.320074732879771, 59.733376685501241],
            [10.320073056822062, 59.733355578733523],
            [10.320077882139973, 59.733338931424491],
            [10.320092564116198, 59.733309144346286],
            [10.320097217490114, 59.733287364081043],
            [10.320086826813904, 59.733236894256379],
            [10.320084115918966, 59.73322699356936],
            [10.320064498833977, 59.733178802762772],
            [10.320068057944937, 59.733117767775234],
            [10.320068791867826, 59.733090900666042],
            [10.320053763997658, 59.733055735696873],
            [10.320019823033858, 59.732995340803846],
            [10.319999221489303, 59.732966902557948],
            [10.319960295999088, 59.73290902803079],
            [10.319944630922919, 59.732879686668788],
            [10.319921930969521, 59.732817894147679],
            [10.3199079543548, 59.732773952153138],
            [10.319901354598043, 59.732753658993431],
            [10.319884130083095, 59.732696019474716],
            [10.319878028080899, 59.732660723402844],
            [10.319878534692512, 59.732607494528089],
            [10.319878828268436, 59.73257359604888],
            [10.319881732312551, 59.732523600807838],
            [10.319880903246631, 59.732483725934145],
            [10.319861723693709, 59.732422238957447],
            [10.319846884275158, 59.732359018090499],
            [10.3198439353813, 59.732350817837798],
            [10.319832481803807, 59.732327023454822],
            [10.31981785912366, 59.732273704181033],
            [10.319810942595936, 59.732253129871182],
            [10.319796180318608, 59.732226249203578],
            [10.319793247564654, 59.732202669067519],
            [10.319791919059867, 59.732158728870893],
            [10.319794946708683, 59.732124388331641],
            [10.319801990315634, 59.732091900103676],
            [10.319799859685409, 59.732080401126119],
            [10.319784397419964, 59.732068696034581],
            [10.319734900671738, 59.732045612186276],
            [10.31969359888113, 59.732007260541231],
            [10.319665204495164, 59.731955608232504],
            [10.319663639673546, 59.731950245657657],
            [10.319662320229327, 59.731921506349359],
            [10.319678242717945, 59.73187395465682],
            [10.319682491451585, 59.731861424210045],
            [10.319703324985648, 59.731830957358049],
            [10.319713684444757, 59.73181549702462],
            [10.319731420476051, 59.731788067631541],
            [10.319752250331087, 59.731763986680797],
            [10.319771912800148, 59.731729160690762],
            [10.319809780244201, 59.731694085187527],
            [10.319830162385808, 59.731675744671954],
            [10.31983174680264, 59.731614819070479],
            [10.319825170546334, 59.73158418315532],
            [10.319794353865317, 59.731547285185322],
            [10.31978025971282, 59.731527084230791],
            [10.319767938084498, 59.731489137603333],
            [10.319760763909299, 59.731456411619789],
            [10.319755976359746, 59.73142826805114],
            [10.319739527903394, 59.731390533862971],
            [10.319696769526805, 59.73133333185703],
            [10.31964244350864, 59.731278595058143],
            [10.319601832056737, 59.731235321072681],
            [10.319582053680021, 59.731206102615836],
            [10.319559842199961, 59.731175178290322],
            [10.319546801079545, 59.731156364062841],
            [10.319525520694475, 59.731121335538731],
            [10.319513979990953, 59.731098167609929],
            [10.319496343129417, 59.731061290392439],
            [10.319475005741507, 59.731003773766268],
            [10.319472062599313, 59.730972637928041],
            [10.319481661317573, 59.73091172862204],
            [10.319486746356445, 59.730863969905862],
            [10.319481430986594, 59.730829421433882],
            [10.319455864895049, 59.730771573930348],
            [10.319422605642341, 59.730716509844513],
            [10.319392991599665, 59.730669760823154],
            [10.319378184089249, 59.730610138766529],
            [10.319376410129207, 59.730582102771798],
            [10.319384239706732, 59.730550362178498],
            [10.319427871318981, 59.7304919272257],
            [10.319441003792715, 59.730468111171078],
            [10.319434942157589, 59.73040709244578],
            [10.319430029734264, 59.730370939358721],
            [10.319399636956506, 59.730346288807539],
            [10.319396442996505, 59.730343656329453],
            [10.319446607270416, 59.730052858847905],
            [10.319447097838788, 59.730050627757734],
            [10.319380026967554, 59.730005509490631],
            [10.319375069844405, 59.729973492236788],
            [10.31936812190648, 59.729939155293955],
            [10.319371742125034, 59.729920935930949],
            [10.319358601566289, 59.729876124234814],
            [10.319350762297354, 59.729820168847915],
            [10.319353165282761, 59.729782657956768],
            [10.319355279999344, 59.729747205490312],
            [10.319359985328378, 59.729708517586246],
            [10.31931935603213, 59.729695913804491],
            [10.319392437406885, 59.729614155522967],
            [10.319326553964322, 59.729440999005277],
            [10.319308214946338, 59.729363351921279],
            [10.319252154664586, 59.729126415842657],
            [10.319251594333794, 59.729124057284714],
            [10.319245362492637, 59.729112591734918],
            [10.319117775471712, 59.728927247993717],
            [10.319078586658225, 59.728803884222415],
            [10.319077849107714, 59.728801519335008],
            [10.319073106934004, 59.728787048862657],
            [10.319026555032726, 59.72866666013595],
            [10.318896974241667, 59.728501932093586],
            [10.318858364309234, 59.728483823695555],
            [10.318653166847493, 59.728387181209506],
            [10.31850672989691, 59.728288139688907],
            [10.318582274675322, 59.72822185032922],
            [10.318887061186368, 59.728193698852472],
            [10.318924239008927, 59.728192777868131],
            [10.318935922095406, 59.728192025794201],
            [10.318925174271726, 59.72815557433794],
            [10.318889846738472, 59.728112758534486],
            [10.318872561164177, 59.728072116058854],
            [10.318873007666861, 59.728038402900467],
            [10.318886673136626, 59.728006960681988],
            [10.318927510853607, 59.727962097704321],
            [10.318969683879335, 59.72792168966911],
            [10.318992355716244, 59.727894616549918],
            [10.319004293366785, 59.727867879669418],
            [10.319001363290491, 59.727737445793004],
            [10.3189693096369, 59.727636912744927],
            [10.318968394885795, 59.727634541528147],
            [10.318962799049343, 59.727615993069392],
            [10.318958748487194, 59.727580050603414],
            [10.318955008057014, 59.727521543199472],
            [10.318959596753512, 59.72749895116165],
            [10.318991778711903, 59.7274204997006],
            [10.319031851752746, 59.727336573590172],
            [10.319095397191447, 59.727273273394495],
            [10.319185725721526, 59.727172613308852],
            [10.319226425894019, 59.727129993964404],
            [10.319348051133941, 59.727042413922206],
            [10.319415592853222, 59.726977277521343],
            [10.319438440912773, 59.726941306159411],
            [10.319443987126794, 59.726853358837722],
            [10.319444524324506, 59.726803728796362],
            [10.319450231650244, 59.726695549772423],
            [10.319513776853166, 59.72658008175069],
            [10.319599804078626, 59.726501214258185],
            [10.319636113449889, 59.7264606866446],
            [10.31968180469679, 59.726386225254387],
            [10.319700167781305, 59.726356839541296],
            [10.319718580795818, 59.726300382395962],
            [10.319723948920085, 59.726221333199355],
            [10.319693358870419, 59.726162496775416],
            [10.319646076140742, 59.726132566025157],
            [10.31955518252232, 59.726108813272617],
            [10.319461510746102, 59.726098542834777],
            [10.319358988753303, 59.726068798178567],
            [10.319269644015554, 59.726039074261067],
            [10.319153603317124, 59.726018110957341],
            [10.319028284589324, 59.725997265944251],
            [10.318961452763093, 59.725972123414579],
            [10.318903586052642, 59.725940195409542],
            [10.318890402443422, 59.725908423989267],
            [10.318895392589917, 59.725847350138842],
            [10.318896834132385, 59.725819249058084],
            [10.318891553668143, 59.725799722461829],
            [10.318864962275528, 59.725765763277742],
            [10.318856357719415, 59.725740721311816],
            [10.31886567055872, 59.725702197961468],
            [10.318906666338702, 59.725663816683912],
            [10.318938412403966, 59.725636797830347],
            [10.318958859279711, 59.725612883286814],
            [10.31896110988326, 59.72558409154491],
            [10.318902896461449, 59.72555718802144],
            [10.318900236406046, 59.7255558338057],
            [10.318640440515949, 59.725470193010281],
            [10.318639250117066, 59.72546979071916],
            [10.318637895032454, 59.725469292602085],
            [10.31848507004295, 59.725400693606822],
            [10.318408213863902, 59.725365748579897],
            [10.318284677056424, 59.725304221649196],
            [10.318212816035764, 59.725210721261014],
            [10.318159867797505, 59.72510935163897],
            [10.318110034192122, 59.725017537392652],
            [10.31806632782091, 59.724935386133915],
            [10.318047879648137, 59.724931039467954],
            [10.317890106253824, 59.724878722754028],
            [10.317814300042441, 59.724860454545684],
            [10.317729050918338, 59.724851113246608],
            [10.317375317158278, 59.724838566828538],
            [10.317221723665106, 59.724833979182407],
            [10.317129593594874, 59.724827989439191],
            [10.317051987312963, 59.724807317912841],
            [10.316930586063295, 59.724758548053892],
            [10.316864725356075, 59.724727772554125],
            [10.316855165314104, 59.724696849888645],
            [10.316896558189345, 59.72465182751386],
            [10.316956872180212, 59.724624300739897],
            [10.317053031031064, 59.724605340064677],
            [10.317103915965729, 59.724587909908266],
            [10.317103703627842, 59.724552554171488],
            [10.317082547000405, 59.724529402161693],
            [10.317011618589527, 59.724504292062512],
            [10.316834241540827, 59.72448896031603],
            [10.316649383371908, 59.724482535357467],
            [10.316508231582837, 59.724466698597119],
            [10.31633322227769, 59.724442096540578],
            [10.31626175295246, 59.724428479579764],
            [10.316204251716595, 59.724410504706341],
            [10.316147442727551, 59.724379962317634],
            [10.316119934861391, 59.724348758010407],
            [10.316099612714632, 59.724276436017405],
            [10.316088857615194, 59.724193032945003],
            [10.316073028348013, 59.724158558227785],
            [10.31604715733182, 59.724139824728468],
            [10.315983589850189, 59.724109220629039],
            [10.315920135865856, 59.724107043007834],
            [10.315803408442791, 59.72409612576692],
            [10.315721395578514, 59.724110734045155],
            [10.315616298380451, 59.724127395508383],
            [10.315550609934675, 59.724129725022543],
            [10.3154636850191, 59.724114565849995],
            [10.315404098563111, 59.724088600960265],
            [10.315366815578166, 59.7240343810928],
            [10.315337295596938, 59.723983226944689],
            [10.31525629284137, 59.723878784481784],
            [10.315169248046667, 59.723770438277086],
            [10.31510537587935, 59.723698808117256],
            [10.315059812866672, 59.723661741431414],
            [10.315032889070237, 59.723611129712438],
            [10.315058723462998, 59.723504299551259],
            [10.315077710098913, 59.723446334348111],
            [10.315078259508878, 59.723391577762008],
            [10.315072701652868, 59.723321941924922],
            [10.31506990253183, 59.723291080844],
            [10.315034875845416, 59.723267792470345],
            [10.314953513024548, 59.723225668453978],
            [10.31483916750166, 59.723164736294457],
            [10.314678486562469, 59.723084968312783],
            [10.314541799109048, 59.722991576740711],
            [10.314532209484213, 59.72298502776264],
            [10.314471352501139, 59.722963064470399],
            [10.31446355230046, 59.722960267182366],
            [10.314369097617893, 59.722953112927527],
            [10.314205747044934, 59.722962294028143],
            [10.314113400543521, 59.722980759221372],
            [10.313751825399923, 59.722955689710233],
            [10.31341885124208, 59.722927324499942],
            [10.313130312498233, 59.722681082380362],
            [10.312853568956143, 59.722430764090213],
            [10.313264819070067, 59.722316129541063],
            [10.312698236840735, 59.722164279681934],
            [10.312695324823659, 59.722163455985076],
            [10.312220752411863, 59.722036211262946],
            [10.31221972686372, 59.722035904749355],
            [10.312040351654963, 59.721987934684329],
            [10.29006162328192, 59.716094978918818],
            [10.292891519573242, 59.712971550326181],
            [10.294361361713303, 59.711971072530787],
            [10.301068619080926, 59.708447176498986],
            [10.308513215568745, 59.705535544756543],
            [10.314487334183713, 59.70364236163207],
            [10.319599478052714, 59.702473394403761],
            [10.32340729904193, 59.701938022347179],
            [10.363462922420281, 59.697734676510706],
            [10.391705098188543, 59.679318025952654],
            [10.403144794079163, 59.671715720793614],
            [10.410374906126385, 59.667065500166728],
            [10.410131823764964, 59.645521919540144],
            [10.424496810441065, 59.62526905312501],
            [10.411982197629751, 59.617969255445502],
            [10.410823773957942, 59.609169814355802],
            [10.423300449468433, 59.600402167635224],
            [10.42349761071913, 59.598158630108834],
            [10.411577328949207, 59.585115147006071],
            [10.417757557344515, 59.567176956125103],
            [10.398015286381238, 59.53043258165183],
            [10.393696970001885, 59.514710705965371],
            [10.3936889073013, 59.514687425294596],
            [10.393686218671967, 59.514688929450095],
            [10.352415652737529, 59.50729159075987],
            [10.34620604232304, 59.493345025002263],
            [10.321003753566709, 59.503750838208646],
            [10.28466770363546, 59.541126347415762],
            [10.238016140155439, 59.534562425813981],
            [10.196236841911277, 59.546298049452808],
            [10.170835874561082, 59.569805872611283],
            [10.141698927526923, 59.575118443850485],
            [10.117536574998741, 59.594617311088903],
            [10.075054617953052, 59.613526859546624],
            [10.037501972881355, 59.640441784204199],
            [10.00528566007659, 59.664184463574209],
            [9.998162073620787, 59.663823257645674],
            [9.999802822475576, 59.656499338305125],
            [9.974631896343569, 59.632578796344845],
            [9.977900730790639, 59.617319622254207],
            [9.932926419992135, 59.60387247397481],
            [9.941833567112905, 59.586918180433472],
            [9.915433084672411, 59.582538976910186],
            [9.943173135182366, 59.567586711160949],
            [9.988841801891207, 59.530626723039191],
            [10.024980068661408, 59.512336336391137],
            [10.059963536156266, 59.473030299288908],
            [10.011842913248245, 59.458480928021089],
            [10.001313207349185, 59.460548848543318],
            [9.998314186897044, 59.466999730182273],
            [9.944806916426268, 59.468289535889362],
            [9.93687718783046, 59.459280871129941],
            [9.920550980145235, 59.455530503302917],
            [9.852942211584608, 59.45832951836281],
            [9.83209045143497, 59.467715649098672],
            [9.815028579787963, 59.468072858456416],
            [9.775122936348369, 59.457031154592393],
            [9.758495767304215, 59.458277475322035],
            [9.778082299596372, 59.412002080024521],
            [9.660120058000153, 59.407870944860719],
            [9.624614479127496, 59.424899623650006],
            [9.621368383030637, 59.438433995327024],
            [9.586828443260805, 59.450633333245861],
            [9.578879466199494, 59.462193718762855],
            [9.584592220393214, 59.466416242249778],
            [9.552024948455243, 59.487252936023175],
            [9.471733511033156, 59.482213239021277],
            [9.468587441641571, 59.494344091224072],
            [9.483687842325494, 59.50234113950728],
            [9.491613984360541, 59.516072530002759],
            [9.507555813688798, 59.522755325073426],
            [9.515262872784538, 59.538121028571723],
            [9.470752896713126, 59.559301786565833],
            [9.423004185398414, 59.641001142973003],
            [9.405563214745049, 59.658827702923588],
            [9.405267542101381, 59.684547920110553],
            [9.333286783906123, 59.692776672002665],
            [9.354781884850425, 59.718249720001793],
            [9.338955866353118, 59.719505981837067],
            [9.344092107539016, 59.757297926358547],
            [9.367750621968865, 59.781338466694116],
            [9.312956623076889, 59.798321484362624],
            [9.263792705143384, 59.8066368976273],
            [9.253408491639766, 59.813819375218934],
            [9.235703258909064, 59.811874145461729],
            [9.186085366943127, 59.826987980125288],
            [9.178797699674769, 59.865624320106576],
            [9.184994781097828, 59.879399493298237],
            [9.188558306079051, 59.896904143640732],
            [9.174303011122459, 59.900015756033007],
            [9.192596444885879, 59.916810262832648],
            [9.179515927436158, 59.929055116958416],
            [9.139298504804536, 59.939287715021891],
            [9.11212097671992, 59.950457877742366],
            [9.104271023660569, 59.958929001029354],
            [9.058586049947502, 59.961979651642636],
            [9.054388096169195, 59.969418231135066],
            [9.019226716742169, 59.98401908977678],
            [8.992792059059193, 59.980770678418054],
            [8.987485099302871, 59.990564984957722],
            [9.002417108805409, 59.996815219185187],
            [8.998721831883227, 60.001814277258909],
            [8.970681051234697, 60.07851173344001],
            [8.957867727875508, 60.098059502767761],
            [8.832763992798634, 60.149417289098245],
            [8.809326915835239, 60.152753550673701],
            [8.72286170862721, 60.183104406798584],
            [8.659872574381003, 60.172007193432592],
            [8.56521184793263, 60.177241222441687],
            [8.48610441108989, 60.168793752679242],
            [8.384277178523279, 60.181171547043469],
            [8.284265740182121, 60.175100667151192],
            [8.208783983284814, 60.188269859655968],
            [8.166878078017074, 60.186351113880725],
            [8.186747156857635, 60.173306563890151],
            [8.170375755782841, 60.173748853980698],
            [8.151113266861387, 60.185069331762755],
            [8.104118444655342, 60.183784453265083],
            [8.057662955397985, 60.163584895218229],
            [7.920948178799139, 60.137144025539541],
            [7.853358103612332, 60.115646958382406],
            [7.812836148790091, 60.102651147970064],
            [7.76465785759717, 60.115933967199112],
            [7.645993823511858, 60.126853175861939],
            [7.488040528304504, 60.098838472494464],
            [7.583078006671979, 60.175703175690053],
            [7.609745207742687, 60.244095652613019],
            [7.67370354391416, 60.294335770162242],
            [7.692260360436561, 60.413722499063667],
            [7.732111296081086, 60.520970123806329],
            [7.673175633066037, 60.537387924452425],
            [7.639573072427019, 60.559588082243444],
            [7.62171006998548, 60.59614573673656],
            [7.635846101707513, 60.632907972377623],
            [7.546315256767698, 60.657404841542949],
            [7.438844281612051, 60.660039909057275],
            [7.469641445805264, 60.675548216463341],
            [7.614695528659415, 60.744195069990305],
            [7.685218920508219, 60.732011642034912],
            [7.704404679069318, 60.739121360167907],
            [7.726231824191377, 60.76113223180829],
            [7.721537069074802, 60.790071801716714],
            [7.704428294452336, 60.792772133739909],
            [7.750368277532847, 60.841706873292566],
            [7.775231966118029, 60.866972094580184],
            [7.803019251326639, 60.896733938977093],
            [7.851508277831814, 60.919922125399715],
            [7.879028420180406, 60.924047141671139],
            [7.935199045034251, 60.897254796173378],
            [7.98006414839115, 60.901641906882084],
            [8.040867438286522, 60.893214347956231],
            [8.153939503748131, 60.982232715460654],
            [8.18386692026411, 60.969003392138717],
            [8.223109084716327, 60.968089290401892],
            [8.232979043256304, 60.994459258720852],
            [8.22087243916291, 61.004292926503602],
            [8.228714439756976, 61.009023140020091],
            [8.257329999239047, 61.008543272076729],
            [8.282660025115257, 61.03333112511752],
            [8.23998886339982, 61.049574611658514],
            [8.21442940099376, 61.05391006048616],
            [8.251698037075334, 61.073943669202876],
            [8.309200907167606, 61.091719905389105],
            [8.366332850582046, 61.048263104337352],
            [8.446542267922036, 61.019915605976536],
            [8.48071069647426, 61.021676629464295],
            [8.543264052247041, 61.009739117991359],
            [8.607958661017358, 60.982282822055055],
            [8.632783607681279, 60.961646380102515],
            [8.621083234374915, 60.951904686090614],
            [8.657225939270671, 60.939161481446376],
            [8.654050156311424, 60.935948486043664],
            [8.693489419314629, 60.925432145267706],
            [8.814489169320288, 60.900587671490356],
            [8.889452729943226, 60.8966312474397],
            [8.918990341818297, 60.863377637260974],
            [9.016110785867419, 60.840001094644208],
            [9.088818775125345, 60.816465622845769],
            [9.146906102668497, 60.806830650615915],
            [9.192875101811003, 60.790871939041509],
            [9.216257632912345, 60.770573583810013],
            [9.257782272146217, 60.76747043429765],
            [9.291302373815093, 60.761863408813191],
            [9.304413995105584, 60.745300631665671],
            [9.332108368228441, 60.729904681012442],
            [9.328683904523942, 60.708286266046748],
            [9.318030047758347, 60.698995137229417],
            [9.321302322929599, 60.67949516296445],
            [9.352716478606398, 60.667062554222966],
            [9.366099082058957, 60.647867310227646],
            [9.361134336508053, 60.639991934897338],
            [9.381135822863166, 60.619829310356799],
            [9.42134607183457, 60.613012190546037],
            [9.435142779506545, 60.599565896635177],
            [9.4106757208987, 60.582898307224873],
            [9.410592368228414, 60.571930249194367],
            [9.417289372710439, 60.547659577763667],
            [9.448644322458129, 60.543843310943814],
            [9.483905639815527, 60.528679934419579],
            [9.607068532935216, 60.53885693471976],
            [9.610945463081036, 60.531659233886536],
            [9.619981965913663, 60.507775654228197],
            [9.611784015795852, 60.500343618528944],
            [9.718540184387964, 60.47077995138995],
            [9.80092847853569, 60.454392362360153],
            [9.830745806271185, 60.456317068201955],
            [9.830923623767722, 60.467596762978609],
            [9.827506684004828, 60.474569363770527],
            [9.82197783433317, 60.497881988179621],
            [9.810955631205438, 60.511997124597706],
            [9.815769088068985, 60.518560878001885],
            [9.812692210580625, 60.536020945102841],
            [9.810479446676503, 60.556088536328225],
            [9.83229899893626, 60.579727096270368],
            [9.843175085299091, 60.586638536513647],
            [9.843962060116141, 60.583366393498238],
            [9.853388806067477, 60.567694768804913],
            [9.900738666848687, 60.59013328912404],
            [9.940734531888467, 60.601358529904225],
            [9.952266495405517, 60.610896472567973],
            [9.946170030872661, 60.615337109661652],
            [9.930173200165241, 60.615573222162681],
            [9.912063752393641, 60.626888120285656],
            [9.906222006720421, 60.6350993618302],
            [9.96289377027195, 60.637927222736295],
            [10.035354521088491, 60.632059070728886],
            [10.064789044757102, 60.607798235751645],
            [10.094103595796007, 60.559549161936197],
            [10.109329099294156, 60.555867051807986],
            [10.107284211765712, 60.549460265980187],
            [10.124865283050733, 60.535526139144608],
            [10.156375314471406, 60.522193593960786],
            [10.176189153965623, 60.478430305235293],
            [10.17478778816769, 60.459835389627074],
            [10.194271962890673, 60.400309614195741],
            [10.208140524866396, 60.399208033798359],
            [10.202062397627577, 60.392319340280736],
            [10.261202551456059, 60.393621290805228],
            [10.338871130284069, 60.36613953499964],
            [10.354697641029018, 60.372975232942636],
            [10.388484570788886, 60.375223807635265],
            [10.366272731817668, 60.320973315161474],
            [10.386428573203881, 60.316595424833622],
            [10.414654162650439, 60.318108609639992],
            [10.413587734339691, 60.313837771160564],
            [10.421908077694876, 60.312613888597184],
            [10.457542059320925, 60.316820304453593],
            [10.469187765444127, 60.310730096047067],
            [10.456347672632624, 60.299836269382574],
            [10.470059078730699, 60.296029825303648],
            [10.469936826006633, 60.288840540208547],
            [10.488820757864602, 60.285653979481005],
            [10.481985734753925, 60.290158116356473],
            [10.487729293296214, 60.293165182226595],
            [10.511052119425973, 60.290693855330638],
            [10.510948377840988, 60.284891790128142],
            [10.521970022935223, 60.285752776641161],
            [10.534200860903674, 60.280652942193143],
            [10.539215015493328, 60.269560364442235],
            [10.541559361259852, 60.260635149429618],
            [10.525896398293622, 60.258617021385447],
            [10.529673490278027, 60.245763683897032],
            [10.539732557680377, 60.241069977379524],
            [10.544864029435256, 60.214200710545597],
            [10.573878848694449, 60.198449901766153],
            [10.576398344186169, 60.179708967946105],
            [10.560686201544801, 60.165557297305213],
            [10.572845170291806, 60.152341520152611],
            [10.597016701892301, 60.145124780223391],
            [10.595483935167186, 60.139032397950707],
            [10.600807470283259, 60.131618116879366],
            [10.572782398994192, 60.116784438547903],
            [10.597305156314581, 60.077279713012253],
            [10.580765645648603, 60.076237997064879],
            [10.489163222503917, 60.017258366745608],
            [10.477741253948414, 60.032181276057969],
            [10.435705397861188, 60.030130374758151],
            [10.434767974401778, 60.013475690262879],
            [10.412475151411503, 60.003141716613953],
            [10.421510652332628, 59.993453833674891],
            [10.414040673343434, 59.982538566570035],
            [10.383695316187652, 59.979557016116559],
            [10.358110925749642, 59.967988010325485],
            [10.349630768188048, 59.957410231608769],
            [10.350105296605372, 59.947833046645165],
            [10.37586970077253, 59.922460290065885],
            [10.377291961534727, 59.911197284938133],
            [10.362887232447166, 59.905935591956819],
            [10.362675055413732, 59.903268477856571],
            [10.362565406752115, 59.893779736916485],
            [10.356036538827924, 59.887530511642112],
            [10.352664497307844, 59.886227672169213],
            [10.352033040067731, 59.877613249090665],
            [10.330981285093603, 59.875497795866302],
            [10.330438904509579, 59.870053359575991],
            [10.332479510090629, 59.860810995591066],
            [10.331695714507607, 59.85493417535988],
            [10.336675328636417, 59.848068015036276],
            [10.342544196367889, 59.842993767306268],
            [10.348293856899121, 59.83958754648171],
            [10.350667266541016, 59.832268633088297],
            [10.353590553727015, 59.821152119524577],
            [10.356307347176561, 59.803938246457562],
            [10.34261104651403, 59.794013829961237]
          ]
        ]
      }
    },
    {
      "type": "Feature",
      "properties": { "navn": "AMK Haugesund", "lokalisering": "Haugesund" },
      "geometry": {
        "type": "Polygon",
        "coordinates": [
          [
            [5.002570571441232, 59.932773108642202],
            [5.078462762502344, 59.938620325881061],
            [5.266749156662597, 59.972698276125023],
            [5.32766758765686, 59.999037621191711],
            [5.32212358992559, 60.031151949500483],
            [5.3318234175435, 60.107194282172095],
            [5.485325466031555, 60.111274088354143],
            [5.519589599960577, 60.124403294766395],
            [5.575027937256545, 60.110931666746808],
            [5.652846018538619, 60.114092369499602],
            [5.704451425840931, 60.091394172024096],
            [5.707609006665399, 60.038698763808945],
            [5.736571609736937, 60.051308529127397],
            [5.734264026191211, 60.047733452741795],
            [5.752799653456642, 60.042957799114753],
            [5.759267603847119, 60.033603462907003],
            [5.770240348030582, 60.039310218941978],
            [5.784632716840419, 60.034628108993687],
            [5.802511369598789, 60.040309457268009],
            [5.823559036335594, 60.060669878979333],
            [5.831895900296942, 60.057126284961974],
            [5.824513439945041, 60.065383872244176],
            [5.872463870152478, 60.099791987393417],
            [5.904171920864446, 60.115114405381803],
            [5.922345520069205, 60.117575604188858],
            [5.918639650270008, 60.143503386187625],
            [5.94932090971002, 60.151411651527354],
            [5.979508006565156, 60.176226555590944],
            [6.026615029537068, 60.193825032534548],
            [6.062161177957627, 60.226155159887064],
            [6.10669306791514, 60.235310412743871],
            [6.165456145986562, 60.230649574367405],
            [6.217253278846606, 60.282328148650741],
            [6.199917054790578, 60.298854179234127],
            [6.315122227040959, 60.353069946567125],
            [6.316536971614147, 60.375558016219792],
            [6.383186608435521, 60.390630595576262],
            [6.432423241043691, 60.396979653137457],
            [6.511428721743045, 60.431497197019269],
            [6.551335291401846, 60.445418773501807],
            [6.60588350651382, 60.445123738045879],
            [6.621507536141301, 60.469183862294521],
            [6.633478149207132, 60.4716994156176],
            [6.637789186607994, 60.466476435046488],
            [6.645988321000359, 60.468591308951289],
            [6.65150274533366, 60.464050872405785],
            [6.65987253111749, 60.466911424733617],
            [6.670391811212989, 60.462364111820584],
            [6.691161140583201, 60.464549097759594],
            [6.707920836910956, 60.4679035481687],
            [6.725930831691022, 60.480008339691643],
            [6.751078096749082, 60.485329101283419],
            [6.788484089651443, 60.48779528287978],
            [6.803561969175504, 60.468483779656985],
            [6.838920703381858, 60.481277161847068],
            [6.852586186544121, 60.481564149455387],
            [6.850461280619194, 60.473972754448702],
            [6.844942407378508, 60.453359873510863],
            [6.867540250859085, 60.445406498061182],
            [6.869562717472125, 60.44617494337507],
            [6.870619848032512, 60.446398245531249],
            [6.882479400086912, 60.447441025359019],
            [6.887631373198238, 60.446498764349627],
            [6.888494700557399, 60.445236644269784],
            [6.891610706269821, 60.439511427732157],
            [6.894775576294586, 60.433857502046642],
            [6.895816481034775, 60.432095400671024],
            [6.896155250716721, 60.431642670110364],
            [6.899048123229069, 60.428760241193842],
            [6.908947579112381, 60.419763706272086],
            [6.911812645282406, 60.417303033583991],
            [6.91481989705828, 60.414879884558644],
            [6.926613571966762, 60.414193133998111],
            [6.937631278002216, 60.414300908064504],
            [6.945834443943418, 60.414409873402874],
            [6.953164390259785, 60.414523176334356],
            [6.956556555860421, 60.414584528591668],
            [6.969203812756958, 60.415055801914676],
            [6.990788733836195, 60.416093229648467],
            [6.998480119281592, 60.416558672373597],
            [7.01317330223642, 60.417275937713605],
            [7.016918214164883, 60.416205825596464],
            [7.035675404644938, 60.410241908776243],
            [7.037505211786521, 60.409415164972813],
            [7.035608196869409, 60.407456315836257],
            [7.030367832399421, 60.401639991882668],
            [7.023235928028477, 60.393514236270327],
            [7.018873501083068, 60.388527621457342],
            [7.01994185691693, 60.386468852903498],
            [7.020658219463382, 60.386030282660677],
            [7.021699729958438, 60.385012860880167],
            [7.021789821011748, 60.384439507491244],
            [7.021789074851759, 60.383244981420809],
            [7.021745220715156, 60.382759562879855],
            [7.021436494354511, 60.382180112233257],
            [7.013220877701272, 60.373480050756164],
            [6.996133069538598, 60.370547575271083],
            [6.982369895484442, 60.368165974897266],
            [6.98076062067581, 60.367791252451255],
            [6.980456423207658, 60.364490230058713],
            [6.980506779025656, 60.362497300156555],
            [6.981642973500126, 60.351179888730215],
            [6.982398680044382, 60.348334731914001],
            [6.984001862023434, 60.348206816294933],
            [7.01261228519942, 60.34804422928044],
            [7.064496051787489, 60.347246903163409],
            [7.072364059031668, 60.346597229730314],
            [7.075400702088397, 60.346398981962807],
            [7.078781586387097, 60.346547028542382],
            [7.09520482673077, 60.354209968337408],
            [7.116209021082843, 60.353092706088624],
            [7.11936887813042, 60.349001998372721],
            [7.120243629978793, 60.347173729347453],
            [7.122461195566076, 60.342048770831411],
            [7.118867169497655, 60.332130954660087],
            [7.114646396980081, 60.327468897537955],
            [7.114219032440467, 60.327308957192848],
            [7.105623997872464, 60.32349748289051],
            [7.120157020988628, 60.314742520861415],
            [7.125694816849758, 60.307527969518759],
            [7.12809538228075, 60.304157956717248],
            [7.130638220992896, 60.300834924782791],
            [7.135498229763301, 60.294643334240675],
            [7.136722015274392, 60.293151454329227],
            [7.143626965548836, 60.290724456440387],
            [7.185945839097212, 60.276014415221596],
            [7.20531252322605, 60.274384114088555],
            [7.207510123400732, 60.274225065478781],
            [7.208649606158894, 60.274204358617894],
            [7.212204021894049, 60.274342268287555],
            [7.217458106709985, 60.274502790820172],
            [7.234758999049681, 60.272237122186475],
            [7.235468815114471, 60.272129568822116],
            [7.243139098438866, 60.268702161195691],
            [7.243781457306139, 60.268180320530469],
            [7.245152822668953, 60.259459940498765],
            [7.24568272956173, 60.255641302313727],
            [7.246128490628376, 60.251003658015506],
            [7.241873295019484, 60.251845035229771],
            [7.238602371221861, 60.252538582095568],
            [7.232504928068784, 60.254002035416036],
            [7.225724608066053, 60.255430054722765],
            [7.218396653890324, 60.256912787119099],
            [7.215967528117498, 60.257382905200117],
            [7.212371987603926, 60.25766642780394],
            [7.209765526450079, 60.257101306643094],
            [7.208303674785657, 60.256722618145481],
            [7.206961925339232, 60.256480283389372],
            [7.203903433528564, 60.256214114452895],
            [7.20089504516601, 60.256030043429668],
            [7.19798973496173, 60.255954662944255],
            [7.195188681207923, 60.255961707345463],
            [7.190910002764615, 60.256188632737292],
            [7.17553635918264, 60.258349676791887],
            [7.168354070249447, 60.259462971596534],
            [7.165640464393479, 60.259820493484717],
            [7.1654484186501, 60.259377749340281],
            [7.165366780800695, 60.258567957068507],
            [7.165106948325186, 60.250948583646618],
            [7.1673222257167, 60.243956427466387],
            [7.173671171904483, 60.239930155483471],
            [7.176219645627724, 60.238600109992007],
            [7.177459799560948, 60.238383964053334],
            [7.179278036840324, 60.236864049746991],
            [7.179905470579733, 60.23567743419833],
            [7.180298456601364, 60.234767783211616],
            [7.177957032169009, 60.232705134576726],
            [7.170475892380344, 60.226298031852899],
            [7.163361595544918, 60.220182041225179],
            [7.162267941116058, 60.219061915001063],
            [7.167849566851177, 60.213499613842473],
            [7.170120907877143, 60.211626871724903],
            [7.183526671619112, 60.200628620852299],
            [7.195061039050226, 60.198210358087969],
            [7.212159080706526, 60.194652213291995],
            [7.2172114849508, 60.193607270246261],
            [7.218658895341076, 60.19353620983329],
            [7.220338907203026, 60.193478231823811],
            [7.22196421537293, 60.193455164587938],
            [7.226853739095105, 60.186075445479567],
            [7.23654719385738, 60.162035618001177],
            [7.237368928392108, 60.159486956277668],
            [7.237015542459836, 60.158674073951431],
            [7.235112788380004, 60.155173210350213],
            [7.233003856913483, 60.151498846237011],
            [7.230799720806312, 60.147948448390316],
            [7.228839564390856, 60.144535896064369],
            [7.224770725010133, 60.137152674617617],
            [7.223027104610072, 60.133761619414713],
            [7.239363348374031, 60.132300365597096],
            [7.316687288142957, 60.125716877280752],
            [7.326809850337269, 60.124883924903607],
            [7.329176303949762, 60.12470785384815],
            [7.338492849216777, 60.124492999942539],
            [7.345371638408363, 60.12446210264951],
            [7.351363514791501, 60.124491434142669],
            [7.355646895787124, 60.12448181607224],
            [7.368801210804322, 60.124195648918658],
            [7.370750118032895, 60.124111709177576],
            [7.441210731382444, 60.114721578169785],
            [7.445090532171839, 60.114129726151106],
            [7.448136683058449, 60.113644342490531],
            [7.451057850123068, 60.112331738004123],
            [7.454713907615499, 60.110336100414379],
            [7.458374677682622, 60.108249559938912],
            [7.461454778551479, 60.106597385357396],
            [7.474204659913329, 60.102847074525343],
            [7.483113965622317, 60.100363192795378],
            [7.488040528304483, 60.098838472494464],
            [7.442647030323886, 60.057321465942124],
            [7.436422352452329, 60.019228318712237],
            [7.376474543787504, 60.000014961442353],
            [7.320429320498275, 59.985960796608303],
            [7.287956249965789, 59.988639247683807],
            [7.268351756297895, 59.984256505873105],
            [7.232905171742825, 59.962714087548477],
            [7.146815186548175, 59.880980454839175],
            [7.158099189658049, 59.867221909014532],
            [7.141339372108225, 59.853631468586912],
            [7.144185772423233, 59.847198222542339],
            [7.155992695086379, 59.845050471719198],
            [7.158123475163659, 59.828467347347171],
            [7.142004025339846, 59.822471850114574],
            [7.145459831525601, 59.811782701858043],
            [7.09633090426705, 59.782866247377427],
            [7.1104418433329, 59.763323700983342],
            [7.1162357612, 59.716557127065613],
            [7.11102720603695, 59.700318710322044],
            [7.212825087205328, 59.673473976962953],
            [7.21070087123247, 59.668893265308277],
            [7.138385437526237, 59.662272009306704],
            [7.098717950498602, 59.651294063811974],
            [7.088955800344538, 59.619735383343212],
            [7.061803576128057, 59.60346713849443],
            [7.04857984920096, 59.586831302105431],
            [7.012721750536898, 59.596452435755097],
            [6.991836164874098, 59.59702964387462],
            [6.980257718980422, 59.523403450307775],
            [6.962955050369494, 59.516451595821721],
            [7.004876800199082, 59.502016470963454],
            [7.001108196630254, 59.496065105446419],
            [7.015292074339265, 59.491338543732553],
            [7.02287480884192, 59.481201457464799],
            [6.997741225560221, 59.461393214915276],
            [6.956703910610442, 59.444708293113678],
            [6.883240041727059, 59.429494859096259],
            [6.894403564435421, 59.420275355113105],
            [6.932163940902472, 59.400269203400875],
            [6.92524608765364, 59.401372534304855],
            [6.921759092298898, 59.394802713399194],
            [6.90694328969539, 59.392028974534803],
            [6.890896703319997, 59.398209269571652],
            [6.865137048924215, 59.368403891247148],
            [6.861438132218731, 59.372232632154599],
            [6.799940912065143, 59.365954675581101],
            [6.785039205553034, 59.374441878956617],
            [6.758576754602922, 59.372869752407709],
            [6.624084071897482, 59.34324677189133],
            [6.61463187624692, 59.362456360651592],
            [6.593979527667783, 59.373557771643938],
            [6.577311590822595, 59.371202232520929],
            [6.570147437751138, 59.359127673925499],
            [6.496584751242724, 59.366334459489764],
            [6.470843013387696, 59.375083560295337],
            [6.449800346893087, 59.374564300949928],
            [6.45079409014669, 59.364292181943625],
            [6.425750484789368, 59.361901225959421],
            [6.403146424858892, 59.358012818354823],
            [6.393844452839936, 59.371467466073376],
            [6.380403634126384, 59.370642565243408],
            [6.364338737693178, 59.357873571443193],
            [6.358106342454451, 59.347622389592019],
            [6.336025169526536, 59.341453685626149],
            [6.332990790932854, 59.336352394410106],
            [6.322632377567113, 59.333365007094962],
            [6.328017517331302, 59.32965470640756],
            [6.32177514369968, 59.31113969958173],
            [6.300743922996198, 59.301267034935819],
            [6.269797295054309, 59.30447512603169],
            [6.264840310220324, 59.309312789305764],
            [6.253837818421704, 59.301462619508357],
            [6.228424551942128, 59.31842641687156],
            [6.160202495794166, 59.310217242626685],
            [6.082888471821666, 59.312102074867198],
            [5.902282732357433, 59.309277344106732],
            [5.767461655623929, 59.303841859618331],
            [5.692320667470823, 59.228167228696968],
            [5.644642518428874, 59.209059331421912],
            [5.59830113803189, 59.190417570403781],
            [5.538044120984869, 59.166174790466542],
            [5.499033144291322, 59.128275780724735],
            [5.371034981616845, 59.111722752152723],
            [5.270832339521836, 59.07410800564864],
            [5.174930705112184, 59.141477499686488],
            [4.953703682430711, 59.229184700773096],
            [4.847159122386023, 59.271761678836583],
            [4.844149413673004, 59.284542816741208],
            [4.854877433868578, 59.30719875843409],
            [4.90324115597525, 59.382314570707422],
            [4.941597455474308, 59.441658151353309],
            [4.976920441723669, 59.496130660012348],
            [5.072707369255868, 59.642989250526433],
            [5.041889289977713, 59.800040396130491],
            [5.002570571441232, 59.932773108642202]
          ]
        ]
      }
    },
    {
      "type": "Feature",
      "properties": { "navn": "AMK Stavanger", "lokalisering": "Stavanger" },
      "geometry": {
        "type": "Polygon",
        "coordinates": [
          [
            [5.644642518428874, 59.209059331421912],
            [5.692320667470823, 59.228167228696968],
            [5.767461655623929, 59.303841859618331],
            [5.902282732357433, 59.309277344106732],
            [6.082888471821666, 59.312102074867198],
            [6.160202495794166, 59.310217242626685],
            [6.228424551942128, 59.31842641687156],
            [6.253837818421704, 59.301462619508357],
            [6.264840310220324, 59.309312789305764],
            [6.269797295054309, 59.30447512603169],
            [6.300743922996198, 59.301267034935819],
            [6.32177514369968, 59.31113969958173],
            [6.328017517331302, 59.32965470640756],
            [6.322632377567113, 59.333365007094962],
            [6.332990790932854, 59.336352394410106],
            [6.336025169526536, 59.341453685626149],
            [6.358106342454451, 59.347622389592019],
            [6.364338737693178, 59.357873571443193],
            [6.380403634126384, 59.370642565243408],
            [6.393844452839936, 59.371467466073376],
            [6.403146424858892, 59.358012818354823],
            [6.425750484789368, 59.361901225959421],
            [6.45079409014669, 59.364292181943625],
            [6.449800346893087, 59.374564300949928],
            [6.470843013387696, 59.375083560295337],
            [6.496584751242724, 59.366334459489764],
            [6.570147437751138, 59.359127673925499],
            [6.577311590822595, 59.371202232520929],
            [6.593979527667783, 59.373557771643938],
            [6.61463187624692, 59.362456360651592],
            [6.624084071897482, 59.34324677189133],
            [6.758576754602922, 59.372869752407709],
            [6.785039205553034, 59.374441878956617],
            [6.799940912065143, 59.365954675581101],
            [6.861438132218731, 59.372232632154599],
            [6.865137048924215, 59.368403891247148],
            [6.831695395135119, 59.316690575454452],
            [6.825722973166103, 59.279231671866938],
            [6.824592504540769, 59.269594313757764],
            [6.841090589347718, 59.25115272847065],
            [6.837783623496982, 59.192692141152179],
            [6.847574187032113, 59.182671086113615],
            [6.904199182430229, 59.185520980449645],
            [6.939028280332028, 59.1819289075518],
            [6.922314852218749, 59.174546063559866],
            [6.924905027202422, 59.165928417878682],
            [6.898412565009231, 59.158583529595397],
            [6.8810348329488, 59.144587504314124],
            [6.879705544967441, 59.14065973979227],
            [6.890400180255995, 59.140439039192145],
            [6.901835334665154, 59.130969822527916],
            [6.903192430276106, 59.113092177336981],
            [6.787924672726647, 59.052625723702896],
            [6.781227782284987, 59.040366631128421],
            [6.725464289433868, 59.014639967619289],
            [6.702589401045531, 58.994177309395155],
            [6.66552281891859, 58.985374342818453],
            [6.633115218820183, 58.939824077549027],
            [6.560835067196106, 58.909950898492163],
            [6.567541911361864, 58.885712369755872],
            [6.580703686266321, 58.881312126609309],
            [6.604213899540344, 58.883826524598973],
            [6.608584999628216, 58.880112466391587],
            [6.565908027092114, 58.842100809674044],
            [6.518092948571375, 58.767411922638203],
            [6.572746381550726, 58.76528026272333],
            [6.573675691985083, 58.741459744906358],
            [6.606125262308587, 58.726779093522417],
            [6.622027637598602, 58.696047686713989],
            [6.601250329784948, 58.687049589414144],
            [6.513365294245292, 58.670103280534775],
            [6.477092609581082, 58.671549755741353],
            [6.450831957955889, 58.663618538461478],
            [6.43606548929246, 58.649326010028652],
            [6.47710435512382, 58.635122030128848],
            [6.497495621208612, 58.609920009584663],
            [6.532513320904194, 58.627875156223134],
            [6.582722271696317, 58.615247680601762],
            [6.614720156321916, 58.625083596019273],
            [6.5879303436209, 58.590165845897786],
            [6.609221270353774, 58.578279831668574],
            [6.6082961840135, 58.56165102621501],
            [6.618185730727008, 58.555293687051169],
            [6.587729513742142, 58.492802764149189],
            [6.596109106766632, 58.496594213738419],
            [6.607407350400981, 58.48944548378082],
            [6.620244563179712, 58.456949760714892],
            [6.632152378991474, 58.451149577272318],
            [6.630327895186555, 58.443800157094053],
            [6.595315769228377, 58.416308461982268],
            [6.608521438533046, 58.3721700709036],
            [6.553489419342268, 58.322462216143116],
            [6.470567550967702, 58.299534273210384],
            [6.372948125097632, 58.27650489412764],
            [6.318113577752662, 58.215772529192435],
            [6.072482281671694, 58.331113288018258],
            [5.873662923283951, 58.423549517486954],
            [5.805504260469006, 58.46393437975928],
            [5.659889381692519, 58.553595944377385],
            [5.54900089870978, 58.657280766369063],
            [5.524565232601628, 58.689607750207379],
            [5.483955623724556, 58.75031544278702],
            [5.444412105490692, 58.831613666581141],
            [5.383755194129623, 58.964299128533462],
            [5.36439018903627, 59.008044807332823],
            [5.270832339521836, 59.07410800564864],
            [5.371034981616845, 59.111722752152723],
            [5.499033144291322, 59.128275780724735],
            [5.538044120984869, 59.166174790466542],
            [5.59830113803189, 59.190417570403781],
            [5.644642518428874, 59.209059331421912]
          ]
        ]
      }
    },
    {
      "type": "Feature",
      "properties": { "navn": "AMK Oslo", "lokalisering": "Oslo" },
      "geometry": {
        "type": "Polygon",
        "coordinates": [
          [
            [11.219063551989853, 60.542256350236869],
            [11.209561124664175, 60.504913571526814],
            [11.237522365536181, 60.499105213196032],
            [11.274847963157191, 60.484780970741738],
            [11.2972268138145, 60.46868199256086],
            [11.34225428659756, 60.458796734169439],
            [11.400591040055005, 60.378584468837779],
            [11.418428647837693, 60.367817037294422],
            [11.421929415288858, 60.352443971172235],
            [11.432611142486724, 60.339619291368507],
            [11.452908866045879, 60.332393821557488],
            [11.474397573828631, 60.332017277627777],
            [11.520336177716782, 60.295426915791978],
            [11.601893480227373, 60.267286582790248],
            [11.593723006888155, 60.247537738118019],
            [11.580860781785823, 60.23732483238706],
            [11.583734855892171, 60.218174264869596],
            [11.58224197771208, 60.200261645648027],
            [11.560126538738682, 60.181583461010213],
            [11.572066441431076, 60.173406048264148],
            [11.586835209821718, 60.171282697029042],
            [11.59463243135407, 60.158422579270777],
            [11.652514861251221, 60.12304139724268],
            [11.70647727796082, 60.106523798244083],
            [11.715762195708777, 60.10197935958135],
            [11.735011501110401, 60.096063455632837],
            [11.756964614088737, 60.095554604696147],
            [11.77808133354656, 60.089736455705243],
            [11.79077498264853, 60.072052608896072],
            [11.791465459708879, 60.047782135632083],
            [11.81656395282671, 60.058551133838634],
            [11.822262308023928, 60.052143452408338],
            [11.819384499182908, 60.023631943091864],
            [11.839285670575586, 60.015931557961196],
            [11.833723388132643, 59.996923182058985],
            [11.810951745043392, 59.989275941600788],
            [11.795492286009019, 59.965221417366322],
            [11.793402764725638, 59.955597474904629],
            [11.82140580615877, 59.930297544407367],
            [11.804286984824561, 59.920276308125828],
            [11.804815984719278, 59.898608340002482],
            [11.813026288821106, 59.894978400905231],
            [11.823032499401641, 59.892788416998805],
            [11.816983439980014, 59.883475400432637],
            [11.82503432374107, 59.880272184396588],
            [11.825910410399565, 59.870791309605004],
            [11.83573370741054, 59.863230475428274],
            [11.833860873230051, 59.842434613676652],
            [11.839730656167195, 59.840766830018232],
            [11.842727625831744, 59.837622083542641],
            [11.847513044687341, 59.834633831744618],
            [11.872473586322814, 59.828601207111788],
            [11.892151216621086, 59.817917178830278],
            [11.92696898111169, 59.790475982230717],
            [11.93169631192146, 59.756659705004211],
            [11.923025909405201, 59.749940477184182],
            [11.937687531501931, 59.728410909097903],
            [11.933566504168567, 59.710453183009506],
            [11.937046758316207, 59.700470631200417],
            [11.94600448083472, 59.70046129909278],
            [11.939877897133682, 59.694579814798203],
            [11.931432080866212, 59.694352577296435],
            [11.889216534193997, 59.693208252701432],
            [11.878044197834258, 59.68283588208341],
            [11.877612570348271, 59.681241959254642],
            [11.875244048467037, 59.672491242166828],
            [11.870300525378397, 59.66254313140292],
            [11.86244474623744, 59.652740848274298],
            [11.856188149767522, 59.648611474917239],
            [11.849497962218857, 59.647868839556907],
            [11.83337436633979, 59.646760285032791],
            [11.81083476319203, 59.645206783246813],
            [11.790203590435539, 59.643784384092285],
            [11.786819652262055, 59.64354821777075],
            [11.778892385428202, 59.642994460052677],
            [11.772386000156052, 59.640898237340245],
            [11.765848590312832, 59.638791385849608],
            [11.761317104451461, 59.637323783260271],
            [11.737462305761033, 59.630402753696288],
            [11.720557600719779, 59.625487649927024],
            [11.718451881890163, 59.623874675948002],
            [11.715959967877268, 59.621965744764587],
            [11.708189028925142, 59.616183853997775],
            [11.697964173935576, 59.608781228026757],
            [11.694941203636848, 59.600272887823309],
            [11.691128335383588, 59.589548650352143],
            [11.696944937754234, 59.577325622033605],
            [11.698376726298484, 59.574315215402109],
            [11.70365849434342, 59.5632453416152],
            [11.715143149246284, 59.539429314670116],
            [11.728637518892363, 59.511175038119958],
            [11.740350727071792, 59.498389584530884],
            [11.746888596806993, 59.491248372032892],
            [11.753207089474039, 59.47936924127216],
            [11.757604213375682, 59.465525333984289],
            [11.75993436838924, 59.458184128210014],
            [11.760946422918176, 59.428603468302292],
            [11.77411108783782, 59.414291526989672],
            [11.775758200985001, 59.406350503411609],
            [11.777597781323351, 59.397476883193512],
            [11.779865305952521, 59.386459644897066],
            [11.791592679895439, 59.374412921678982],
            [11.78983029264189, 59.371067914186121],
            [11.808350401950435, 59.353855618359319],
            [11.816245151332138, 59.344744446560277],
            [11.818158784844874, 59.332712727495419],
            [11.821529122960689, 59.311786696201956],
            [11.820423005211605, 59.304938309064063],
            [11.821309842790226, 59.298176065648725],
            [11.825605199479169, 59.265377165017398],
            [11.826116893859647, 59.237812788277736],
            [11.811901084435179, 59.23201560779065],
            [11.805357542984126, 59.22777360111494],
            [11.800802315822265, 59.22530435500687],
            [11.79425672782121, 59.218073232362073],
            [11.783257421374374, 59.20725021119884],
            [11.78153599944703, 59.192927144722013],
            [11.780742023451962, 59.18795367424967],
            [11.776368872851561, 59.177630492812142],
            [11.774687626836462, 59.170668084659816],
            [11.775719791970651, 59.166461394977553],
            [11.776518995161274, 59.162783561261769],
            [11.776346571175663, 59.160760131513783],
            [11.776152324311052, 59.159317988516385],
            [11.777062452735143, 59.156022525482342],
            [11.776105561911471, 59.145539926221623],
            [11.777605880951596, 59.140173735462348],
            [11.778015445663218, 59.136043598526498],
            [11.769360097403963, 59.126719541606853],
            [11.766372812065356, 59.121407071695288],
            [11.76494176209175, 59.117030271249966],
            [11.763665673881702, 59.114615281221809],
            [11.781018202054959, 59.099015575681555],
            [11.775669201496854, 59.086870407657614],
            [11.752722440284749, 59.070433293028458],
            [11.738103976806325, 59.052391817279229],
            [11.710510062549517, 59.033680521935359],
            [11.705376699130033, 59.015375465672378],
            [11.703649180411322, 59.011388886370234],
            [11.694577839501299, 58.996219413910268],
            [11.683848350583046, 58.989705789342437],
            [11.693641210878551, 58.977775848856368],
            [11.684431986250065, 58.974384532048816],
            [11.689082563473757, 58.956845113089393],
            [11.673381621625355, 58.941957366552671],
            [11.675860383955712, 58.935064389569852],
            [11.658171041476011, 58.931761671590927],
            [11.652003001202829, 58.906233335204959],
            [11.629803189979373, 58.907630724758114],
            [11.628025996620838, 58.906573371838839],
            [11.626305282120514, 58.905477740434989],
            [11.622637951815655, 58.904128251269491],
            [11.617646289839371, 58.902058459157352],
            [11.613816330290108, 58.900567379663805],
            [11.6070703321389, 58.89795276121955],
            [11.603929501793351, 58.896635509241321],
            [11.594285036924619, 58.892237892750622],
            [11.592868750166215, 58.891648208708723],
            [11.590629479461834, 58.890715813734374],
            [11.58786892335063, 58.892152744579413],
            [11.584846986339256, 58.894577796399922],
            [11.57674805918119, 58.896844403757804],
            [11.572407194545574, 58.887824743133471],
            [11.551289101411783, 58.898230528108932],
            [11.533708935787692, 58.886072264289197],
            [11.537000790164985, 58.877392527012624],
            [11.53641226360515, 58.877356694534598],
            [11.535101823988768, 58.878499649699926],
            [11.517740802287562, 58.879480588726516],
            [11.499875113926542, 58.889329795883803],
            [11.497956959013951, 58.888911140525614],
            [11.491695883525402, 58.889119419513833],
            [11.489270860837314, 58.890772231713918],
            [11.48291667576494, 58.891458365283526],
            [11.460683666954132, 58.889656085891964],
            [11.457447609943797, 58.888437987677015],
            [11.456259879851526, 58.916631600703852],
            [11.459417985730632, 58.923731058366862],
            [11.463659675725392, 58.933261773787308],
            [11.462164371256733, 58.9410400700135],
            [11.461404330933282, 58.944498448500191],
            [11.459682762710067, 58.952487519509049],
            [11.462324790229827, 58.973056575651306],
            [11.457116553369962, 58.980724401317666],
            [11.453874273716732, 58.985467269845721],
            [11.45644646880171, 58.986170477520432],
            [11.458122600000969, 58.98787003942158],
            [11.458910475719019, 58.988113990564713],
            [11.460068950958142, 58.988158012522483],
            [11.460700563243016, 58.988575562732343],
            [11.464598196582843, 58.991152057733295],
            [11.456115698620886, 58.999794353267191],
            [11.40944868241843, 59.046856475118297],
            [11.39375288919844, 59.070497611553854],
            [11.374526679690252, 59.092216395225236],
            [11.339912024987557, 59.114979279512497],
            [11.310744550016663, 59.10814027520356],
            [11.289042720228174, 59.099576888214067],
            [11.239098056569908, 59.091154956423402],
            [11.209763839851506, 59.085848061356486],
            [11.153506179763188, 59.079256796843246],
            [11.126562220506251, 59.031704623802788],
            [11.11714834380523, 59.015059340772105],
            [11.084354751045204, 58.987352060094807],
            [11.066417444904955, 58.977394418603687],
            [10.917914814151324, 58.942275171761999],
            [10.884586584389686, 58.948067752680927],
            [10.630769997904125, 58.959537023163605],
            [10.675004083515924, 59.045291011272646],
            [10.622702350870066, 59.111706519465841],
            [10.650964283118382, 59.132817795750704],
            [10.655041962930293, 59.191958576982273],
            [10.605003920659536, 59.252316467032998],
            [10.590324776284112, 59.268484274083853],
            [10.590788029149932, 59.297220328693406],
            [10.578238086538912, 59.340935130992705],
            [10.594426044375792, 59.356186923203275],
            [10.595268708257802, 59.374140154688128],
            [10.584157059504378, 59.393064111706195],
            [10.544027001977822, 59.412300225264637],
            [10.536673331574486, 59.432775281900724],
            [10.543054437173371, 59.457326408542059],
            [10.455808586007308, 59.479882969772831],
            [10.3936889073013, 59.514687425294596],
            [10.393696970001885, 59.514710705965371],
            [10.398015286381238, 59.53043258165183],
            [10.417757557344515, 59.567176956125103],
            [10.411577328949207, 59.585115147006071],
            [10.42349761071913, 59.598158630108834],
            [10.423300449468433, 59.600402167635224],
            [10.410823773957942, 59.609169814355802],
            [10.411982197629751, 59.617969255445502],
            [10.424496810441065, 59.62526905312501],
            [10.410131823764964, 59.645521919540144],
            [10.410374906126385, 59.667065500166728],
            [10.403144794079163, 59.671715720793614],
            [10.391705098188543, 59.679318025952654],
            [10.363462922420281, 59.697734676510706],
            [10.32340729904193, 59.701938022347179],
            [10.319599478052714, 59.702473394403761],
            [10.314487334183713, 59.70364236163207],
            [10.308513215568745, 59.705535544756543],
            [10.301068619080926, 59.708447176498986],
            [10.294361361713303, 59.711971072530787],
            [10.292891519573242, 59.712971550326181],
            [10.29006162328192, 59.716094978918818],
            [10.312040351654963, 59.721987934684329],
            [10.31221972686372, 59.722035904749355],
            [10.312220752411863, 59.722036211262946],
            [10.312695324823659, 59.722163455985076],
            [10.312698236840735, 59.722164279681934],
            [10.313264819070067, 59.722316129541063],
            [10.312853568956143, 59.722430764090213],
            [10.313130312498233, 59.722681082380362],
            [10.31341885124208, 59.722927324499942],
            [10.313751825399923, 59.722955689710233],
            [10.314113400543521, 59.722980759221372],
            [10.314205747044934, 59.722962294028143],
            [10.314369097617893, 59.722953112927527],
            [10.31446355230046, 59.722960267182366],
            [10.314471352501139, 59.722963064470399],
            [10.314532209484213, 59.72298502776264],
            [10.314541799109048, 59.722991576740711],
            [10.314678486562469, 59.723084968312783],
            [10.31483916750166, 59.723164736294457],
            [10.314953513024548, 59.723225668453978],
            [10.315034875845416, 59.723267792470345],
            [10.31506990253183, 59.723291080844],
            [10.315072701652868, 59.723321941924922],
            [10.315078259508878, 59.723391577762008],
            [10.315077710098913, 59.723446334348111],
            [10.315058723462998, 59.723504299551259],
            [10.315032889070237, 59.723611129712438],
            [10.315059812866672, 59.723661741431414],
            [10.31510537587935, 59.723698808117256],
            [10.315169248046667, 59.723770438277086],
            [10.31525629284137, 59.723878784481784],
            [10.315337295596938, 59.723983226944689],
            [10.315366815578166, 59.7240343810928],
            [10.315404098563111, 59.724088600960265],
            [10.3154636850191, 59.724114565849995],
            [10.315550609934675, 59.724129725022543],
            [10.315616298380451, 59.724127395508383],
            [10.315721395578514, 59.724110734045155],
            [10.315803408442791, 59.72409612576692],
            [10.315920135865856, 59.724107043007834],
            [10.315983589850189, 59.724109220629039],
            [10.31604715733182, 59.724139824728468],
            [10.316073028348013, 59.724158558227785],
            [10.316088857615194, 59.724193032945003],
            [10.316099612714632, 59.724276436017405],
            [10.316119934861391, 59.724348758010407],
            [10.316147442727551, 59.724379962317634],
            [10.316204251716595, 59.724410504706341],
            [10.31626175295246, 59.724428479579764],
            [10.31633322227769, 59.724442096540578],
            [10.316508231582837, 59.724466698597119],
            [10.316649383371908, 59.724482535357467],
            [10.316834241540827, 59.72448896031603],
            [10.317011618589527, 59.724504292062512],
            [10.317082547000405, 59.724529402161693],
            [10.317103703627842, 59.724552554171488],
            [10.317103915965729, 59.724587909908266],
            [10.317053031031064, 59.724605340064677],
            [10.316956872180212, 59.724624300739897],
            [10.316896558189345, 59.72465182751386],
            [10.316855165314104, 59.724696849888645],
            [10.316864725356075, 59.724727772554125],
            [10.316930586063295, 59.724758548053892],
            [10.317051987312963, 59.724807317912841],
            [10.317129593594874, 59.724827989439191],
            [10.317221723665106, 59.724833979182407],
            [10.317375317158278, 59.724838566828538],
            [10.317729050918338, 59.724851113246608],
            [10.317814300042441, 59.724860454545684],
            [10.317890106253824, 59.724878722754028],
            [10.318047879648137, 59.724931039467954],
            [10.31806632782091, 59.724935386133915],
            [10.318110034192122, 59.725017537392652],
            [10.318159867797505, 59.72510935163897],
            [10.318212816035764, 59.725210721261014],
            [10.318284677056424, 59.725304221649196],
            [10.318408213863902, 59.725365748579897],
            [10.31848507004295, 59.725400693606822],
            [10.318637895032454, 59.725469292602085],
            [10.318639250117066, 59.72546979071916],
            [10.318640440515949, 59.725470193010281],
            [10.318900236406046, 59.7255558338057],
            [10.318902896461449, 59.72555718802144],
            [10.31896110988326, 59.72558409154491],
            [10.318958859279711, 59.725612883286814],
            [10.318938412403966, 59.725636797830347],
            [10.318906666338702, 59.725663816683912],
            [10.31886567055872, 59.725702197961468],
            [10.318856357719415, 59.725740721311816],
            [10.318864962275528, 59.725765763277742],
            [10.318891553668143, 59.725799722461829],
            [10.318896834132385, 59.725819249058084],
            [10.318895392589917, 59.725847350138842],
            [10.318890402443422, 59.725908423989267],
            [10.318903586052642, 59.725940195409542],
            [10.318961452763093, 59.725972123414579],
            [10.319028284589324, 59.725997265944251],
            [10.319153603317124, 59.726018110957341],
            [10.319269644015554, 59.726039074261067],
            [10.319358988753303, 59.726068798178567],
            [10.319461510746102, 59.726098542834777],
            [10.31955518252232, 59.726108813272617],
            [10.319646076140742, 59.726132566025157],
            [10.319693358870419, 59.726162496775416],
            [10.319723948920085, 59.726221333199355],
            [10.319718580795818, 59.726300382395962],
            [10.319700167781305, 59.726356839541296],
            [10.31968180469679, 59.726386225254387],
            [10.319636113449889, 59.7264606866446],
            [10.319599804078626, 59.726501214258185],
            [10.319513776853166, 59.72658008175069],
            [10.319450231650244, 59.726695549772423],
            [10.319444524324506, 59.726803728796362],
            [10.319443987126794, 59.726853358837722],
            [10.319438440912773, 59.726941306159411],
            [10.319415592853222, 59.726977277521343],
            [10.319348051133941, 59.727042413922206],
            [10.319226425894019, 59.727129993964404],
            [10.319185725721526, 59.727172613308852],
            [10.319095397191447, 59.727273273394495],
            [10.319031851752746, 59.727336573590172],
            [10.318991778711903, 59.7274204997006],
            [10.318959596753512, 59.72749895116165],
            [10.318955008057014, 59.727521543199472],
            [10.318958748487194, 59.727580050603414],
            [10.318962799049343, 59.727615993069392],
            [10.318968394885795, 59.727634541528147],
            [10.3189693096369, 59.727636912744927],
            [10.319001363290491, 59.727737445793004],
            [10.319004293366785, 59.727867879669418],
            [10.318992355716244, 59.727894616549918],
            [10.318969683879335, 59.72792168966911],
            [10.318927510853607, 59.727962097704321],
            [10.318886673136626, 59.728006960681988],
            [10.318873007666861, 59.728038402900467],
            [10.318872561164177, 59.728072116058854],
            [10.318889846738472, 59.728112758534486],
            [10.318925174271726, 59.72815557433794],
            [10.318935922095406, 59.728192025794201],
            [10.318924239008927, 59.728192777868131],
            [10.318887061186368, 59.728193698852472],
            [10.318582274675322, 59.72822185032922],
            [10.31850672989691, 59.728288139688907],
            [10.318653166847493, 59.728387181209506],
            [10.318858364309234, 59.728483823695555],
            [10.318896974241667, 59.728501932093586],
            [10.319026555032726, 59.72866666013595],
            [10.319073106934004, 59.728787048862657],
            [10.319077849107714, 59.728801519335008],
            [10.319078586658225, 59.728803884222415],
            [10.319117775471712, 59.728927247993717],
            [10.319245362492637, 59.729112591734918],
            [10.319251594333794, 59.729124057284714],
            [10.319252154664586, 59.729126415842657],
            [10.319308214946338, 59.729363351921279],
            [10.319326553964322, 59.729440999005277],
            [10.319392437406885, 59.729614155522967],
            [10.31931935603213, 59.729695913804491],
            [10.319359985328378, 59.729708517586246],
            [10.319355279999344, 59.729747205490312],
            [10.319353165282761, 59.729782657956768],
            [10.319350762297354, 59.729820168847915],
            [10.319358601566289, 59.729876124234814],
            [10.319371742125034, 59.729920935930949],
            [10.31936812190648, 59.729939155293955],
            [10.319375069844405, 59.729973492236788],
            [10.319380026967554, 59.730005509490631],
            [10.319447097838788, 59.730050627757734],
            [10.319446607270416, 59.730052858847905],
            [10.319396442996505, 59.730343656329453],
            [10.319399636956506, 59.730346288807539],
            [10.319430029734264, 59.730370939358721],
            [10.319434942157589, 59.73040709244578],
            [10.319441003792715, 59.730468111171078],
            [10.319427871318981, 59.7304919272257],
            [10.319384239706732, 59.730550362178498],
            [10.319376410129207, 59.730582102771798],
            [10.319378184089249, 59.730610138766529],
            [10.319392991599665, 59.730669760823154],
            [10.319422605642341, 59.730716509844513],
            [10.319455864895049, 59.730771573930348],
            [10.319481430986594, 59.730829421433882],
            [10.319486746356445, 59.730863969905862],
            [10.319481661317573, 59.73091172862204],
            [10.319472062599313, 59.730972637928041],
            [10.319475005741507, 59.731003773766268],
            [10.319496343129417, 59.731061290392439],
            [10.319513979990953, 59.731098167609929],
            [10.319525520694475, 59.731121335538731],
            [10.319546801079545, 59.731156364062841],
            [10.319559842199961, 59.731175178290322],
            [10.319582053680021, 59.731206102615836],
            [10.319601832056737, 59.731235321072681],
            [10.31964244350864, 59.731278595058143],
            [10.319696769526805, 59.73133333185703],
            [10.319739527903394, 59.731390533862971],
            [10.319755976359746, 59.73142826805114],
            [10.319760763909299, 59.731456411619789],
            [10.319767938084498, 59.731489137603333],
            [10.31978025971282, 59.731527084230791],
            [10.319794353865317, 59.731547285185322],
            [10.319825170546334, 59.73158418315532],
            [10.31983174680264, 59.731614819070479],
            [10.319830162385808, 59.731675744671954],
            [10.319809780244201, 59.731694085187527],
            [10.319771912800148, 59.731729160690762],
            [10.319752250331087, 59.731763986680797],
            [10.319731420476051, 59.731788067631541],
            [10.319713684444757, 59.73181549702462],
            [10.319703324985648, 59.731830957358049],
            [10.319682491451585, 59.731861424210045],
            [10.319678242717945, 59.73187395465682],
            [10.319662320229327, 59.731921506349359],
            [10.319663639673546, 59.731950245657657],
            [10.319665204495164, 59.731955608232504],
            [10.31969359888113, 59.732007260541231],
            [10.319734900671738, 59.732045612186276],
            [10.319784397419964, 59.732068696034581],
            [10.319799859685409, 59.732080401126119],
            [10.319801990315634, 59.732091900103676],
            [10.319794946708683, 59.732124388331641],
            [10.319791919059867, 59.732158728870893],
            [10.319793247564654, 59.732202669067519],
            [10.319796180318608, 59.732226249203578],
            [10.319810942595936, 59.732253129871182],
            [10.31981785912366, 59.732273704181033],
            [10.319832481803807, 59.732327023454822],
            [10.3198439353813, 59.732350817837798],
            [10.319846884275158, 59.732359018090499],
            [10.319861723693709, 59.732422238957447],
            [10.319880903246631, 59.732483725934145],
            [10.319881732312551, 59.732523600807838],
            [10.319878828268436, 59.73257359604888],
            [10.319878534692512, 59.732607494528089],
            [10.319878028080899, 59.732660723402844],
            [10.319884130083095, 59.732696019474716],
            [10.319901354598043, 59.732753658993431],
            [10.3199079543548, 59.732773952153138],
            [10.319921930969521, 59.732817894147679],
            [10.319944630922919, 59.732879686668788],
            [10.319960295999088, 59.73290902803079],
            [10.319999221489303, 59.732966902557948],
            [10.320019823033858, 59.732995340803846],
            [10.320053763997658, 59.733055735696873],
            [10.320068791867826, 59.733090900666042],
            [10.320068057944937, 59.733117767775234],
            [10.320064498833977, 59.733178802762772],
            [10.320084115918966, 59.73322699356936],
            [10.320086826813904, 59.733236894256379],
            [10.320097217490114, 59.733287364081043],
            [10.320092564116198, 59.733309144346286],
            [10.320077882139973, 59.733338931424491],
            [10.320073056822062, 59.733355578733523],
            [10.320074732879771, 59.733376685501241],
            [10.320080820912354, 59.733419716254957],
            [10.32007779517518, 59.733455316081027],
            [10.320071571417696, 59.733467955926045],
            [10.320108200052674, 59.73371651999387],
            [10.320149979014811, 59.733998277393098],
            [10.320213475636574, 59.734025728345237],
            [10.320225415369285, 59.734061322711547],
            [10.320239698968974, 59.734097990127715],
            [10.320245565033519, 59.734118436956649],
            [10.320259924362142, 59.734199089766207],
            [10.320235995361308, 59.734199494826093],
            [10.320247741765405, 59.734232653794685],
            [10.320276063726968, 59.734293747455389],
            [10.320298747260914, 59.734351851574779],
            [10.320315435884071, 59.734396789742711],
            [10.320328414597585, 59.734450410010098],
            [10.320327548582286, 59.734499848382008],
            [10.320313054556507, 59.734555006452332],
            [10.320303953595124, 59.734600912890343],
            [10.320305639265694, 59.734663933967553],
            [10.32030510086086, 59.734712304703827],
            [10.320310738057909, 59.734749652857055],
            [10.32032113633864, 59.734778446371777],
            [10.320323489259943, 59.734785815834513],
            [10.320335406083313, 59.734822848468859],
            [10.32034201592773, 59.734885055922796],
            [10.320338571142981, 59.734910926822906],
            [10.320331479325807, 59.734971745763239],
            [10.320337781053194, 59.735022159534751],
            [10.320314910374119, 59.735081156041282],
            [10.320313478577129, 59.735142266956714],
            [10.320311744067773, 59.735195362037558],
            [10.320334829057209, 59.735232793307546],
            [10.320365778377269, 59.735262410307591],
            [10.320391375516925, 59.735285720058314],
            [10.320432673332466, 59.735344488540662],
            [10.320476631894245, 59.735386802254666],
            [10.320518597691946, 59.7354344414724],
            [10.320562148497686, 59.735492390877511],
            [10.32057874463645, 59.735525273172726],
            [10.320587086009608, 59.735558580389466],
            [10.320587387963919, 59.735618763790612],
            [10.320598139450135, 59.735646310658794],
            [10.32063083012962, 59.735688941687663],
            [10.320667066545347, 59.735740603726477],
            [10.320682857179234, 59.735776695241825],
            [10.320682460150982, 59.735799886655506],
            [10.32067288629611, 59.735833903609681],
            [10.320644534428119, 59.735893873814469],
            [10.320648366888461, 59.735917396072594],
            [10.320664048414994, 59.735956811626743],
            [10.320676137425789, 59.73597226376495],
            [10.320714966828142, 59.736013045144219],
            [10.320734267552881, 59.736059695443807],
            [10.320740874637496, 59.736119384316481],
            [10.320741920501918, 59.736124638402686],
            [10.320760535874953, 59.73618763406467],
            [10.320761211020217, 59.736190446428374],
            [10.320770073825882, 59.736225121395826],
            [10.320775355136908, 59.73625229312109],
            [10.320788648694979, 59.736312580404615],
            [10.32079830110693, 59.736341617070302],
            [10.320807611513276, 59.736370551584642],
            [10.320834095228781, 59.736428251512521],
            [10.320853566772458, 59.73648767994397],
            [10.320880637152339, 59.736513200804815],
            [10.320901033679544, 59.736538033756474],
            [10.320907192401144, 59.736558940698615],
            [10.320899426836265, 59.736582588687057],
            [10.320872127404678, 59.736635041199264],
            [10.320870960057947, 59.736642105122336],
            [10.320862413781837, 59.73666878334641],
            [10.32084009878108, 59.736692002020199],
            [10.320785879457487, 59.736735668628597],
            [10.320779701788904, 59.736745431946424],
            [10.32076328741206, 59.736786310358831],
            [10.320762335309798, 59.73681092106591],
            [10.320770840453644, 59.736860873762836],
            [10.320781931639015, 59.7369216221025],
            [10.320782571018563, 59.736925962239013],
            [10.320793283821889, 59.736961422776851],
            [10.320812007018326, 59.737019835113948],
            [10.320823021088991, 59.737070956674771],
            [10.32082470154787, 59.737103486472222],
            [10.320804415758678, 59.737155469738639],
            [10.320802909984456, 59.737164950074465],
            [10.320793441113432, 59.737184219954017],
            [10.32076988655364, 59.737208653603162],
            [10.320723795970089, 59.737243885736824],
            [10.320708789891166, 59.73725180491995],
            [10.320675108561685, 59.737269670987374],
            [10.320615972025715, 59.737284829657369],
            [10.32059619001952, 59.737291229211344],
            [10.320579604509467, 59.737301520501248],
            [10.320564231412442, 59.737318420982561],
            [10.320547639042772, 59.737350388558411],
            [10.320535887141851, 59.737393592021945],
            [10.320529179232283, 59.737404595625151],
            [10.320503860655776, 59.737444166832262],
            [10.32049288721789, 59.737456367353893],
            [10.320457925395038, 59.737491007222765],
            [10.32045099352499, 59.737495976572681],
            [10.320433580512988, 59.737503270156189],
            [10.32041136832396, 59.737510482389858],
            [10.320400409075118, 59.737514948215832],
            [10.320370310573612, 59.737532672260677],
            [10.32033593225492, 59.737559327899973],
            [10.320305968024753, 59.737582453372553],
            [10.320279083720406, 59.737589948545917],
            [10.320258848423741, 59.737598310646526],
            [10.320235833913737, 59.737611250640789],
            [10.320232050135443, 59.737621728994554],
            [10.32023148436857, 59.737642306009576],
            [10.320224663625272, 59.737680828481416],
            [10.320212474169322, 59.737710614632412],
            [10.320213437714807, 59.737738081988759],
            [10.320214254475497, 59.737778046341987],
            [10.320212257881545, 59.737798662230361],
            [10.320206153471135, 59.737860056083228],
            [10.320205926300789, 59.73792273904369],
            [10.320200846122491, 59.737974275598944],
            [10.320199678707016, 59.738016957398791],
            [10.320197232713124, 59.738068767864895],
            [10.320185757686863, 59.738129070582147],
            [10.320173301235934, 59.738176026535356],
            [10.320159301063306, 59.738206017888039],
            [10.320135813344411, 59.738233781768962],
            [10.320133651885106, 59.738236492887424],
            [10.320112655094967, 59.738270641765624],
            [10.320092580509435, 59.738294390036948],
            [10.320082186839443, 59.738313896704042],
            [10.32007851215201, 59.738347764429172],
            [10.320077582715202, 59.738397650257482],
            [10.320076142920374, 59.738409201661092],
            [10.320079873105755, 59.738441085090798],
            [10.32009625698989, 59.738475488893137],
            [10.320113779843078, 59.738500489210871],
            [10.320128451777279, 59.738515314022251],
            [10.320180409838022, 59.73857050544818],
            [10.320221360014216, 59.738613970988062],
            [10.320255324372781, 59.738651340803671],
            [10.320267301249029, 59.738658693984227],
            [10.320288257235983, 59.738675721836934],
            [10.32032867215214, 59.738707745327225],
            [10.320360492981566, 59.738724801174691],
            [10.320408459784545, 59.738751247806427],
            [10.320428953832208, 59.738763941828289],
            [10.320517919576343, 59.738805523205968],
            [10.320604634529182, 59.738849182846998],
            [10.32065385889015, 59.738878102752544],
            [10.320675001558444, 59.738901433285506],
            [10.320684418024518, 59.738924525208496],
            [10.320687973044107, 59.738939852637479],
            [10.320692687255033, 59.738986342097903],
            [10.320703185625959, 59.739022064805496],
            [10.320722080863042, 59.739041087746948],
            [10.320800637836266, 59.739090842122437],
            [10.320886481785196, 59.739135639739047],
            [10.320961529165986, 59.739183739709908],
            [10.321030941015707, 59.739231368691065],
            [10.321107836939204, 59.739278994870347],
            [10.321167364901667, 59.739304324704555],
            [10.321261592478965, 59.739340156979175],
            [10.321308156895144, 59.739367722472856],
            [10.321373117735618, 59.73941914996167],
            [10.321387828548007, 59.739442610625858],
            [10.32139466177094, 59.739473975101596],
            [10.321392380337786, 59.739524622144053],
            [10.321374770253232, 59.739553675303128],
            [10.321341458320825, 59.739591792181862],
            [10.321293126736268, 59.739637917784819],
            [10.321266518823316, 59.739653607966808],
            [10.321187421859833, 59.739695487662196],
            [10.321175687021647, 59.739715666103635],
            [10.321171583159824, 59.739741153720566],
            [10.32116434543031, 59.739771206598725],
            [10.321139544765815, 59.739801981910411],
            [10.321101543525556, 59.739829048169689],
            [10.321078269785177, 59.739838741101423],
            [10.321013625828959, 59.739866475578538],
            [10.320982571075676, 59.739889742213073],
            [10.320966240709398, 59.739910925917762],
            [10.320966391542655, 59.739927660900577],
            [10.320971178204136, 59.739988903751858],
            [10.320967329100299, 59.740041833404085],
            [10.320969370951852, 59.740052699559719],
            [10.320967478322444, 59.74006621357659],
            [10.320946019610552, 59.740122742185896],
            [10.320929594084742, 59.740139515232762],
            [10.320900596631194, 59.740158268123253],
            [10.320827431268683, 59.740204856520506],
            [10.320801678817531, 59.740225883853817],
            [10.320798473282727, 59.740233504650043],
            [10.320794850479018, 59.74024156027567],
            [10.320791027283141, 59.740259952320834],
            [10.320789754846361, 59.740308476723385],
            [10.32079415230959, 59.740354685033033],
            [10.32076502457241, 59.740415077367182],
            [10.320721875792717, 59.740473800049315],
            [10.320685691652498, 59.740532411496339],
            [10.320687155016971, 59.740546135223923],
            [10.320699388777468, 59.740555476283717],
            [10.320722409094918, 59.740562863740202],
            [10.32075018418106, 59.740565563895444],
            [10.320783955118884, 59.740563621037126],
            [10.320818322437781, 59.740562508949807],
            [10.320840427592389, 59.740567525179358],
            [10.320858299188599, 59.740578596467032],
            [10.3208738141326, 59.740597588676032],
            [10.320906330592466, 59.740638954068167],
            [10.320914386283498, 59.740648865560047],
            [10.320931882499218, 59.740689335156269],
            [10.320923709489888, 59.740720973647043],
            [10.320899223224215, 59.740759675232823],
            [10.320874801033227, 59.740781379669002],
            [10.32083889007804, 59.74080114506058],
            [10.320790770576501, 59.740829199338407],
            [10.320748098983582, 59.740859067013716],
            [10.320734024547232, 59.740881950204063],
            [10.320733664653099, 59.740887064174018],
            [10.320733054197159, 59.740902872549775],
            [10.320735540863605, 59.740958906519886],
            [10.320726995294571, 59.741004652931579],
            [10.320714583313704, 59.741065282026462],
            [10.320713020037887, 59.741078987684631],
            [10.320717670222072, 59.741142474280601],
            [10.320721567910335, 59.741184617270598],
            [10.320726851317588, 59.741195239334367],
            [10.320742559914052, 59.741216666954735],
            [10.320772219862139, 59.741235174573276],
            [10.320793032529084, 59.741248149700006],
            [10.320826023680754, 59.741267046015729],
            [10.320832981535169, 59.741270802133698],
            [10.320809571085309, 59.741309452161047],
            [10.320807490117401, 59.741315404153241],
            [10.320789861132207, 59.74137638674317],
            [10.320786999355262, 59.741385368970199],
            [10.320780313923203, 59.741394934297624],
            [10.320759349497107, 59.741417391727971],
            [10.320748142175061, 59.741443975005502],
            [10.320745067415618, 59.741463383146204],
            [10.320746219120322, 59.741471699103236],
            [10.320746451995367, 59.741475125289327],
            [10.320740019048294, 59.741484159961139],
            [10.320722682937348, 59.741502339608935],
            [10.320684668756787, 59.74153965896371],
            [10.320668831540894, 59.741552225618577],
            [10.320606667939293, 59.741581307712565],
            [10.320576803872806, 59.741588426847073],
            [10.320568501046049, 59.741591728301557],
            [10.320543105458837, 59.741606382315716],
            [10.32049975381091, 59.741630918965328],
            [10.320461096234228, 59.741661379550173],
            [10.320453221514514, 59.741680706328388],
            [10.320453166136335, 59.741703999876833],
            [10.32045098489429, 59.741728476773673],
            [10.32043221212367, 59.74174291740843],
            [10.320395511820537, 59.741760675766628],
            [10.320334287831001, 59.741783045470775],
            [10.320295459766347, 59.741800727864387],
            [10.320309568999384, 59.741810675551719],
            [10.320147613888391, 59.741796530522436],
            [10.320057134155956, 59.741835664874095],
            [10.320005473289749, 59.741895342796631],
            [10.319917783699506, 59.741910741449338],
            [10.319884615819303, 59.741991046993711],
            [10.319898865692366, 59.742073764559244],
            [10.319982190161214, 59.742168391679812],
            [10.319981501744806, 59.74224580901241],
            [10.31988561127775, 59.742328642901263],
            [10.319541263352665, 59.742694207228979],
            [10.319435091548838, 59.742925441508838],
            [10.319430739716038, 59.743182886270212],
            [10.31953434143063, 59.743295596661611],
            [10.319579808172481, 59.7434861922466],
            [10.319671193346396, 59.743565277044098],
            [10.319700446531838, 59.743852523468426],
            [10.319676723921562, 59.7439328063614],
            [10.319687688740592, 59.74403006757715],
            [10.31949686538678, 59.744219334676046],
            [10.319515410695573, 59.744276481566317],
            [10.319828668113123, 59.744386061489308],
            [10.320068188686584, 59.744385975488633],
            [10.319981713006417, 59.744638150604857],
            [10.320024993715043, 59.744784595278283],
            [10.320033060650287, 59.744810966980701],
            [10.320008570657089, 59.744957781191502],
            [10.319964609869126, 59.745299528964907],
            [10.319917022468251, 59.745539960161921],
            [10.319930548131964, 59.745620223332729],
            [10.319879718331222, 59.745834185178865],
            [10.319840367666355, 59.746042530455448],
            [10.319831091587954, 59.746111276481521],
            [10.319812688012025, 59.746246435289166],
            [10.319799252123747, 59.746428812175864],
            [10.319804375060265, 59.746514351994534],
            [10.319810608268481, 59.74661486216317],
            [10.319811180516542, 59.746661653533849],
            [10.319805962309864, 59.746679815898048],
            [10.319805326098708, 59.746695803246574],
            [10.319810858501926, 59.746730089523119],
            [10.319808474237899, 59.746736930126566],
            [10.319812052650185, 59.746759723760526],
            [10.319815374780621, 59.746789433945402],
            [10.319834068982081, 59.746834083816772],
            [10.319865844326108, 59.746894760877552],
            [10.319873603193717, 59.746936052307589],
            [10.319885071594131, 59.746985211321778],
            [10.319893122790472, 59.747009153966893],
            [10.319898710787188, 59.747046860096482],
            [10.319907238538512, 59.747067401871256],
            [10.319915033496976, 59.747098261066427],
            [10.319927046699263, 59.747138445105207],
            [10.319932482495819, 59.747175965911595],
            [10.319946720383294, 59.747221895822818],
            [10.31994406375998, 59.74723322391462],
            [10.319961524537272, 59.747256153205548],
            [10.320011327816339, 59.747310278073236],
            [10.320047711182461, 59.747359696619107],
            [10.320082265817646, 59.747405632013404],
            [10.320108131223279, 59.747442352835606],
            [10.32013817206373, 59.747484889138399],
            [10.320178989099515, 59.747543370328508],
            [10.320199663497654, 59.747590429337563],
            [10.320201347038253, 59.747616573206017],
            [10.32019731988575, 59.747652946795966],
            [10.320216642019201, 59.747693121790952],
            [10.320221820288101, 59.747727395396765],
            [10.32022792473275, 59.747753786973135],
            [10.32023558396029, 59.747786889896105],
            [10.320250483612035, 59.747816653435329],
            [10.320260896131378, 59.747844098187322],
            [10.320299370782244, 59.747902765565911],
            [10.320335945059323, 59.747952100873533],
            [10.32039496617408, 59.748002776841879],
            [10.32044753700303, 59.748051153892376],
            [10.320486230739597, 59.748112077621897],
            [10.320486827168597, 59.74814852625682],
            [10.320499206807552, 59.74818737413046],
            [10.320504942531153, 59.748212583255842],
            [10.32053657161247, 59.748275593416579],
            [10.320538619077421, 59.748281332953717],
            [10.320573418903432, 59.748320441177498],
            [10.320590676438524, 59.74834228377852],
            [10.320627375196908, 59.748389464766404],
            [10.320654474396589, 59.748446646774759],
            [10.3206711535108, 59.748489155858032],
            [10.320687422469963, 59.748537136890832],
            [10.320693482601003, 59.748558759815566],
            [10.320716777202458, 59.74860366360091],
            [10.320735620386886, 59.748644720840574],
            [10.320741127099108, 59.748677926798749],
            [10.320763823618996, 59.748738549441832],
            [10.320791346030363, 59.748790169977838],
            [10.320834551732018, 59.748843069649638],
            [10.320864377991683, 59.748893513151465],
            [10.320869560730898, 59.748939209763485],
            [10.320896784332335, 59.74899423748132],
            [10.320921679359312, 59.749059525673459],
            [10.320941105033356, 59.749082434956442],
            [10.32096466892904, 59.749120332652858],
            [10.320999009880842, 59.749174175179938],
            [10.321033105480451, 59.749224681011903],
            [10.32103572691557, 59.749277211916493],
            [10.321032721307585, 59.749301209682372],
            [10.321029536541845, 59.749323941839585],
            [10.321043409602463, 59.749378852956504],
            [10.321035535106613, 59.749408343481306],
            [10.321076343377596, 59.749466913924692],
            [10.321099567333039, 59.749505968729984],
            [10.321117911855222, 59.749560769535165],
            [10.321136788338443, 59.749606684856431],
            [10.321168500334267, 59.749664031285199],
            [10.321196443117479, 59.749707571736344],
            [10.3212198716059, 59.749747713138035],
            [10.321263079158939, 59.749800612686606],
            [10.321299751670935, 59.749845453941433],
            [10.321339082690054, 59.749889130812413],
            [10.321363134531564, 59.749913374329132],
            [10.321386572054582, 59.749942003181033],
            [10.321408483241301, 59.749966260262411],
            [10.321428072740625, 59.749988006024161],
            [10.321445576938277, 59.750004280748364],
            [10.32145933378087, 59.750030765343723],
            [10.321530992997234, 59.750075235675276],
            [10.321352104001805, 59.750125698401305],
            [10.321374516988113, 59.750155280084776],
            [10.321390017779823, 59.750222751428993],
            [10.321416283634628, 59.750306257073447],
            [10.321434288711684, 59.750362214971837],
            [10.321435368206854, 59.750407945039072],
            [10.321419022954334, 59.750474999816703],
            [10.321385358000608, 59.750539727773941],
            [10.321318548334721, 59.75063493356155],
            [10.321199973624095, 59.750787925422784],
            [10.321097540526901, 59.750935107063192],
            [10.321003155162304, 59.751041381402317],
            [10.320926051167335, 59.751105728729037],
            [10.320854301471273, 59.751149669867068],
            [10.320769658374997, 59.751186405137204],
            [10.320714497303113, 59.751208631955279],
            [10.320572360186834, 59.751257526873403],
            [10.320430278165896, 59.751309841487462],
            [10.320207182959594, 59.751386967910747],
            [10.319929280114208, 59.751532114647063],
            [10.319710170598089, 59.751653275243974],
            [10.319664894601051, 59.751697800789401],
            [10.319260420278283, 59.752218173293329],
            [10.318959910787456, 59.752477460020351],
            [10.318597537045157, 59.752997444761967],
            [10.318374912647771, 59.753359708310711],
            [10.318360789884442, 59.753380341064073],
            [10.317926771997444, 59.75401703297414],
            [10.317585013657807, 59.754220698166947],
            [10.317461527341766, 59.754275023021982],
            [10.317215408964101, 59.754244109422544],
            [10.316855426037153, 59.754272630262136],
            [10.31659673990722, 59.754397410026023],
            [10.316043941141018, 59.754707584664992],
            [10.315673654123454, 59.755137335944148],
            [10.31611812692825, 59.755269058147057],
            [10.316565436004099, 59.755455566168898],
            [10.31689472921731, 59.755578585443686],
            [10.317223833290639, 59.755700427804491],
            [10.31718693487268, 59.755908860396403],
            [10.317162276916031, 59.756070689171629],
            [10.317027046334774, 59.756422220036377],
            [10.316915237604693, 59.756646146691068],
            [10.316943416390032, 59.756871024089627],
            [10.317052003401386, 59.757400895126302],
            [10.317092538116464, 59.757762659023363],
            [10.317133006429255, 59.7581312562723],
            [10.317226103556356, 59.758661023661858],
            [10.317288195747873, 59.758879286469423],
            [10.317327402553799, 59.759114541171002],
            [10.317433974926798, 59.759461842768552],
            [10.317555765265068, 59.759836670736043],
            [10.31762799284339, 59.760108542047156],
            [10.317758319608307, 59.760582702989552],
            [10.317863355753051, 59.760911780432558],
            [10.317812492523949, 59.761227377908931],
            [10.317800256523165, 59.761441727865886],
            [10.317769104100439, 59.761686703179237],
            [10.317662378568471, 59.761884458504454],
            [10.317543676915381, 59.762101484045729],
            [10.317396831144938, 59.762552169284753],
            [10.317236161716721, 59.763007307895379],
            [10.317711190654519, 59.763270262047762],
            [10.317770338652581, 59.763515942125885],
            [10.317374643417427, 59.763522504850911],
            [10.316603592764123, 59.76352663893455],
            [10.31596767620659, 59.763538562021232],
            [10.315442772150879, 59.763563710771699],
            [10.31483588838123, 59.763597442342601],
            [10.314234247062826, 59.763691621146883],
            [10.313807108154863, 59.763770984292726],
            [10.313025727269682, 59.763820690060626],
            [10.312419109049024, 59.763848663643962],
            [10.31208991819987, 59.763814593519555],
            [10.312022390813025, 59.763806603712673],
            [10.310426380579031, 59.763662849804184],
            [10.311694515716598, 59.767057354866637],
            [10.311103979072264, 59.768676298636173],
            [10.314507703251, 59.769832177242272],
            [10.315245392056477, 59.770057837735564],
            [10.31549889869088, 59.770282126506594],
            [10.315811142139916, 59.770535225292186],
            [10.315853037812531, 59.770589968125847],
            [10.315861976665586, 59.770602519693483],
            [10.315872869128878, 59.770616400230267],
            [10.315885453006773, 59.770644912126059],
            [10.315904901185357, 59.770668991994143],
            [10.315927011254145, 59.770693166895434],
            [10.315940044248451, 59.770705774684181],
            [10.315948234129992, 59.770727473818866],
            [10.315983213984302, 59.770765419943054],
            [10.316003127119867, 59.770786188455496],
            [10.316042893631581, 59.770810364094487],
            [10.316111906304691, 59.770838372119343],
            [10.316154553026706, 59.770854735454151],
            [10.316224000796058, 59.770875833242002],
            [10.316257678805369, 59.770886209867143],
            [10.316297679524549, 59.770904907184125],
            [10.316322285248013, 59.770917658239831],
            [10.316331087594937, 59.770922289802925],
            [10.316377816280193, 59.77094896248235],
            [10.316424006279007, 59.770970579035925],
            [10.316455371304226, 59.770985999856876],
            [10.316484522112386, 59.771004489673899],
            [10.316513181457045, 59.771025210544991],
            [10.316535073851183, 59.771047128951125],
            [10.316548121371618, 59.771060906463887],
            [10.316563435239082, 59.771082679969822],
            [10.316565346656969, 59.771090663294352],
            [10.316575734158913, 59.771115768763444],
            [10.316593259109778, 59.771131954709048],
            [10.316610986660042, 59.771147967995603],
            [10.316641626595739, 59.771171098084857],
            [10.316670491969781, 59.771194164819867],
            [10.316690349114687, 59.771210254113491],
            [10.316711847820708, 59.771241332740615],
            [10.316718192876118, 59.771257119584348],
            [10.316726550183407, 59.771290337490065],
            [10.316736517216421, 59.771323522911622],
            [10.316783055456996, 59.771359183047537],
            [10.316796335416386, 59.771366223011718],
            [10.31684729292313, 59.771398353157814],
            [10.316900029983328, 59.771434324458873],
            [10.316933820550291, 59.771452799887086],
            [10.31699819653598, 59.7714909854731],
            [10.31704484308659, 59.771511898522618],
            [10.317066803796509, 59.771537147196945],
            [10.317112337063623, 59.771599035031173],
            [10.317138039192411, 59.771635750200396],
            [10.317141539864014, 59.771676889696337],
            [10.317134649200911, 59.771690405209334],
            [10.317119463952942, 59.771719814617519],
            [10.317099863550775, 59.771775599968848],
            [10.317077317090064, 59.771837126536624],
            [10.317066217791774, 59.771899691297747],
            [10.317055813742725, 59.771950947906852],
            [10.317051372949821, 59.772006734684673],
            [10.317044478356349, 59.772086359032123],
            [10.317048368585581, 59.77217428341239],
            [10.31706454823113, 59.772228017926601],
            [10.317088014982836, 59.772280663371625],
            [10.317106814194538, 59.772330983553864],
            [10.317132625427044, 59.77237327914294],
            [10.317169562447686, 59.7724227176409],
            [10.317204245565465, 59.772464070648496],
            [10.317237136229801, 59.77249150826708],
            [10.31727722288022, 59.772515964719005],
            [10.317314795041275, 59.772536733646348],
            [10.317368240498601, 59.772560047858661],
            [10.317421737900728, 59.772584263342864],
            [10.317475809860101, 59.772601843441514],
            [10.317531411907067, 59.772626313879485],
            [10.317598530369274, 59.77264624836868],
            [10.317657158268911, 59.772658054669115],
            [10.31774941402263, 59.772669172210428],
            [10.317812762045586, 59.772665136831854],
            [10.317867470303854, 59.772655306508184],
            [10.317924879243659, 59.772636398238305],
            [10.317984156660749, 59.772611800198582],
            [10.318025938343915, 59.772584778911501],
            [10.31804922960302, 59.772570049733211],
            [10.318074447872819, 59.772555569204826],
            [10.31810667954865, 59.772534323302843],
            [10.318152582833111, 59.772518602128535],
            [10.318204671393886, 59.77251218601004],
            [10.318247507236647, 59.772515783272766],
            [10.318285694580528, 59.772522002914464],
            [10.318337592964031, 59.772534738051142],
            [10.318402475000925, 59.772550275002672],
            [10.318476632327881, 59.772563264669927],
            [10.318537242694237, 59.772578739074561],
            [10.318586633270938, 59.772592823731514],
            [10.318660494444352, 59.772611739033103],
            [10.318723164309864, 59.772631604147143],
            [10.318756669084081, 59.772643233104915],
            [10.318799468398106, 59.772657262390936],
            [10.318846525314481, 59.772670184352172],
            [10.318888765497443, 59.772683114329219],
            [10.318949701040708, 59.772695002372672],
            [10.319046311280957, 59.772710681607244],
            [10.319104898781317, 59.772720237202549],
            [10.319177297013454, 59.772725428510583],
            [10.31924225751772, 59.77273278291959],
            [10.319411050127659, 59.772743751564633],
            [10.319506745984961, 59.772767222961306],
            [10.319656075889105, 59.772727488099683],
            [10.320202647142757, 59.772951966993226],
            [10.320652276499711, 59.773374280615016],
            [10.321068378316115, 59.773771201873402],
            [10.321353450106532, 59.774065950077322],
            [10.321496900184489, 59.774230985501042],
            [10.322288546240756, 59.775118534747961],
            [10.322349821653315, 59.775177653705214],
            [10.322427702574496, 59.775279908043167],
            [10.322501312756623, 59.775523311821892],
            [10.322733004297161, 59.775678629312885],
            [10.322868681632379, 59.77578087488159],
            [10.322950390664756, 59.77586347765704],
            [10.323023336816481, 59.775943699314539],
            [10.323074538239499, 59.775969089635559],
            [10.323162504400541, 59.775986706045813],
            [10.323326672638295, 59.776021879158783],
            [10.323723247852463, 59.776090249494302],
            [10.324087627681225, 59.776185983426465],
            [10.324600128632893, 59.776348695657951],
            [10.324797200910822, 59.776411302846036],
            [10.327046531515375, 59.778480619844245],
            [10.327156741728682, 59.778505051736389],
            [10.327188453260746, 59.778515535144827],
            [10.327217123599437, 59.778534994540379],
            [10.327241632221833, 59.778552326970662],
            [10.327261634657276, 59.778566171019023],
            [10.327279561212176, 59.778582099785361],
            [10.327330248216974, 59.778630315599329],
            [10.327352559696749, 59.778653146262926],
            [10.327367800721939, 59.778670418480289],
            [10.32740105563513, 59.778710638144908],
            [10.327416526355259, 59.778728817969537],
            [10.327469994229178, 59.778763551275944],
            [10.327478990215134, 59.778768098954814],
            [10.327498786300323, 59.77877959708281],
            [10.327509955944825, 59.778787729955937],
            [10.327527828587954, 59.778801498119172],
            [10.327536730309685, 59.778810539611442],
            [10.327540983338231, 59.778822203820042],
            [10.32754093066719, 59.778828947706103],
            [10.327540483379437, 59.778834688162256],
            [10.327544920446325, 59.77884249135397],
            [10.327544869777586, 59.778850494520114],
            [10.3275469927675, 59.778862082881837],
            [10.327549155368125, 59.778874662032393],
            [10.327550946422511, 59.778884799478661],
            [10.327557325508174, 59.778894020973304],
            [10.327577603544063, 59.778913541218337],
            [10.327584158143303, 59.778921509752251],
            [10.327604039587577, 59.778938767283599],
            [10.327624054935718, 59.778952521783673],
            [10.327652630121456, 59.778999410441735],
            [10.327633406442336, 59.779044956889848],
            [10.327630600951922, 59.77905861834666],
            [10.327630521220255, 59.779064281946923],
            [10.327632751057633, 59.779071286993165],
            [10.327639090080925, 59.779087162873417],
            [10.327656586359538, 59.779111261112575],
            [10.327685348241173, 59.77914790285017],
            [10.327705014263454, 59.779173067716982],
            [10.327722445458091, 59.779203999331742],
            [10.327739646542396, 59.779241668510394],
            [10.327757133971261, 59.779276019972976],
            [10.327778515569875, 59.779319504434902],
            [10.327813847038295, 59.779365284455508],
            [10.327842337546464, 59.779406413659828],
            [10.327864411245343, 59.779438589868803],
            [10.327888192899936, 59.779476403379405],
            [10.327919411337424, 59.779510793987008],
            [10.327965219299761, 59.779574755773169],
            [10.328005101366402, 59.779627533452384],
            [10.328033061814907, 59.779669902939894],
            [10.328072844231157, 59.779715751399493],
            [10.328112484017742, 59.779775356113625],
            [10.328137905829809, 59.779847316526016],
            [10.328166200221037, 59.779900041361543],
            [10.328187758202743, 59.779942272804732],
            [10.328211680079537, 59.77998800625339],
            [10.328222433857974, 59.780013123555818],
            [10.328235274093631, 59.780034807344741],
            [10.32826146207549, 59.780078372872687],
            [10.328291700612821, 59.780141420437452],
            [10.328305142228981, 59.78016645353415],
            [10.328342252409602, 59.780213555904545],
            [10.32838420360828, 59.780259211623388],
            [10.328426117316672, 59.780305135821649],
            [10.328484159985738, 59.780344168888135],
            [10.328568613577657, 59.78040734753457],
            [10.328631029398784, 59.780453371906908],
            [10.328680170096748, 59.780483363466537],
            [10.328742697506959, 59.780512032674181],
            [10.32882338558475, 59.780543506958274],
            [10.328913379704101, 59.780574772789997],
            [10.329012274732197, 59.780606175502221],
            [10.329113300112363, 59.780637653964774],
            [10.329182962386186, 59.780656143478453],
            [10.329238859879458, 59.780685026161471],
            [10.329296998218792, 59.780719565066164],
            [10.329334710134036, 59.780745821663878],
            [10.329370433920969, 59.780773536523618],
            [10.329430019454641, 59.780832141748384],
            [10.329480959256534, 59.780883693472852],
            [10.329536485402102, 59.780933069880533],
            [10.329598636061467, 59.780993745064222],
            [10.329651487288432, 59.781043116155494],
            [10.329724861554368, 59.781105180097043],
            [10.329794063477669, 59.781151175530738],
            [10.329849114346027, 59.7812039527157],
            [10.329920317351254, 59.781263690674919],
            [10.32997094737074, 59.781318738939326],
            [10.330026593976077, 59.781363442338524],
            [10.330075701782938, 59.78140260635984],
            [10.33011994777817, 59.781438269442809],
            [10.330189203090365, 59.781477520789913],
            [10.330310513472435, 59.781536163428264],
            [10.330375028328499, 59.781568500230946],
            [10.330448932972933, 59.781597483449225],
            [10.330509444408554, 59.781624011295619],
            [10.330577081775138, 59.781650612786294],
            [10.330632677053577, 59.781671479100339],
            [10.330720370278767, 59.781703920912406],
            [10.330812363859527, 59.781737505048554],
            [10.330890801332757, 59.781769797296057],
            [10.330980042870577, 59.781810298961368],
            [10.331079444639281, 59.781838120279446],
            [10.331142272783019, 59.781854476707224],
            [10.331196506406069, 59.781857035842215],
            [10.331237029091842, 59.781856858571658],
            [10.33127561157772, 59.781856522318137],
            [10.331379947280361, 59.781847822097809],
            [10.331402619490648, 59.781841343293436],
            [10.331443849762591, 59.781832286753456],
            [10.331500436264903, 59.781816760938412],
            [10.331548474532754, 59.781799851675892],
            [10.331577886007851, 59.781789834978817],
            [10.331626047311694, 59.781770771429592],
            [10.331691868593056, 59.78175044729781],
            [10.331773556029246, 59.78173275624615],
            [10.331853426284033, 59.781712751922932],
            [10.331887640998081, 59.781701556877984],
            [10.331912984015085, 59.781692564645176],
            [10.331974045642372, 59.78167692799849],
            [10.332015016394051, 59.781664624100692],
            [10.33204461765796, 59.781654524112788],
            [10.332092657590648, 59.781638873926532],
            [10.332142527115968, 59.781625447440263],
            [10.332176783563771, 59.781616502388168],
            [10.332176625589929, 59.781627829609526],
            [10.332180564613582, 59.781662148131105],
            [10.332168348816101, 59.781688246845945],
            [10.332158889487509, 59.781709946450491],
            [10.332144735626498, 59.781737145486979],
            [10.332123800560558, 59.781765632343074],
            [10.332109639649971, 59.781781408341892],
            [10.33208205460669, 59.781806420691474],
            [10.33207692264393, 59.78183034291488],
            [10.332074101091358, 59.781863251697658],
            [10.332086869833377, 59.78189311731807],
            [10.33210887572052, 59.781919443953818],
            [10.332124522430513, 59.78194914211155],
            [10.332139765206474, 59.781965154535158],
            [10.332141411818, 59.781978884469545],
            [10.332134645780341, 59.781988987262949],
            [10.332093464388075, 59.782011717122806],
            [10.332045453293773, 59.782029706870397],
            [10.332004390552187, 59.782047763879589],
            [10.331960896887203, 59.782067893040853],
            [10.331953594784032, 59.782090748690884],
            [10.331952584610836, 59.782137483216623],
            [10.331963314621344, 59.782161519962926],
            [10.331958204946373, 59.78217635871502],
            [10.331917692670995, 59.782182832611468],
            [10.331865751558308, 59.782179186077691],
            [10.331829315388656, 59.782174382158608],
            [10.33173706672877, 59.782178296031866],
            [10.33167979643976, 59.782187231781336],
            [10.331582475102117, 59.782198070605332],
            [10.331562179191373, 59.7822003167079],
            [10.331509929561779, 59.782209071221644],
            [10.331464137643646, 59.78222012414664],
            [10.331437156673953, 59.782228068657723],
            [10.331395955563266, 59.782247109942539],
            [10.331340826654701, 59.782277708105937],
            [10.331311011956169, 59.782296974568879],
            [10.331292592010962, 59.782313858175961],
            [10.331258326644106, 59.782333056230563],
            [10.33120970160938, 59.782378366595211],
            [10.331147459623987, 59.782431737090576],
            [10.331133596501637, 59.782444105752454],
            [10.331126471263444, 59.782466967663737],
            [10.331121407525341, 59.7824942201947],
            [10.331127335873138, 59.782528339716016],
            [10.33114888876905, 59.78257191950572],
            [10.331186670828046, 59.782592601499154],
            [10.331202028584698, 59.782616713016949],
            [10.331265040321012, 59.782643239466267],
            [10.331350332616147, 59.782671188144896],
            [10.331424776423464, 59.78267977280364],
            [10.331503284728521, 59.782692459515374],
            [10.331528168289125, 59.782710973616211],
            [10.331532402042269, 59.782717690085768],
            [10.331532694803494, 59.782725795390029],
            [10.33151150767458, 59.782748426897648],
            [10.33147664709263, 59.782775698731356],
            [10.33146791537288, 59.782785821512242],
            [10.331441797811829, 59.782824557332162],
            [10.331416074963917, 59.782864296565833],
            [10.331406938354842, 59.78288240988622],
            [10.331410586082541, 59.782909882395877],
            [10.331400957541767, 59.782951903112632],
            [10.331374983372006, 59.782978141916935],
            [10.331358685440026, 59.783005354560714],
            [10.331354824730502, 59.783083917534412],
            [10.331340523523766, 59.78311470899839],
            [10.331301510226631, 59.783138505161091],
            [10.331271757071717, 59.783149678931714],
            [10.331187975002996, 59.783160639437092],
            [10.331151513072323, 59.783163659497973],
            [10.331121926974392, 59.783176188328262],
            [10.331085500956915, 59.783192970965032],
            [10.331078156132978, 59.783213576483874],
            [10.331061363303794, 59.783255792012902],
            [10.331049071280061, 59.78329771795449],
            [10.331004782915961, 59.783359192468552],
            [10.331002289453568, 59.783369357285267],
            [10.330978203740566, 59.783433079604443],
            [10.330957187342234, 59.783467229851148],
            [10.330908445684257, 59.783527376637046],
            [10.330886894442463, 59.783560248640768],
            [10.330872144200649, 59.783618456783785],
            [10.330858193121777, 59.783646742256302],
            [10.330832564905126, 59.783683246814761],
            [10.330791038134269, 59.783713519278933],
            [10.330775171372851, 59.783726176401792],
            [10.330761751589375, 59.783799092626921],
            [10.330763435751386, 59.783835489625908],
            [10.330784886904507, 59.783893816538047],
            [10.330813449303903, 59.783928111779723],
            [10.330857983264362, 59.783959197651079],
            [10.330862405329535, 59.783979862045356],
            [10.330847988188426, 59.784002554456343],
            [10.330799908929027, 59.784027377091299],
            [10.330779367601563, 59.784035190850084],
            [10.33070633349142, 59.784059845113561],
            [10.330660515933451, 59.784079981180398],
            [10.330639943406176, 59.784099486433242],
            [10.330627660791654, 59.784132418361331],
            [10.330629680891496, 59.784157494465845],
            [10.330626876095947, 59.784171155989071],
            [10.330622176992215, 59.784189427161365],
            [10.330616807810902, 59.784231599400592],
            [10.330606599072937, 59.784261187273998],
            [10.330602819922065, 59.784344250330882],
            [10.330600207268041, 59.784359087953007],
            [10.330591978850345, 59.784412761139926],
            [10.33059583504366, 59.784451484007676],
            [10.330613348985748, 59.78449842794668],
            [10.330594332279546, 59.784523385151601],
            [10.330557530790143, 59.784551757003456],
            [10.330552436919483, 59.784576669930729],
            [10.330555743933557, 59.784628235147061],
            [10.330557527911784, 59.784648625801175],
            [10.330555132440312, 59.784664460526713],
            [10.33056823267677, 59.784680486829139],
            [10.330628774628229, 59.784699190503993],
            [10.330675955695622, 59.78472794213247],
            [10.330693302234046, 59.784742950240918],
            [10.33070447895348, 59.784761246613776],
            [10.330694971679508, 59.784778177453624],
            [10.330663023878953, 59.784797367932924],
            [10.330639879659003, 59.78481102532588],
            [10.330580831396009, 59.784828801830216],
            [10.330494348532238, 59.784850099319691],
            [10.330430454415561, 59.784866803905629],
            [10.330362209597029, 59.784890369230268],
            [10.330280004074762, 59.784921892430184],
            [10.330211301658199, 59.784960192098126],
            [10.330163370905819, 59.784983940506955],
            [10.330103797822504, 59.785014380139067],
            [10.330046607828201, 59.785036719707463],
            [10.329999159392067, 59.785045554636369],
            [10.329928666596986, 59.785052040472095],
            [10.32988333394573, 59.785059781388306],
            [10.329862578644379, 59.785076761626293],
            [10.329819031559442, 59.785106152457466],
            [10.329802649820017, 59.785130124017499],
            [10.329801757519778, 59.78517344494108],
            [10.32979021324504, 59.785185806073535],
            [10.32978640910253, 59.785247371811721],
            [10.329772531730288, 59.785259829803501],
            [10.329731532620469, 59.785281216387538],
            [10.329721771860768, 59.785306322992689],
            [10.32970956087143, 59.785345103729213],
            [10.329715943683194, 59.785363229593649],
            [10.329735700258206, 59.785394153619862],
            [10.329790832750255, 59.785461684262891],
            [10.329796446625913, 59.785513331613828],
            [10.329800337567178, 59.785542881540209],
            [10.329773883425529, 59.785603101593111],
            [10.329755151621992, 59.785624740940435],
            [10.329741685507765, 59.785640631413813],
            [10.329720123171942, 59.785683756424604],
            [10.329726595752188, 59.785710160266142],
            [10.329702852616109, 59.785761212623747],
            [10.329661244890318, 59.78579076238438],
            [10.329611117175254, 59.785821268137056],
            [10.329548795481696, 59.785847112580861],
            [10.329492257513635, 59.785866057306407],
            [10.329460209914572, 59.785879577550766],
            [10.329373748684251, 59.785900695264097],
            [10.329307631497633, 59.785924335826181],
            [10.329236615986469, 59.785953648343096],
            [10.329140695661396, 59.786006628980623],
            [10.329101597792951, 59.786036088023067],
            [10.32906939075295, 59.786060935367573],
            [10.329071163368575, 59.786082674805932],
            [10.329076320057981, 59.78615796104058],
            [10.329064304694541, 59.786185146009913],
            [10.329038950804431, 59.786205650151139],
            [10.328972881152271, 59.786220028089446],
            [10.328927367110673, 59.786226503054131],
            [10.328838955748799, 59.786250069448315],
            [10.328793378641334, 59.786264637026868],
            [10.328762928995209, 59.786310053947105],
            [10.32876442968648, 59.786336280883738],
            [10.328757625785313, 59.786355556421974],
            [10.328758563711411, 59.78640236036069],
            [10.328759874319285, 59.786428670474926],
            [10.328756866621591, 59.786474344598311],
            [10.32873807233055, 59.786512980900142],
            [10.328705155027366, 59.786569642846544],
            [10.328645686516746, 59.786596757728624],
            [10.328611181366135, 59.786612528843165],
            [10.328538045759938, 59.786641675622732],
            [10.32851019870207, 59.786673603686666],
            [10.328520640032227, 59.786723893926791],
            [10.328540415617127, 59.786743216117905],
            [10.328557338838991, 59.786786721490607],
            [10.328610436771871, 59.786850942246026],
            [10.328607657975152, 59.786865683994918],
            [10.328599742660659, 59.786927283302219],
            [10.328578769974227, 59.786952170658111],
            [10.328548712456699, 59.786989686488276],
            [10.32851376888695, 59.787032784771746],
            [10.328449877272785, 59.787062170619542],
            [10.328415112290225, 59.787082339673034],
            [10.328399376853913, 59.787091493447392],
            [10.328353233332313, 59.787125378572391],
            [10.328319082584638, 59.787141162241014],
            [10.328257652093487, 59.787155525118884],
            [10.328239496066853, 59.787157757012103],
            [10.328209519083703, 59.787166673641252],
            [10.328186796013325, 59.787183673559682],
            [10.328166073146031, 59.787214416074612],
            [10.328146688888015, 59.787249613465342],
            [10.328130187001035, 59.787287162044763],
            [10.328109313549984, 59.787318978513909],
            [10.328101395114318, 59.787347478527344],
            [10.328071756984306, 59.787378173498197],
            [10.328050783608733, 59.787403060760482],
            [10.328022812035544, 59.78743714295512],
            [10.32798621874328, 59.787456347390986],
            [10.327937967295405, 59.787481073066267],
            [10.327906314220481, 59.787496855611209],
            [10.327865311125297, 59.787518241560285],
            [10.327810097429662, 59.787542989170824],
            [10.327780302956443, 59.78756333502551],
            [10.327761554178231, 59.787583804273297],
            [10.327747303690563, 59.787618015117701],
            [10.327715228026882, 59.787639359070347],
            [10.327678799345005, 59.787658659233223],
            [10.327639540360041, 59.787676509473584],
            [10.327611956095488, 59.787691267544112],
            [10.327568441778897, 59.787712743894446],
            [10.327529907401374, 59.787731789166791],
            [10.327497549011639, 59.787758969330426],
            [10.327486019461707, 59.787773759296826],
            [10.327483378018853, 59.787787516546913],
            [10.327464911411296, 59.787802149480896],
            [10.327407856093837, 59.787833667076207],
            [10.327391438859271, 59.78784513500004],
            [10.327363761270334, 59.787873291276426],
            [10.32735843668104, 59.78789855570303],
            [10.327369112213564, 59.787929336672079],
            [10.327359852431776, 59.787952122464475],
            [10.32734964807765, 59.78800329675915],
            [10.327330711966319, 59.788034012841358],
            [10.327327573374228, 59.788070418141352],
            [10.327318058066139, 59.788100120480955],
            [10.32729935224323, 59.788124099000051],
            [10.327271686876168, 59.788152165755619],
            [10.327256325468348, 59.788173924812895],
            [10.327243443863683, 59.788191994533641],
            [10.327185916285952, 59.788238335910023],
            [10.327146759903032, 59.788265633741773],
            [10.327114743233141, 59.788292915939962],
            [10.327084338271844, 59.788329069976442],
            [10.327052114916718, 59.788354006272591],
            [10.327049174197473, 59.788371170715017],
            [10.327060023934552, 59.788391794301695],
            [10.327095912796764, 59.788415827816962],
            [10.327091046044931, 59.788434003005804],
            [10.327070289130383, 59.788452242032804],
            [10.32703612189561, 59.78846685556033],
            [10.327012835641357, 59.78848149672649],
            [10.32696739383784, 59.788503983602865],
            [10.326941750337213, 59.788527805004939],
            [10.326923170604488, 59.788559792941236],
            [10.32691116704186, 59.788588147457119],
            [10.326879476750078, 59.788646201901535],
            [10.326842358159274, 59.788695878201324],
            [10.326812282544466, 59.788732223803379],
            [10.326791472353237, 59.78875720665858],
            [10.326770540611689, 59.788785603035748],
            [10.326756750676701, 59.788815243087306],
            [10.326744814312031, 59.788838023489305],
            [10.326732783447383, 59.788865297700326],
            [10.326709963952496, 59.788886791147512],
            [10.326687021778707, 59.788902793669962],
            [10.326645867579932, 59.788926512445691],
            [10.326584140922963, 59.788956963973355],
            [10.326535951114959, 59.78899905049748],
            [10.326474073696668, 59.789030575932415],
            [10.326414528755317, 59.789086199316479],
            [10.326375172087825, 59.789132737734775],
            [10.326338200659576, 59.789163531023291],
            [10.326290492646127, 59.789189444794459],
            [10.326215183907049, 59.789228946518087],
            [10.326166535846333, 59.789287026554895],
            [10.326143402068327, 59.789310757314603],
            [10.326122955767909, 59.789325499479652],
            [10.326109359953067, 59.789333380059993],
            [10.326102496904248, 59.789340331138114],
            [10.32610364811414, 59.78938813214863],
            [10.326107805311516, 59.789403030931709],
            [10.326107309289251, 59.789426938246265],
            [10.326091523826751, 59.789454258595001],
            [10.326077278483616, 59.789476956725068],
            [10.326056211516125, 59.789508855994256],
            [10.326028304562771, 59.789546268061294],
            [10.326012339489235, 59.789572322797355],
            [10.325977583766068, 59.789617855705217],
            [10.325940476250802, 59.78965979705454],
            [10.325921797454381, 59.789686114913657],
            [10.325900854635108, 59.789724764350936],
            [10.325888922073059, 59.789758967660561],
            [10.325883731060191, 59.789789633427773],
            [10.325864850378599, 59.78982502838943],
            [10.325832563660327, 59.789868220722362],
            [10.325791115941254, 59.789916933123763],
            [10.325742880320135, 59.789955509980565],
            [10.325701480854136, 59.78998605548005],
            [10.32568027983698, 59.790030362140307],
            [10.325671178613653, 59.790041820611165],
            [10.325650026044917, 59.79006796039549],
            [10.325599715193349, 59.790109881155161],
            [10.325565308823013, 59.790144003589006],
            [10.32551021989169, 59.790188182623481],
            [10.325463834115123, 59.790242835231915],
            [10.325424487241337, 59.790289283830774],
            [10.325387487376958, 59.790327900978106],
            [10.325373281055537, 59.790377043850519],
            [10.325356475855301, 59.790426903651273],
            [10.325329000041364, 59.790448500891067],
            [10.325287762690161, 59.790477882789972],
            [10.325246419914375, 59.7905131072553],
            [10.325214058779478, 59.790541546071253],
            [10.325174834778469, 59.790585840341421],
            [10.325117343399119, 59.790635690058714],
            [10.325080196645661, 59.790686804062965],
            [10.325061166534034, 59.790733436565489],
            [10.325005735944268, 59.790813130974925],
            [10.324979528960922, 59.790877856329772],
            [10.324974446062383, 59.790905198021001],
            [10.3249491022863, 59.790928130347439],
            [10.324912384116946, 59.790960911089037],
            [10.32489645824093, 59.790980311293815],
            [10.324877508010506, 59.791021280177546],
            [10.324835879830941, 59.791069985912756],
            [10.324798907237025, 59.791110942434031],
            [10.324777782708187, 59.791148326057865],
            [10.324767620799307, 59.791214432409944],
            [10.32475734719689, 59.791273699069407],
            [10.324765506868873, 59.791336410583348],
            [10.324773699305672, 59.791378526177517],
            [10.324754156239569, 59.791438991696879],
            [10.324749062945697, 59.791476586585674],
            [10.324744039883621, 59.791518771100094],
            [10.324750183705397, 59.79155640648564],
            [10.324744927235942, 59.791595164829062],
            [10.324730671762046, 59.791629375274255],
            [10.324700310470192, 59.791681720289155],
            [10.324688388437474, 59.79171583396306],
            [10.324687971648641, 59.791734077669219],
            [10.324687575446703, 59.791766173424357],
            [10.324648506238324, 59.791796621782495],
            [10.324607378187988, 59.791832843126869],
            [10.3245928746655, 59.791862457602257],
            [10.324585460112198, 59.791900059746865],
            [10.324600726491667, 59.791940088802292],
            [10.324597949657532, 59.791966253422864],
            [10.324601801211397, 59.792006235640507],
            [10.324605404975181, 59.792041621906883],
            [10.324590976350917, 59.792096153432681],
            [10.324592509285491, 59.792146306629917],
            [10.324600544623458, 59.792202267953755],
            [10.324595422163899, 59.792237523269144],
            [10.324567471641508, 59.792273944180657],
            [10.324539915217571, 59.792302464087889],
            [10.324516949586521, 59.792313518573238],
            [10.324461778884844, 59.79236587923608],
            [10.322567898843898, 59.793682725652225],
            [10.323121521125781, 59.793896371752489],
            [10.323279433950331, 59.793939864574895],
            [10.326668611385774, 59.794838497851856],
            [10.32802646694722, 59.795784559915788],
            [10.331349285292786, 59.797064850066938],
            [10.337759495590104, 59.795185858791328],
            [10.339542664351674, 59.794533328135863],
            [10.342387701369683, 59.794109046361527],
            [10.342601699635415, 59.794017643554149],
            [10.34261104651403, 59.794013829961237],
            [10.356307347176561, 59.803938246457562],
            [10.353590553727015, 59.821152119524577],
            [10.350667266541016, 59.832268633088297],
            [10.348293856899121, 59.83958754648171],
            [10.342544196367889, 59.842993767306268],
            [10.336675328636417, 59.848068015036276],
            [10.331695714507607, 59.85493417535988],
            [10.332479510090629, 59.860810995591066],
            [10.330438904509579, 59.870053359575991],
            [10.330981285093603, 59.875497795866302],
            [10.352033040067731, 59.877613249090665],
            [10.352664497307844, 59.886227672169213],
            [10.356036538827924, 59.887530511642112],
            [10.362565406752115, 59.893779736916485],
            [10.362675055413732, 59.903268477856571],
            [10.362887232447166, 59.905935591956819],
            [10.377291961534727, 59.911197284938133],
            [10.37586970077253, 59.922460290065885],
            [10.350105296605372, 59.947833046645165],
            [10.349630768188048, 59.957410231608769],
            [10.358110925749642, 59.967988010325485],
            [10.383695316187652, 59.979557016116559],
            [10.414040673343434, 59.982538566570035],
            [10.421510652332628, 59.993453833674891],
            [10.412475151411503, 60.003141716613953],
            [10.434767974401778, 60.013475690262879],
            [10.435705397861188, 60.030130374758151],
            [10.477741253948414, 60.032181276057969],
            [10.489163222503917, 60.017258366745608],
            [10.580765645648603, 60.076237997064879],
            [10.597305156314581, 60.077279713012253],
            [10.572782398994192, 60.116784438547903],
            [10.600807470283259, 60.131618116879366],
            [10.619056962720625, 60.135182481593517],
            [10.680318968598646, 60.133526972005178],
            [10.676792974947753, 60.147492823526363],
            [10.690067907022259, 60.147756993830725],
            [10.711141522275252, 60.153069819238368],
            [10.721436646983774, 60.152602005427511],
            [10.721891778902444, 60.157259152391681],
            [10.736913948010148, 60.151056538284834],
            [10.768815505644193, 60.150838239303312],
            [10.767879516768986, 60.161344289836784],
            [10.777310549514716, 60.173138178666896],
            [10.777506590114221, 60.186976945291278],
            [10.774309571908038, 60.188016374026084],
            [10.772025062335494, 60.214187681380238],
            [10.782217488817727, 60.229582583098107],
            [10.86473890507042, 60.313922848141544],
            [10.872313727259671, 60.32083157021146],
            [10.882833827277574, 60.318721366854867],
            [10.933896884938292, 60.346687677472211],
            [10.902180683420205, 60.378704456906945],
            [10.90310710966312, 60.396291661666822],
            [10.819522514658702, 60.427370937913238],
            [10.808968643877236, 60.424156509484561],
            [10.720284628524684, 60.43434361875272],
            [10.687290464374055, 60.430805176054015],
            [10.671977219435574, 60.433856363292584],
            [10.689511406637138, 60.447408480722878],
            [10.710195010728174, 60.453972573664203],
            [10.692412517903142, 60.492025487800674],
            [10.711301708851259, 60.497156533234666],
            [10.711816661253058, 60.516043081346837],
            [10.713307641552273, 60.524163932268962],
            [10.760321057265877, 60.493959259545193],
            [10.834215632539562, 60.478495126245726],
            [10.864397742117836, 60.479643140634003],
            [10.923793326074524, 60.471193962201056],
            [10.926213920685019, 60.475868561860914],
            [10.93906970835784, 60.475394712227725],
            [10.95258637646033, 60.480747810030884],
            [10.952376335290575, 60.486615418010174],
            [10.944565690212249, 60.487428900564652],
            [10.980713217250559, 60.500109843227897],
            [10.987108121730424, 60.497555163607061],
            [11.072090956975767, 60.518298657551895],
            [11.092588036976558, 60.51676990329446],
            [11.099550686945133, 60.521981476413323],
            [11.104135447684364, 60.558895196212447],
            [11.112990160708677, 60.561355976985027],
            [11.107855645998461, 60.569658968149888],
            [11.131959639866229, 60.596375575722661],
            [11.154994297262949, 60.607099514470775],
            [11.214670828602184, 60.563813030027219],
            [11.219063551989853, 60.542256350236869]
          ]
        ]
      }
    },
    {
      "type": "Feature",
      "properties": {
        "navn": "AMK Telemark-Vestfold",
        "lokalisering": "Tønsberg"
      },
      "geometry": {
        "type": "Polygon",
        "coordinates": [
          [
            [7.539953718987294, 59.39881911394756],
            [7.581889465322911, 59.433115528715518],
            [7.566062243866154, 59.438353876557201],
            [7.625626453107738, 59.461783193560699],
            [7.594645799043055, 59.478811473977295],
            [7.584655525229626, 59.500911501075912],
            [7.536195296962684, 59.524321925257489],
            [7.51454530792941, 59.561483612055035],
            [7.551550489705026, 59.58662366646714],
            [7.533566844576434, 59.594235729327913],
            [7.537880746138158, 59.601615516538637],
            [7.50611077700679, 59.607799973791359],
            [7.474669348845564, 59.631706691513727],
            [7.483730850171984, 59.636694021754231],
            [7.464448365540488, 59.645270577124322],
            [7.453474335175207, 59.647288332611637],
            [7.451248360849619, 59.641521170369735],
            [7.446533586252324, 59.644473816884712],
            [7.449878905013168, 59.649346974466312],
            [7.439932881124112, 59.65648197703711],
            [7.401575095819649, 59.659475068000148],
            [7.407426972288775, 59.649887992646562],
            [7.396403661699952, 59.647076403612218],
            [7.392614649762408, 59.632857800355943],
            [7.372027594329579, 59.634236733043238],
            [7.337271839778293, 59.64787493095919],
            [7.325131653907401, 59.644175482462245],
            [7.3007187153566, 59.658105791467108],
            [7.28564204091784, 59.655546050405277],
            [7.212825087205328, 59.673473976962953],
            [7.11102720603695, 59.700318710322044],
            [7.1162357612, 59.716557127065613],
            [7.1104418433329, 59.763323700983342],
            [7.09633090426705, 59.782866247377427],
            [7.145459831525601, 59.811782701858043],
            [7.142004025339846, 59.822471850114574],
            [7.158123475163659, 59.828467347347171],
            [7.155992695086379, 59.845050471719198],
            [7.144185772423233, 59.847198222542339],
            [7.141339372108225, 59.853631468586912],
            [7.158099189658049, 59.867221909014532],
            [7.146815186548175, 59.880980454839175],
            [7.232905171742825, 59.962714087548477],
            [7.268351756297895, 59.984256505873105],
            [7.287956249965789, 59.988639247683807],
            [7.320429320498275, 59.985960796608303],
            [7.376474543787504, 60.000014961442353],
            [7.436422352452329, 60.019228318712237],
            [7.442647030323886, 60.057321465942124],
            [7.488040528304483, 60.098838472494464],
            [7.64599382351185, 60.126853175861903],
            [7.764657857597188, 60.115933967199112],
            [7.812836148790095, 60.102651147970064],
            [7.853358103612328, 60.115646958382378],
            [7.920948178799133, 60.137144025539541],
            [8.057662955397975, 60.163584895218214],
            [8.104118444655347, 60.183784453265083],
            [8.15111326686138, 60.185069331762733],
            [8.170375755782857, 60.173748853980669],
            [8.18674715685763, 60.173306563890151],
            [8.166878078017056, 60.186351113880725],
            [8.208783983284798, 60.188269859655925],
            [8.284265740182114, 60.175100667151192],
            [8.384277178523279, 60.181171547043469],
            [8.486104411089881, 60.168793752679214],
            [8.565211847932623, 60.177241222441666],
            [8.659872574380973, 60.172007193432577],
            [8.722861708627205, 60.183104406798549],
            [8.809326915835227, 60.152753550673687],
            [8.832763992798643, 60.149417289098245],
            [8.957867727875486, 60.098059502767761],
            [8.970681051234697, 60.078511733439989],
            [8.998721831883197, 60.00181427725888],
            [9.002417108805396, 59.996815219185216],
            [8.987485099302857, 59.990564984957722],
            [8.992792059059195, 59.980770678418068],
            [9.019226716742178, 59.984019089776737],
            [9.054388096169189, 59.969418231135066],
            [9.058586049947518, 59.961979651642629],
            [9.104271023660575, 59.958929001029354],
            [9.112120976719906, 59.950457877742359],
            [9.139298504804534, 59.939287715021862],
            [9.17951592743616, 59.929055116958416],
            [9.192596444885892, 59.916810262832648],
            [9.174303011122449, 59.900015756033],
            [9.188558306079043, 59.89690414364069],
            [9.184994781097839, 59.879399493298195],
            [9.178797699674774, 59.865624320106576],
            [9.186085366943111, 59.826987980125281],
            [9.235703258909044, 59.811874145461715],
            [9.253408491639748, 59.813819375218934],
            [9.263792705143377, 59.8066368976273],
            [9.31295662307687, 59.798321484362624],
            [9.367750621968851, 59.781338466694109],
            [9.344092107539018, 59.757297926358547],
            [9.338955866353109, 59.719505981837067],
            [9.354781884850409, 59.718249720001793],
            [9.333286783906088, 59.692776672002658],
            [9.405267542101349, 59.684547920110553],
            [9.405563214745037, 59.658827702923588],
            [9.423004185398405, 59.641001142973003],
            [9.470752896713128, 59.559301786565847],
            [9.515262872784527, 59.538121028571695],
            [9.507555813688802, 59.522755325073426],
            [9.491613984360553, 59.516072530002724],
            [9.483687842325505, 59.502341139507251],
            [9.46858744164158, 59.49434409122405],
            [9.471733511033156, 59.48221323902127],
            [9.552024948455243, 59.487252936023182],
            [9.584592220393185, 59.466416242249785],
            [9.578879466199485, 59.46219371876284],
            [9.586828443260776, 59.45063333324584],
            [9.621368383030637, 59.438433995327038],
            [9.624614479127482, 59.42489962365002],
            [9.660120058000155, 59.407870944860719],
            [9.778082299596342, 59.412002080024521],
            [9.758495767304215, 59.458277475322014],
            [9.775122936348362, 59.457031154592379],
            [9.81502857978794, 59.468072858456416],
            [9.832090451434958, 59.467715649098672],
            [9.852942211584606, 59.45832951836281],
            [9.92055098014521, 59.455530503302917],
            [9.936877187830465, 59.459280871129913],
            [9.944806916426247, 59.468289535889348],
            [9.998314186897012, 59.466999730182259],
            [10.001313207349185, 59.460548848543318],
            [10.011842913248238, 59.458480928021075],
            [10.059963536156269, 59.473030299288908],
            [10.024980068661408, 59.512336336391137],
            [9.988841801891203, 59.530626723039163],
            [9.943173135182368, 59.567586711160949],
            [9.915433084672417, 59.582538976910179],
            [9.941833567112907, 59.58691818043345],
            [9.932926419992098, 59.60387247397481],
            [9.977900730790608, 59.617319622254207],
            [9.974631896343539, 59.632578796344859],
            [9.999802822475568, 59.656499338305125],
            [9.998162073620794, 59.66382325764566],
            [10.005285660076582, 59.664184463574202],
            [10.037501972881337, 59.640441784204185],
            [10.075054617953048, 59.613526859546624],
            [10.117536574998734, 59.594617311088903],
            [10.141698927526905, 59.575118443850471],
            [10.170835874561066, 59.569805872611283],
            [10.196236841911263, 59.546298049452808],
            [10.238016140155423, 59.534562425813967],
            [10.284667703635419, 59.541126347415755],
            [10.321003753566677, 59.503750838208646],
            [10.346206042323033, 59.49334502500227],
            [10.352415652737534, 59.50729159075987],
            [10.393686218671967, 59.514688929450088],
            [10.45580858600729, 59.47988296977281],
            [10.543054437173369, 59.457326408542059],
            [10.536673331574487, 59.432775281900675],
            [10.544027001977831, 59.412300225264609],
            [10.584157059504349, 59.393064111706181],
            [10.595268708257818, 59.374140154688128],
            [10.594426044375799, 59.356186923203254],
            [10.578238086538899, 59.34093513099269],
            [10.590788029149936, 59.29722032869342],
            [10.59032477628411, 59.268484274083853],
            [10.605003920659517, 59.252316467032983],
            [10.655041962930291, 59.191958576982266],
            [10.650964283118379, 59.13281779575069],
            [10.62270235087005, 59.111706519465791],
            [10.675004083515915, 59.045291011272596],
            [10.630769997904101, 58.959537023163598],
            [10.369828854995232, 58.970799961238292],
            [10.292705552619827, 58.974026327316963],
            [10.230956692852333, 58.976575925320468],
            [9.935805915116678, 58.935350074024313],
            [9.795181067198312, 58.898219954672172],
            [9.55033166715571, 58.833019091472771],
            [9.404593454860432, 58.748632938203052],
            [9.366104101755816, 58.771429325410793],
            [9.328834012824304, 58.785217045116205],
            [9.304978934641229, 58.772035262897411],
            [9.274616844834597, 58.795701761046729],
            [9.230926849530181, 58.796028698021857],
            [9.196340607024295, 58.803445717293606],
            [9.207894279728546, 58.813137110635878],
            [9.192026187454301, 58.814481714796102],
            [9.191145455928105, 58.829881416481378],
            [9.182806732769205, 58.862444500177617],
            [9.160523159110877, 58.884960197113266],
            [9.072840847076245, 58.911317304238189],
            [9.034667644176588, 58.932609044615013],
            [8.994877198222952, 58.993226237533534],
            [8.939674342164851, 58.986100376060143],
            [8.834162006605434, 58.98806698326154],
            [8.78889868936165, 59.001593674506196],
            [8.736443358138537, 59.024400132071655],
            [8.723608217405946, 59.024481547941662],
            [8.671837090320716, 59.057218233408463],
            [8.674867965998008, 59.068529950855016],
            [8.659922143147725, 59.091076617874549],
            [8.662286725259566, 59.099030732082745],
            [8.722795542964237, 59.107867758440669],
            [8.737162968801361, 59.117292702909381],
            [8.696827225388201, 59.14488698120087],
            [8.701573323494319, 59.153165022522558],
            [8.689771020089443, 59.167673479917923],
            [8.692218048462093, 59.178882021662901],
            [8.648879132756308, 59.214504094913444],
            [8.592080367990857, 59.24278931622505],
            [8.51677362995548, 59.24980605307104],
            [8.487585307319412, 59.267271672839193],
            [8.445050800884411, 59.263204900474491],
            [8.387416168868922, 59.267049653756288],
            [8.352876626843765, 59.261000149537225],
            [8.284691230826057, 59.284110762650783],
            [8.259608096189346, 59.300621605924455],
            [8.141205537261632, 59.352864986703707],
            [8.131841104027917, 59.351712595402454],
            [8.130580792096602, 59.340793250713638],
            [8.120199901909098, 59.339082871977659],
            [8.095972587635186, 59.343442879868348],
            [8.08383278672944, 59.355034611489799],
            [8.059100527523801, 59.356432262714868],
            [8.001767478627855, 59.343047649360898],
            [7.997533240356467, 59.334999085962664],
            [7.981575076552644, 59.338764482096799],
            [7.983897454672832, 59.345463941277281],
            [7.974447188539868, 59.34357513166227],
            [7.969295209484447, 59.35034605225681],
            [7.88509436333281, 59.350569840772238],
            [7.856357117345706, 59.36012199958455],
            [7.814873373113956, 59.360398683441325],
            [7.796044948332376, 59.349202973725056],
            [7.78295509025214, 59.346033286549336],
            [7.780699407405326, 59.339088209204256],
            [7.755518975238188, 59.326639747875952],
            [7.696161248799185, 59.326749158820647],
            [7.673334318659302, 59.33258736608785],
            [7.643246243037408, 59.333735731686488],
            [7.614331362569729, 59.328396693657915],
            [7.610591719206817, 59.334632371192534],
            [7.612471812602122, 59.348473259596126],
            [7.595387040097108, 59.376729587319069],
            [7.539953718987294, 59.39881911394756]
          ]
        ]
      }
    },
    {
      "type": "Feature",
      "properties": { "navn": "AMK Bergen", "lokalisering": "Bergen" },
      "geometry": {
        "type": "Polygon",
        "coordinates": [
          [
            [4.658733379752398, 60.740575395414126],
            [4.589782939575969, 60.866745781475323],
            [4.579500588181874, 60.88546456285475],
            [4.610651813997159, 60.88722032662222],
            [4.66683763535349, 60.923212672867493],
            [4.786482514418616, 61.003168083470911],
            [4.933542618675374, 61.031781265273466],
            [4.991231428894772, 61.069467532828511],
            [5.102387435910957, 61.093399222985823],
            [5.155672133141175, 61.117848117831478],
            [5.230656750348322, 61.087334599642041],
            [5.311154190225756, 61.086233045690761],
            [5.373859651723604, 61.052431838833918],
            [5.4184244025039, 61.046882087477165],
            [5.499055915439384, 61.078745206039024],
            [5.581339462476119, 61.09334520906053],
            [5.60208665587207, 61.082508736312029],
            [5.605914997782496, 61.080327519990007],
            [5.603330276603341, 61.076158181374275],
            [5.589833931210875, 61.064944447362826],
            [5.584988309578133, 61.063069934586508],
            [5.58223465671304, 61.062033318506437],
            [5.589236482876262, 61.057835933284913],
            [5.599551798240356, 61.057826489712674],
            [5.604818789125122, 61.056320804355835],
            [5.607203558961211, 61.053864775683934],
            [5.605825867963388, 61.04953866593263],
            [5.604143252608752, 61.048621149672385],
            [5.600004150103602, 61.047410825447088],
            [5.592057338313233, 61.044159182468803],
            [5.584716615328259, 61.032896754054413],
            [5.585144104744876, 61.028905289379949],
            [5.597608329910489, 61.021597974864576],
            [5.592003359008176, 61.012199862617031],
            [5.594432347576481, 60.994582147900715],
            [5.616304550330683, 60.997737146780672],
            [5.623654173826738, 60.995377225872524],
            [5.623955096448308, 60.994991411369355],
            [5.624323424934773, 60.993814661193099],
            [5.624829666506818, 60.991987290309979],
            [5.624774126179778, 60.991359362765074],
            [5.620774226996294, 60.98327493943151],
            [5.619907628184827, 60.977363688840938],
            [5.649315039250482, 60.979731944491768],
            [5.668636898341841, 60.963477785915373],
            [5.706450383440003, 60.956447394890148],
            [5.728339079870731, 60.971774663090926],
            [5.799321698403588, 60.985504358572918],
            [5.865171711278454, 60.95182855902268],
            [5.886002540792012, 60.951586234562143],
            [5.900676094826744, 60.980922578041529],
            [5.928652281622657, 61.011999449477919],
            [5.941771615058419, 61.009046960590901],
            [5.992597270451842, 61.023196465157241],
            [6.017253783931155, 61.035237544618006],
            [6.049011831596875, 61.027658183841822],
            [6.075915488052893, 60.999543331240723],
            [6.149325507054112, 60.983754400201789],
            [6.13602787864572, 60.938428038287654],
            [6.15659298693913, 60.922126438969379],
            [6.210353619975176, 60.9137392948982],
            [6.304279068078611, 60.880734932312237],
            [6.387145375094319, 60.929496109250408],
            [6.43944849630059, 60.922893604881047],
            [6.479070603981552, 60.947271128789012],
            [6.500414699101542, 60.944538091660526],
            [6.513461537950862, 60.922329300340742],
            [6.49958162130221, 60.909617192272805],
            [6.522476567899616, 60.903684324761976],
            [6.541821617302804, 60.891635611756215],
            [6.572221392420526, 60.895172851600549],
            [6.600613401402379, 60.91652745859097],
            [6.639731503528244, 60.920026424246522],
            [6.657083331803051, 60.926328842026344],
            [6.667220579958984, 60.933560861913648],
            [6.657032981840724, 60.959551925090985],
            [6.693518963847393, 60.955889637996286],
            [6.719836801287307, 60.929316691452698],
            [6.750197087854327, 60.934117612356715],
            [6.74553941284274, 60.923083431679238],
            [6.752257307090489, 60.909428631742948],
            [6.771186938413521, 60.911451424845517],
            [6.800684140529841, 60.923129989428205],
            [6.808405894561274, 60.919802797973738],
            [6.805155242932475, 60.913799274907703],
            [6.822582213835057, 60.911787817202239],
            [6.826848708310725, 60.898111457465312],
            [6.795824172813635, 60.882363346078442],
            [6.754828282334958, 60.876111708991012],
            [6.743752503883811, 60.864079897839396],
            [6.72104909031026, 60.850349718598949],
            [6.721728716519618, 60.843259930969239],
            [6.745096257336998, 60.834230895663453],
            [6.754001039037394, 60.836790694670185],
            [6.78421622306067, 60.831160922285733],
            [6.830540002548819, 60.83734373570335],
            [6.863934567037892, 60.856234830485917],
            [6.948776672238532, 60.841176374794081],
            [6.934762023632229, 60.826864888522735],
            [6.880060161936781, 60.82592274248033],
            [6.894738432395194, 60.815035973199677],
            [6.871955770235313, 60.768321356390949],
            [6.921928332378104, 60.774797060195681],
            [6.98539952887315, 60.768906728970343],
            [6.97670379831043, 60.763131395545855],
            [6.985861686874598, 60.740840551301602],
            [6.986401290574803, 60.719182966743475],
            [6.99512500171268, 60.716171098147591],
            [7.008828749468739, 60.71896380556786],
            [7.025471034121876, 60.710512717042747],
            [7.095301766622064, 60.708502912676813],
            [7.131204820146268, 60.692717862735705],
            [7.16710729024277, 60.691974269068268],
            [7.183148125556548, 60.701409193398987],
            [7.226425968114758, 60.701321242734942],
            [7.333974071831324, 60.685948241250323],
            [7.469641445805278, 60.675548216463305],
            [7.438844281612047, 60.660039909057254],
            [7.54631525676768, 60.657404841542949],
            [7.635846101707504, 60.632907972377602],
            [7.621710069985474, 60.59614573673656],
            [7.639573072426993, 60.559588082243458],
            [7.673175633066034, 60.537387924452403],
            [7.732111296081082, 60.520970123806308],
            [7.692260360436578, 60.413722499063688],
            [7.673703543914165, 60.294335770162242],
            [7.609745207742685, 60.244095652613005],
            [7.583078006671971, 60.175703175690003],
            [7.488040528304483, 60.098838472494464],
            [7.483113965622317, 60.100363192795378],
            [7.474204659913329, 60.102847074525343],
            [7.461454778551479, 60.106597385357396],
            [7.458374677682622, 60.108249559938912],
            [7.454713907615499, 60.110336100414379],
            [7.451057850123068, 60.112331738004123],
            [7.448136683058449, 60.113644342490531],
            [7.445090532171839, 60.114129726151106],
            [7.441210731382444, 60.114721578169785],
            [7.370750118032895, 60.124111709177576],
            [7.368801210804322, 60.124195648918658],
            [7.355646895787124, 60.12448181607224],
            [7.351363514791501, 60.124491434142669],
            [7.345371638408363, 60.12446210264951],
            [7.338492849216777, 60.124492999942539],
            [7.329176303949762, 60.12470785384815],
            [7.326809850337269, 60.124883924903607],
            [7.316687288142957, 60.125716877280752],
            [7.239363348374031, 60.132300365597096],
            [7.223027104610072, 60.133761619414713],
            [7.224770725010133, 60.137152674617617],
            [7.228839564390856, 60.144535896064369],
            [7.230799720806312, 60.147948448390316],
            [7.233003856913483, 60.151498846237011],
            [7.235112788380004, 60.155173210350213],
            [7.237015542459836, 60.158674073951431],
            [7.237368928392108, 60.159486956277668],
            [7.23654719385738, 60.162035618001177],
            [7.226853739095105, 60.186075445479567],
            [7.22196421537293, 60.193455164587938],
            [7.220338907203026, 60.193478231823811],
            [7.218658895341076, 60.19353620983329],
            [7.2172114849508, 60.193607270246261],
            [7.212159080706526, 60.194652213291995],
            [7.195061039050226, 60.198210358087969],
            [7.183526671619112, 60.200628620852299],
            [7.170120907877143, 60.211626871724903],
            [7.167849566851177, 60.213499613842473],
            [7.162267941116058, 60.219061915001063],
            [7.163361595544918, 60.220182041225179],
            [7.170475892380344, 60.226298031852899],
            [7.177957032169009, 60.232705134576726],
            [7.180298456601364, 60.234767783211616],
            [7.179905470579733, 60.23567743419833],
            [7.179278036840324, 60.236864049746991],
            [7.177459799560948, 60.238383964053334],
            [7.176219645627724, 60.238600109992007],
            [7.173671171904483, 60.239930155483471],
            [7.1673222257167, 60.243956427466387],
            [7.165106948325186, 60.250948583646618],
            [7.165366780800695, 60.258567957068507],
            [7.1654484186501, 60.259377749340281],
            [7.165640464393479, 60.259820493484717],
            [7.168354070249447, 60.259462971596534],
            [7.17553635918264, 60.258349676791887],
            [7.190910002764615, 60.256188632737292],
            [7.195188681207923, 60.255961707345463],
            [7.19798973496173, 60.255954662944255],
            [7.20089504516601, 60.256030043429668],
            [7.203903433528564, 60.256214114452895],
            [7.206961925339232, 60.256480283389372],
            [7.208303674785657, 60.256722618145481],
            [7.209765526450079, 60.257101306643094],
            [7.212371987603926, 60.25766642780394],
            [7.215967528117498, 60.257382905200117],
            [7.218396653890324, 60.256912787119099],
            [7.225724608066053, 60.255430054722765],
            [7.232504928068784, 60.254002035416036],
            [7.238602371221861, 60.252538582095568],
            [7.241873295019484, 60.251845035229771],
            [7.246128490628376, 60.251003658015506],
            [7.24568272956173, 60.255641302313727],
            [7.245152822668953, 60.259459940498765],
            [7.243781457306139, 60.268180320530469],
            [7.243139098438866, 60.268702161195691],
            [7.235468815114471, 60.272129568822116],
            [7.234758999049681, 60.272237122186475],
            [7.217458106709985, 60.274502790820172],
            [7.212204021894049, 60.274342268287555],
            [7.208649606158894, 60.274204358617894],
            [7.207510123400732, 60.274225065478781],
            [7.20531252322605, 60.274384114088555],
            [7.185945839097212, 60.276014415221596],
            [7.143626965548836, 60.290724456440387],
            [7.136722015274392, 60.293151454329227],
            [7.135498229763301, 60.294643334240675],
            [7.130638220992896, 60.300834924782791],
            [7.12809538228075, 60.304157956717248],
            [7.125694816849758, 60.307527969518759],
            [7.120157020988628, 60.314742520861415],
            [7.105623997872464, 60.32349748289051],
            [7.114219032440467, 60.327308957192848],
            [7.114646396980081, 60.327468897537955],
            [7.118867169497655, 60.332130954660087],
            [7.122461195566076, 60.342048770831411],
            [7.120243629978793, 60.347173729347453],
            [7.11936887813042, 60.349001998372721],
            [7.116209021082843, 60.353092706088624],
            [7.09520482673077, 60.354209968337408],
            [7.078781586387097, 60.346547028542382],
            [7.075400702088397, 60.346398981962807],
            [7.072364059031668, 60.346597229730314],
            [7.064496051787489, 60.347246903163409],
            [7.01261228519942, 60.34804422928044],
            [6.984001862023434, 60.348206816294933],
            [6.982398680044382, 60.348334731914001],
            [6.981642973500126, 60.351179888730215],
            [6.980506779025656, 60.362497300156555],
            [6.980456423207658, 60.364490230058713],
            [6.98076062067581, 60.367791252451255],
            [6.982369895484442, 60.368165974897266],
            [6.996133069538598, 60.370547575271083],
            [7.013220877701272, 60.373480050756164],
            [7.021436494354511, 60.382180112233257],
            [7.021745220715156, 60.382759562879855],
            [7.021789074851759, 60.383244981420809],
            [7.021789821011748, 60.384439507491244],
            [7.021699729958438, 60.385012860880167],
            [7.020658219463382, 60.386030282660677],
            [7.01994185691693, 60.386468852903498],
            [7.018873501083068, 60.388527621457342],
            [7.023235928028477, 60.393514236270327],
            [7.030367832399421, 60.401639991882668],
            [7.035608196869409, 60.407456315836257],
            [7.037505211786521, 60.409415164972813],
            [7.035675404644938, 60.410241908776243],
            [7.016918214164883, 60.416205825596464],
            [7.01317330223642, 60.417275937713605],
            [6.998480119281592, 60.416558672373597],
            [6.990788733836195, 60.416093229648467],
            [6.969203812756958, 60.415055801914676],
            [6.956556555860421, 60.414584528591668],
            [6.953164390259785, 60.414523176334356],
            [6.945834443943418, 60.414409873402874],
            [6.937631278002216, 60.414300908064504],
            [6.926613571966762, 60.414193133998111],
            [6.91481989705828, 60.414879884558644],
            [6.911812645282406, 60.417303033583991],
            [6.908947579112381, 60.419763706272086],
            [6.899048123229069, 60.428760241193842],
            [6.896155250716721, 60.431642670110364],
            [6.895816481034775, 60.432095400671024],
            [6.894775576294586, 60.433857502046642],
            [6.891610706269821, 60.439511427732157],
            [6.888494700557399, 60.445236644269784],
            [6.887631373198238, 60.446498764349627],
            [6.882479400086912, 60.447441025359019],
            [6.870619848032512, 60.446398245531249],
            [6.869562717472125, 60.44617494337507],
            [6.867540250859085, 60.445406498061182],
            [6.844942407378508, 60.453359873510863],
            [6.850461280619194, 60.473972754448702],
            [6.852586186544121, 60.481564149455387],
            [6.838920703381858, 60.481277161847068],
            [6.803561969175504, 60.468483779656985],
            [6.788484089651443, 60.48779528287978],
            [6.751078096749082, 60.485329101283419],
            [6.725930831691022, 60.480008339691643],
            [6.707920836910956, 60.4679035481687],
            [6.691161140583201, 60.464549097759594],
            [6.670391811212989, 60.462364111820584],
            [6.65987253111749, 60.466911424733617],
            [6.65150274533366, 60.464050872405785],
            [6.645988321000359, 60.468591308951289],
            [6.637789186607994, 60.466476435046488],
            [6.633478149207132, 60.4716994156176],
            [6.621507536141301, 60.469183862294521],
            [6.60588350651382, 60.445123738045879],
            [6.551335291401846, 60.445418773501807],
            [6.511428721743045, 60.431497197019269],
            [6.432423241043691, 60.396979653137457],
            [6.383186608435521, 60.390630595576262],
            [6.316536971614147, 60.375558016219792],
            [6.315122227040959, 60.353069946567125],
            [6.199917054790578, 60.298854179234127],
            [6.217253278846606, 60.282328148650741],
            [6.165456145986562, 60.230649574367405],
            [6.10669306791514, 60.235310412743871],
            [6.062161177957627, 60.226155159887064],
            [6.026615029537068, 60.193825032534548],
            [5.979508006565156, 60.176226555590944],
            [5.94932090971002, 60.151411651527354],
            [5.918639650270008, 60.143503386187625],
            [5.922345520069205, 60.117575604188858],
            [5.904171920864446, 60.115114405381803],
            [5.872463870152478, 60.099791987393417],
            [5.824513439945041, 60.065383872244176],
            [5.831895900296942, 60.057126284961974],
            [5.823559036335594, 60.060669878979333],
            [5.802511369598789, 60.040309457268009],
            [5.784632716840419, 60.034628108993687],
            [5.770240348030582, 60.039310218941978],
            [5.759267603847119, 60.033603462907003],
            [5.752799653456642, 60.042957799114753],
            [5.734264026191211, 60.047733452741795],
            [5.736571609736937, 60.051308529127397],
            [5.707609006665399, 60.038698763808945],
            [5.704451425840931, 60.091394172024096],
            [5.652846018538619, 60.114092369499602],
            [5.575027937256545, 60.110931666746808],
            [5.519589599960577, 60.124403294766395],
            [5.485325466031555, 60.111274088354143],
            [5.3318234175435, 60.107194282172095],
            [5.32212358992559, 60.031151949500483],
            [5.32766758765686, 59.999037621191711],
            [5.266749156662597, 59.972698276125023],
            [5.078462762502344, 59.938620325881061],
            [5.002570571441232, 59.932773108642202],
            [4.940596834617957, 60.139455790370647],
            [4.897828398433873, 60.28031731261153],
            [4.887793404100046, 60.313162046317295],
            [4.808287751872446, 60.462974319601891],
            [4.658733379752398, 60.740575395414126]
          ]
        ]
      }
    },
    {
      "type": "Feature",
      "properties": { "navn": "AMK Nord-Trøndelag", "lokalisering": "Namsos" },
      "geometry": {
        "type": "Polygon",
        "coordinates": [
          [
            [9.700151466057125, 64.395921095358332],
            [9.671091402569107, 64.41505662019668],
            [10.046246934381754, 64.595386957579478],
            [10.150264264079031, 64.644805653067479],
            [10.439513152526365, 64.78092107512839],
            [10.456817200045167, 64.831751139094848],
            [10.521582400225395, 64.914164557693724],
            [10.803900646946625, 65.187887081358255],
            [11.021169093488822, 65.394470490699135],
            [11.054585279493164, 65.429233964165135],
            [11.406864594626523, 65.340837347604349],
            [11.623279686503178, 65.293143910594054],
            [11.630996890555629, 65.280169950770983],
            [11.665956504159828, 65.269588387935656],
            [11.71240905323849, 65.277288402721183],
            [11.737477963078831, 65.293625482486661],
            [11.787017892510661, 65.289304819271223],
            [11.791622335639323, 65.219269819997436],
            [11.863734869108963, 65.203455308606792],
            [11.961451207064279, 65.20901384524079],
            [12.054033968281891, 65.183275563462644],
            [12.191956410281994, 65.224800553268565],
            [12.298262479175692, 65.275684542962566],
            [12.303525044877485, 65.295532525749962],
            [12.342424602434903, 65.288456060077053],
            [12.413067521626989, 65.303970522518355],
            [12.438869115667588, 65.303728986354045],
            [12.468664442092031, 65.299662569194652],
            [12.470249069678099, 65.291195964800067],
            [12.491309497032606, 65.287427227693499],
            [12.499382672893177, 65.278511752575525],
            [12.54546006050653, 65.286604700722663],
            [12.554607644925218, 65.294591017307141],
            [12.565468444202756, 65.294309080862732],
            [12.571317282570062, 65.279015820667709],
            [12.596807544349822, 65.261631325378801],
            [12.643950553088263, 65.25919860313914],
            [12.653041165411068, 65.253819665025432],
            [12.686862386399284, 65.255555189676315],
            [12.695877652077781, 65.248466955113784],
            [12.725334944480233, 65.234156909505117],
            [12.692239295001217, 65.219729179693488],
            [12.725101460166314, 65.203920236848731],
            [12.81533467382493, 65.253015744772043],
            [12.867952925384154, 65.25160485935632],
            [12.877194398310152, 65.236798815854797],
            [12.919070932792899, 65.232061002856497],
            [12.935843780020528, 65.216763264014418],
            [12.96164854576606, 65.224125755052015],
            [12.959772680905782, 65.227367561633883],
            [12.980439513322851, 65.227116983959448],
            [12.988602547483328, 65.231193756481503],
            [12.982526559719636, 65.255311781096395],
            [13.057885363192607, 65.244419098284681],
            [13.059389715647637, 65.232958492864299],
            [13.084956774452111, 65.227128951331153],
            [13.08716565685647, 65.206333448086113],
            [13.100201964060586, 65.205798719251064],
            [13.119694315349486, 65.190192920224192],
            [13.128198707274489, 65.15930638018682],
            [13.156714393247865, 65.148780920958473],
            [13.085386276843186, 65.109970265509446],
            [13.152535921249457, 65.115880889391846],
            [13.303989680105115, 65.102126316425114],
            [13.411243247039419, 65.099081258883501],
            [13.529783752456609, 65.116732707597691],
            [13.628914712912465, 65.105319891367344],
            [13.661072457044023, 65.108297302383264],
            [13.709696105015166, 65.112582535119614],
            [13.780519740328637, 65.110617653205381],
            [13.834087629582754, 65.118258649171707],
            [13.931616023685255, 65.118689025816877],
            [13.948847944806662, 65.126833076628486],
            [14.01220754311492, 65.129507025918315],
            [14.063854270622212, 65.12195947673078],
            [14.164295582575594, 65.139251723064845],
            [14.191511803475183, 65.131082708078878],
            [14.252453492322307, 65.131434555672158],
            [14.259547178983029, 65.123887455754982],
            [14.277764565977256, 65.123859657361038],
            [14.296660890581826, 65.115057154314343],
            [14.316646823821165, 65.121500904151645],
            [14.325985837453887, 65.118915149814129],
            [14.293428338378483, 65.095888857907099],
            [14.245724926648515, 65.06202303657841],
            [14.226989271713638, 65.048682027828747],
            [14.176846574654562, 65.012519795353668],
            [14.129888393968445, 64.978559143432804],
            [14.093703604741133, 64.951324500932273],
            [14.077299686293051, 64.938936205860855],
            [14.058115908276273, 64.923775355883279],
            [14.046426354436422, 64.914526246374948],
            [14.015226883559611, 64.889804869476976],
            [13.977565221582481, 64.85966235221251],
            [13.931266458474713, 64.822124380984931],
            [13.916473744450556, 64.810259659935426],
            [13.873381978720094, 64.775707591842192],
            [13.855278160269636, 64.760996462680424],
            [13.817322034880338, 64.730102312784524],
            [13.794662901736636, 64.711582755540562],
            [13.757358186571244, 64.681714041256669],
            [13.705473168169396, 64.639956830035146],
            [13.683118943666141, 64.61395025760001],
            [13.654259625547283, 64.580340974115046],
            [13.700466708483292, 64.565966375273348],
            [13.750860514620404, 64.550225198110169],
            [13.786990594379914, 64.539153577440558],
            [13.840811966900684, 64.52262263249969],
            [13.891176910396258, 64.507133121248103],
            [13.945838021119876, 64.499072760947755],
            [14.055147611810682, 64.482818081590494],
            [14.085233167843819, 64.478249421911912],
            [14.113871619032558, 64.462482763930282],
            [14.118577187899145, 64.435043098347364],
            [14.124868760769159, 64.398183334349341],
            [14.129231163952651, 64.372418424921435],
            [14.139342804431726, 64.314877537059189],
            [14.13937174812402, 64.314712042201833],
            [14.144706211473965, 64.284281637123115],
            [14.148320434572668, 64.258415258713626],
            [14.152992307765976, 64.224760463572338],
            [14.157110092041695, 64.195055435088037],
            [14.124698772380263, 64.16248463855959],
            [14.119934818987547, 64.157696897750668],
            [14.111760868872341, 64.149477860027062],
            [14.094967979593024, 64.132510271836935],
            [14.070630906203656, 64.10795992753043],
            [14.053428716043229, 64.090985499218434],
            [14.026571025603943, 64.06440546652054],
            [14.012246798585217, 64.050253607612873],
            [13.990207575009244, 64.029406629837837],
            [13.967526720542418, 64.007970392293799],
            [13.915929445712717, 64.015711346264411],
            [13.888561781982176, 64.019848375266093],
            [13.842487463132112, 64.026906458958194],
            [13.804351454950625, 64.032741560801085],
            [13.715399082677937, 64.046289909982548],
            [13.661301855277072, 64.052187731392081],
            [13.625658970685924, 64.056026878465502],
            [13.59973374875039, 64.058832253941318],
            [13.537683642272507, 64.065525691204769],
            [13.449439002757611, 64.07340041193261],
            [13.378463022473303, 64.079665379977769],
            [13.298483844227244, 64.087362318840405],
            [13.211109667100082, 64.095366825258068],
            [13.145124310571038, 64.086672572404055],
            [13.084909652475606, 64.078679206257064],
            [13.015610063205678, 64.069638817457488],
            [12.998254845037799, 64.067368715847394],
            [12.926718801855394, 64.057952197142328],
            [12.834246000346905, 64.026280472716948],
            [12.759047980227487, 64.000342502673988],
            [12.68356811761007, 63.974222248731266],
            [12.651626001058307, 63.949457934037],
            [12.609871226471418, 63.917394790027309],
            [12.577922533746264, 63.892881441498645],
            [12.538115498982309, 63.862303262648062],
            [12.498558939694371, 63.832582227399961],
            [12.480228719154686, 63.81876124850951],
            [12.440797822175201, 63.791256927510119],
            [12.421609290008444, 63.778022386702368],
            [12.402585904164773, 63.764860742361165],
            [12.38059791454924, 63.749700014669635],
            [12.347099238379963, 63.726518865304215],
            [12.330575454385169, 63.715069065561373],
            [12.311501865340761, 63.688585494484741],
            [12.299462032149561, 63.671979039179902],
            [12.259259843970966, 63.649122930579324],
            [12.227252005197789, 63.630878530602317],
            [12.197407091463841, 63.616676276997403],
            [12.173514925582543, 63.605287191994123],
            [12.149770693016862, 63.593944999883036],
            [12.158403784316574, 63.578056952437429],
            [12.182389831911976, 63.533920187510958],
            [12.191762516023445, 63.516928761353924],
            [12.212878328336561, 63.478590558881947],
            [12.192846379322633, 63.459974583549368],
            [12.188626705929469, 63.456040295007021],
            [12.171867884243278, 63.440402873387605],
            [12.140104200282085, 63.410706392395021],
            [12.098380199049863, 63.369676497432586],
            [12.084090095380459, 63.355579631774503],
            [12.060301479463263, 63.336949723866006],
            [12.033833056577262, 63.316257829154715],
            [12.031936575848338, 63.314752279639222],
            [12.017934265994798, 63.303630730448077],
            [11.974582176092191, 63.269225248480097],
            [11.998321295872703, 63.24258232454337],
            [12.024126623339512, 63.214606406764837],
            [12.047143149810392, 63.189306464120413],
            [12.052757179782356, 63.183119542609937],
            [11.930863077781797, 63.194904848835797],
            [11.630774935259623, 63.180689835276269],
            [11.550186110709474, 63.264054213822874],
            [11.454554116421196, 63.326235038152006],
            [11.189135804460735, 63.347895415936669],
            [11.139519667285748, 63.340225695015029],
            [11.042867374249504, 63.340650252125535],
            [10.964646438233824, 63.329430867385774],
            [10.854596828211994, 63.344190496482263],
            [10.851681912140819, 63.352976375403657],
            [10.860238699172973, 63.354817250142439],
            [10.844171134707326, 63.355146516673365],
            [10.861198908655966, 63.380136644524612],
            [10.859674922346466, 63.426964924503359],
            [10.838211699113415, 63.454542495824157],
            [10.774468415679888, 63.455347288003537],
            [10.715081462105521, 63.468639438875485],
            [10.653928004666902, 63.490544133750987],
            [10.550347823381106, 63.495293795402105],
            [10.488582123032216, 63.51659481657493],
            [10.513921835309509, 63.57368802224557],
            [10.716451147126659, 63.655345048749162],
            [10.856468212903515, 63.693277116342529],
            [10.875479510565919, 63.699626478564426],
            [10.845715954054272, 63.718355325892382],
            [10.844480985471257, 63.719876514742396],
            [10.843660398441193, 63.720359778628669],
            [10.843293813917521, 63.720788829154692],
            [10.843078509423824, 63.721118339469619],
            [10.842886592797585, 63.721861109808749],
            [10.842586494591334, 63.722463855440928],
            [10.842460987770455, 63.722786521526267],
            [10.842327922291664, 63.723252969291444],
            [10.842004151943483, 63.724075794552682],
            [10.840955680402528, 63.724396326298177],
            [10.840311125955258, 63.72504493285804],
            [10.838917157610913, 63.725713307247041],
            [10.837912333012849, 63.726180250101024],
            [10.837878650386344, 63.726276804398552],
            [10.837596335802585, 63.727141990873513],
            [10.837414721525308, 63.727750133692645],
            [10.837291702037827, 63.728124194978747],
            [10.837032377514303, 63.728901865836292],
            [10.836990403368819, 63.729116652663173],
            [10.837056516817233, 63.729514701770185],
            [10.837225819644559, 63.730295961960366],
            [10.837397033746548, 63.731445817867176],
            [10.83848477944133, 63.732418760154616],
            [10.839567571276126, 63.733394156070041],
            [10.840500293185615, 63.734151991603802],
            [10.841149860304583, 63.734785863505856],
            [10.841830608800741, 63.735429980912308],
            [10.842275828708662, 63.738017134222297],
            [10.841394643772308, 63.739889748637545],
            [10.839318284037805, 63.744297086722042],
            [10.837613964798196, 63.747975295614644],
            [10.836512695108976, 63.750328633296924],
            [10.836098536087251, 63.751215897263542],
            [10.83587243876342, 63.751826979730986],
            [10.835159350745284, 63.753466320079596],
            [10.834627607276961, 63.754404203693994],
            [10.834265392066817, 63.75517521371561],
            [10.831431448876671, 63.755910925578547],
            [10.83034983770726, 63.756170582999474],
            [10.825537664907436, 63.757334834674715],
            [10.820407239974118, 63.758609431112802],
            [10.81385673155804, 63.760312170860267],
            [10.804788044705653, 63.762362263344471],
            [10.800595636752012, 63.763300083613629],
            [10.797633295667877, 63.763928768732029],
            [10.794009020279203, 63.764599465038167],
            [10.792570619029418, 63.765020396596398],
            [10.789717827118416, 63.766587983249742],
            [10.789525301455262, 63.76669139412077],
            [10.789720520131608, 63.766727842699169],
            [10.789838318665282, 63.766761848543254],
            [10.789886979889873, 63.766797788915312],
            [10.78991740409916, 63.766844342782463],
            [10.790004772647803, 63.766902628653853],
            [10.789998876675673, 63.766936704864897],
            [10.790035146070398, 63.766969945855188],
            [10.79004543305915, 63.767008540108556],
            [10.789938020143223, 63.767064189773443],
            [10.789948486077392, 63.767086608861518],
            [10.790053943148349, 63.767189739647044],
            [10.790013421023021, 63.767246265511567],
            [10.790019670930175, 63.767261549871797],
            [10.790196365524396, 63.767405865026888],
            [10.790190446358087, 63.767423760163602],
            [10.790105266993564, 63.767501903255997],
            [10.790089357428583, 63.76753775433032],
            [10.790059465896991, 63.767750372195515],
            [10.78999878804705, 63.767824916505113],
            [10.789911578360917, 63.767860841244641],
            [10.789775951494123, 63.767853731318041],
            [10.789617849968222, 63.767921023510965],
            [10.789557202884714, 63.767932734649364],
            [10.78948630354712, 63.767930123092576],
            [10.789293560788908, 63.767896083916419],
            [10.789222556532929, 63.767905065122619],
            [10.789196324880725, 63.767925692480652],
            [10.789196381676465, 63.767966145172103],
            [10.789080970070188, 63.768012751176158],
            [10.789004202067133, 63.768026328038637],
            [10.788912927880721, 63.768020064323636],
            [10.788827831705593, 63.768064949461177],
            [10.788726436226693, 63.768080233326415],
            [10.788669679042039, 63.768068596212046],
            [10.788564235670751, 63.768013017238019],
            [10.78851342137995, 63.767999666076804],
            [10.78844659312235, 63.767996993243095],
            [10.788270322509753, 63.768010447363167],
            [10.788158873946006, 63.768048179404573],
            [10.788163126606543, 63.768082282632719],
            [10.788193521149781, 63.768118138966351],
            [10.788122703463285, 63.768155800415414],
            [10.787707163703651, 63.768182933141325],
            [10.787585801841393, 63.76820814969048],
            [10.78745405030199, 63.768256703743553],
            [10.787357001542265, 63.768317688674657],
            [10.787316375953278, 63.768362614927071],
            [10.787249875425694, 63.768474742347948],
            [10.787189175557488, 63.768499035777957],
            [10.787020773796385, 63.768522336934218],
            [10.786889767267539, 63.768738649550762],
            [10.786879621217922, 63.768783478279623],
            [10.786885918702117, 63.768907263041342],
            [10.786839415225955, 63.768994266223999],
            [10.786793365331622, 63.769200658366707],
            [10.786803776737827, 63.769275123210321],
            [10.786858728561436, 63.7694294556686],
            [10.786985108157165, 63.769656351733197],
            [10.78698099768984, 63.769708368497064],
            [10.786924341339294, 63.769795344491087],
            [10.7867668078588, 63.769938968297545],
            [10.78666585914497, 63.770115798700601],
            [10.786659809730967, 63.770221603679175],
            [10.786686521272168, 63.770286207727004],
            [10.786735343461389, 63.770371414272034],
            [10.786806601830808, 63.770468243671196],
            [10.787288154406628, 63.771035876201552],
            [10.787332891345839, 63.77113894127465],
            [10.787377881266403, 63.771279768064758],
            [10.787414895790151, 63.771475375100813],
            [10.787399040434238, 63.771596534409959],
            [10.787338424047284, 63.771708654275329],
            [10.787322568196405, 63.771829813569902],
            [10.787296192820861, 63.771888100937105],
            [10.787154841103924, 63.772112381555914],
            [10.78705771759002, 63.772188735805884],
            [10.786982679050913, 63.772224655477544],
            [10.786763937969207, 63.772248911869617],
            [10.786672761681363, 63.772275909684531],
            [10.78652092075251, 63.77234050573221],
            [10.786302076800105, 63.772400804877897],
            [10.786145928529013, 63.772399024649715],
            [10.78575473934206, 63.772360615392444],
            [10.785679589287561, 63.772374148210488],
            [10.785598608147, 63.772414477846709],
            [10.785527827377352, 63.772492590540864],
            [10.78551781813943, 63.772541917813413],
            [10.78553263720659, 63.772755483834061],
            [10.785512304036917, 63.772786890400113],
            [10.78546173424956, 63.773387863403066],
            [10.785370495391559, 63.773914295385971],
            [10.785025043746822, 63.774356883208064],
            [10.784390157544717, 63.774721516377753],
            [10.783408643302387, 63.775086341172589],
            [10.782428386357012, 63.775347461711974],
            [10.77973590128814, 63.775715746311185],
            [10.77710456241892, 63.775882708191155],
            [10.774972916966879, 63.775968630554736],
            [10.772351296857646, 63.77595510815592],
            [10.769853257467837, 63.775832800517904],
            [10.767569029464918, 63.775697852329863],
            [10.765204213016226, 63.775509799329868],
            [10.762529111795367, 63.775251993854184],
            [10.759575882829026, 63.774872866731627],
            [10.757218917721787, 63.774472582733878],
            [10.754837274098053, 63.77412465863744],
            [10.752511534061448, 63.773725574298865],
            [10.750370151770134, 63.773399039600051],
            [10.749086721167687, 63.773236854482313],
            [10.747332048314822, 63.773015082334972],
            [10.745721165753462, 63.772843560064366],
            [10.743350864203986, 63.772671248553408],
            [10.741145123573679, 63.772500346053221],
            [10.738626664889455, 63.772157989633314],
            [10.736051925612839, 63.771731398527756],
            [10.733521302950047, 63.771249971601371],
            [10.731422681721261, 63.770864811818129],
            [10.728808602871036, 63.770604215886245],
            [10.726167897464361, 63.770484816611408],
            [10.724180154943983, 63.770525706950863],
            [10.722682790282121, 63.770784834761649],
            [10.721930664048699, 63.771246501259917],
            [10.721823670518292, 63.771887788041539],
            [10.722261757182309, 63.772664103017128],
            [10.723269677535582, 63.77340177691427],
            [10.724451369268174, 63.774097763779096],
            [10.726129413252808, 63.774818082929826],
            [10.727196338575347, 63.775560352156475],
            [10.727439326691355, 63.77633967057735],
            [10.727105634274777, 63.777295163341336],
            [10.726366826921577, 63.778055793312632],
            [10.725234719838447, 63.778770053257993],
            [10.723885080427117, 63.779321162022519],
            [10.722052577355136, 63.779778546780953],
            [10.717550719889529, 63.780648245862636],
            [10.713199682154899, 63.781478337786695],
            [10.71314433775999, 63.781473455093902],
            [10.712740801070803, 63.781558717860321],
            [10.711376121276023, 63.781886776173828],
            [10.70993903524813, 63.782244400266769],
            [10.708936829030272, 63.782484340922487],
            [10.707682782631304, 63.782784556204362],
            [10.706500284287241, 63.783044461493297],
            [10.705607746691371, 63.783240451713461],
            [10.704196974976071, 63.783636472765195],
            [10.702699137629343, 63.784056763940228],
            [10.70159701637774, 63.784533972495574],
            [10.700697609933357, 63.784839763651675],
            [10.699774766307145, 63.785153840034916],
            [10.698903707961247, 63.785470715060463],
            [10.697984010006373, 63.785805191615573],
            [10.696440269315083, 63.786350358374222],
            [10.694841097728414, 63.786667131835749],
            [10.693858110285946, 63.786861790068514],
            [10.692894798607231, 63.787052624918665],
            [10.691798397648197, 63.787269681003245],
            [10.690290096975543, 63.787568356165295],
            [10.689181264191264, 63.787789336601648],
            [10.687593547343393, 63.788105836513679],
            [10.684382970563533, 63.788745914730107],
            [10.682958299527247, 63.789029670347794],
            [10.680064977706758, 63.789606341244827],
            [10.677495951184529, 63.790118156407793],
            [10.676641887656722, 63.790288340639044],
            [10.673637176625556, 63.790886988574989],
            [10.672758539887946, 63.791061987003566],
            [10.670215238048982, 63.79156860717567],
            [10.667877560720441, 63.794921746625064],
            [10.667768131766101, 63.795082075389011],
            [10.659033622864666, 63.793269330951446],
            [10.654714780674317, 63.801861540822124],
            [10.652309410218628, 63.803961657378657],
            [10.650640012974629, 63.805420025401418],
            [10.649939319873541, 63.806218154968462],
            [10.649840306949534, 63.806331140069283],
            [10.649178983732881, 63.807084784960281],
            [10.64846417713615, 63.807898665517463],
            [10.647860556313875, 63.808586441633921],
            [10.646744923884574, 63.80984779233448],
            [10.643774800002962, 63.811506680760935],
            [10.641806603744003, 63.811905710625389],
            [10.64008313367037, 63.811952327394906],
            [10.640486141423446, 63.812944618385067],
            [10.636524070765768, 63.816077623583553],
            [10.623185058947945, 63.811990747954916],
            [10.61870661323626, 63.814242134769074],
            [10.61853701306044, 63.814347473305432],
            [10.614933376923039, 63.816587124149152],
            [10.612409480731658, 63.818114156295493],
            [10.610936597964745, 63.819937542997124],
            [10.598355203080896, 63.835503141545004],
            [10.598013143620511, 63.835906358145117],
            [10.598011612886516, 63.835931754456986],
            [10.597506459932347, 63.843897627803521],
            [10.578491988200557, 63.83446520712284],
            [10.555256709087686, 63.822943950565502],
            [10.550126257784759, 63.820400501240954],
            [10.535189004571087, 63.812991665940046],
            [10.526527944507748, 63.808702278664661],
            [10.514069511118961, 63.802511170458999],
            [10.505804805673041, 63.798402381749234],
            [10.501217482399516, 63.796106784521619],
            [10.495055711794347, 63.793053846537987],
            [10.488574051803084, 63.789829114829537],
            [10.474455538145181, 63.782800116519944],
            [10.467501301150447, 63.779352402973196],
            [10.466782341247576, 63.778992780619333],
            [10.458981632595592, 63.775092489188175],
            [10.451268953094338, 63.771241349210719],
            [10.523415615065975, 63.84286274223156],
            [10.571798523112522, 63.869661341371824],
            [10.611405215468919, 63.907986554642896],
            [10.711536633581197, 63.940505829061223],
            [10.770311746136416, 63.984653564452749],
            [10.783936661212781, 64.003585268370443],
            [10.758227533032825, 64.022153950798995],
            [10.76375886052408, 64.028833629559756],
            [10.815263508206661, 64.055104076783351],
            [10.822895623125575, 64.065002800468847],
            [10.818567664442712, 64.081611498773626],
            [10.830156469988744, 64.089784973198604],
            [10.880380488548196, 64.097883508183145],
            [10.866989922673735, 64.112710658856983],
            [10.786000650676895, 64.114350572971105],
            [10.740794569291031, 64.177060372171567],
            [10.733129137963457, 64.176396198024193],
            [10.719646420274813, 64.175226830303046],
            [10.717361400566828, 64.175028420191907],
            [10.712989295242204, 64.174648912287722],
            [10.694740687667707, 64.173062933700521],
            [10.690045938727781, 64.17265457685194],
            [10.589119126716485, 64.163660451489449],
            [10.585941106500144, 64.163697915465704],
            [10.589058629328825, 64.167403552697962],
            [10.592161738142515, 64.171090865903125],
            [10.594459083543292, 64.176550615749917],
            [10.59704143128171, 64.182684562207612],
            [10.598743040723789, 64.186724608224893],
            [10.600438249001451, 64.190749504821468],
            [10.601203052778606, 64.193162204955073],
            [10.585663382831342, 64.197214970187034],
            [10.580134310471113, 64.198656129496257],
            [10.553033303162321, 64.207063785566163],
            [10.541808511710997, 64.21054330864753],
            [10.539147302320464, 64.211433077557359],
            [10.519862912336192, 64.217708658294555],
            [10.514195860158562, 64.219809296726794],
            [10.513809073396997, 64.21996633630458],
            [10.513747113748263, 64.219977916383883],
            [10.503620537609329, 64.223754649989431],
            [10.49999961307142, 64.225104808194956],
            [10.49661513162361, 64.226366611397722],
            [10.49639427350564, 64.226440710635345],
            [10.494784464608211, 64.226866616229387],
            [10.492307935821614, 64.227514771746669],
            [10.488053696181787, 64.228628487147176],
            [10.484999954001603, 64.229432286903005],
            [10.481817643530439, 64.230263333384244],
            [10.478609194984021, 64.231102675666094],
            [10.475078563330536, 64.232038862676092],
            [10.475004411520516, 64.232065334112193],
            [10.474752867251807, 64.232123076076633],
            [10.474516537992239, 64.232203947523232],
            [10.473399848985823, 64.232477695036181],
            [10.472949376047737, 64.232604786625515],
            [10.47199792865457, 64.232840584631447],
            [10.471301786019959, 64.233028468131934],
            [10.470899862034484, 64.233111295796419],
            [10.469139749557716, 64.233568234641609],
            [10.468882575007131, 64.233650068562781],
            [10.46878209004287, 64.233669515109341],
            [10.464587149092772, 64.234786140949041],
            [10.460321885186184, 64.235902353829445],
            [10.459392474321641, 64.23614721245427],
            [10.456886106488504, 64.236807903305234],
            [10.453351790682689, 64.237747080760343],
            [10.451257856273154, 64.238294026632872],
            [10.448294971397466, 64.239071978004972],
            [10.445700584825541, 64.239744309086404],
            [10.44365076034827, 64.240283718330772],
            [10.44102409154539, 64.24097492443758],
            [10.439303133755955, 64.241423668937472],
            [10.437556592911328, 64.241878068292579],
            [10.435683544451331, 64.242372368905848],
            [10.434784652592777, 64.242608594765727],
            [10.43261476483084, 64.243172785132217],
            [10.431342307374067, 64.243506992762164],
            [10.431235220965807, 64.243542213132002],
            [10.429911927687511, 64.243879942380858],
            [10.42793453554212, 64.244402352064839],
            [10.426813793251812, 64.244693262001974],
            [10.424911809151888, 64.24517142062966],
            [10.411516008716292, 64.247044355206583],
            [10.411454026083366, 64.247052926297584],
            [10.408039818722507, 64.248704746525817],
            [10.406207320513026, 64.249591378255246],
            [10.405275786853474, 64.250018199985448],
            [10.403932016883431, 64.250662491537057],
            [10.403766515200338, 64.250740272600396],
            [10.401803853074197, 64.251666995217704],
            [10.394618582515065, 64.255093965003496],
            [10.39438511157633, 64.255233074046387],
            [10.392534875856258, 64.256334529294065],
            [10.391265091958648, 64.257099117128305],
            [10.389300892106476, 64.258280922598786],
            [10.389296801255146, 64.25828313125109],
            [10.387287207194582, 64.259479395278163],
            [10.386270537989317, 64.260130824717109],
            [10.384974053394066, 64.260836524454405],
            [10.387341480696684, 64.26104767407783],
            [10.387629399097404, 64.261081949549592],
            [10.387741811231928, 64.261103485356614],
            [10.388056308344467, 64.261139588902509],
            [10.388174040196578, 64.261140431322175],
            [10.390814898112065, 64.261423374798468],
            [10.396442988182638, 64.262034836910061],
            [10.404890629584472, 64.262935734827778],
            [10.405904089280046, 64.263051796160013],
            [10.406661745452626, 64.263345480229546],
            [10.407998000095709, 64.264108116096835],
            [10.398036638801077, 64.270349255927172],
            [10.393570773190493, 64.272959022558695],
            [10.39116529276026, 64.274386999373533],
            [10.38875875360787, 64.275913819429206],
            [10.38552989718483, 64.277794081210502],
            [10.384851047634006, 64.278635759552245],
            [10.383668344631742, 64.280474536108457],
            [10.381975627413233, 64.282708201262366],
            [10.380902833315249, 64.284015959772233],
            [10.379567959016603, 64.285751890432451],
            [10.362084981237471, 64.288490692701799],
            [10.362162723740973, 64.294664499121879],
            [10.362265550773389, 64.298643419740401],
            [10.343470973924237, 64.301060830712686],
            [10.314233704987615, 64.281219921137406],
            [10.309288592416891, 64.277859033506871],
            [10.274802797007824, 64.273496609627699],
            [10.182225910310079, 64.291236130139964],
            [10.088586369449395, 64.337679102104957],
            [10.051624225709794, 64.355951533475732],
            [9.700151466057125, 64.395921095358332]
          ]
        ]
      }
    }
  ]
}
